course_id,course_name,institution,institution_id,county,ownership,level,cluster,min_grade,open_entry,duration_months,tuition_kes,fee_basis,verification_note
c466,Artisan Certificate in Electrical Wireman,Baringo Technical College,baringo_tech,Baringo,public,artisan,maker,,yes,12,67189,derived,"Programme named in Baringo Technical College's published artisan course list. The college states that entry to the artisan level is open on a KCPE certificate alone, so no KCSE mean grade is recorded rather than a grade being inferred - a learner with any KCSE result, or none, meets the published bar. Artisan courses are stated to run one year. Fee derived from the government's consolidated annual public-TVET fee of Ksh 67,189 (effective May 2026). Artisan fees vary more than diploma fees and published per-institution figures conflict, so treat this as an order of magnitude and confirm with the registrar."
c464,Artisan Certificate in Garment Making,Baringo Technical College,baringo_tech,Baringo,public,artisan,creator,,yes,12,67189,derived,"Programme named in Baringo Technical College's published artisan course list. The college states that entry to the artisan level is open on a KCPE certificate alone, so no KCSE mean grade is recorded rather than a grade being inferred - a learner with any KCSE result, or none, meets the published bar. Artisan courses are stated to run one year. Fee derived from the government's consolidated annual public-TVET fee of Ksh 67,189 (effective May 2026). Artisan fees vary more than diploma fees and published per-institution figures conflict, so treat this as an order of magnitude and confirm with the registrar."
c462,Artisan Certificate in Masonry,Baringo Technical College,baringo_tech,Baringo,public,artisan,maker,,yes,12,67189,derived,"Programme named in Baringo Technical College's published artisan course list. The college states that entry to the artisan level is open on a KCPE certificate alone, so no KCSE mean grade is recorded rather than a grade being inferred - a learner with any KCSE result, or none, meets the published bar. Artisan courses are stated to run one year. Fee derived from the government's consolidated annual public-TVET fee of Ksh 67,189 (effective May 2026). Artisan fees vary more than diploma fees and published per-institution figures conflict, so treat this as an order of magnitude and confirm with the registrar."
c463,Artisan Certificate in Motor Vehicle Mechanics,Baringo Technical College,baringo_tech,Baringo,public,artisan,maker,,yes,12,67189,derived,"Programme named in Baringo Technical College's published artisan course list. The college states that entry to the artisan level is open on a KCPE certificate alone, so no KCSE mean grade is recorded rather than a grade being inferred - a learner with any KCSE result, or none, meets the published bar. Artisan courses are stated to run one year. Fee derived from the government's consolidated annual public-TVET fee of Ksh 67,189 (effective May 2026). Artisan fees vary more than diploma fees and published per-institution figures conflict, so treat this as an order of magnitude and confirm with the registrar."
c461,Artisan Certificate in Plumbing,Baringo Technical College,baringo_tech,Baringo,public,artisan,maker,,yes,12,67189,derived,"Programme named in Baringo Technical College's published artisan course list. The college states that entry to the artisan level is open on a KCPE certificate alone, so no KCSE mean grade is recorded rather than a grade being inferred - a learner with any KCSE result, or none, meets the published bar. Artisan courses are stated to run one year. Fee derived from the government's consolidated annual public-TVET fee of Ksh 67,189 (effective May 2026). Artisan fees vary more than diploma fees and published per-institution figures conflict, so treat this as an order of magnitude and confirm with the registrar."
c465,Artisan Certificate in Welding and Fabrication,Baringo Technical College,baringo_tech,Baringo,public,artisan,maker,,yes,12,67189,derived,"Programme named in Baringo Technical College's published artisan course list. The college states that entry to the artisan level is open on a KCPE certificate alone, so no KCSE mean grade is recorded rather than a grade being inferred - a learner with any KCSE result, or none, meets the published bar. Artisan courses are stated to run one year. Fee derived from the government's consolidated annual public-TVET fee of Ksh 67,189 (effective May 2026). Artisan fees vary more than diploma fees and published per-institution figures conflict, so treat this as an order of magnitude and confirm with the registrar."
c099,Certificate in Community Health Assistant,Kenya Medical Training College (KMTC) — Kabarnet Campus,kmtc_baringo,Baringo,public,certificate,carer,C-,no,24,160200,derived,"KMTC publishes one national fee structure across all campuses, so this figure does not depend on which campus you attend: Ksh 82,200 in Year 1 and Ksh 78,000 in each subsequent year for regular Kenyan students, 2025/26 structure (kmtc.ac.ke, cross-reported by Tuko, EduGuide and Education News Hub, August 2026). Totals here are that schedule multiplied out by course length. Tuition only — accommodation, meals and skills-lab charges are extra and vary by campus. A non-refundable Ksh 1,500 application fee applies. Confirm with the campus before paying. Entry was previously recorded here as a D+ mean grade. That was wrong, and the error is worth naming: D+ is the BIOLOGY SUBJECT requirement for this award, not the mean grade, and it had been written into the mean-grade field. KMTC publishes a minimum KCSE mean grade of C- for every certificate programme, with the cluster-subject requirement on top - for this course a D+ in Biology or Biological Sciences and a D in one of Mathematics, Chemistry, Physics or Physical Sciences. So the C- is needed overall AND the subject grades on top. The duration and the fee moved with it: the certificate runs two years rather than one, so the national schedule multiplies out to Ksh 160,200 instead of Ksh 82,200."
c098,Diploma in Kenya Registered Community Health Nursing (KRCHN),Kenya Medical Training College (KMTC) — Kabarnet Campus,kmtc_baringo,Baringo,public,diploma,carer,C+,no,36,238200,derived,"KMTC publishes one national fee structure across all campuses, so this figure does not depend on which campus you attend: Ksh 82,200 in Year 1 and Ksh 78,000 in each subsequent year for regular Kenyan students, 2025/26 structure (kmtc.ac.ke, cross-reported by Tuko, EduGuide and Education News Hub, August 2026). Totals here are that schedule multiplied out by course length. Tuition only — accommodation, meals and skills-lab charges are extra and vary by campus. A non-refundable Ksh 1,500 application fee applies. Confirm with the campus before paying."
c109,Certificate in Community Health Assistant,Kenya Medical Training College (KMTC) — Bomet Campus,kmtc_bomet,Bomet,public,certificate,carer,C-,no,24,160200,derived,"KMTC publishes one national fee structure across all campuses, so this figure does not depend on which campus you attend: Ksh 82,200 in Year 1 and Ksh 78,000 in each subsequent year for regular Kenyan students, 2025/26 structure (kmtc.ac.ke, cross-reported by Tuko, EduGuide and Education News Hub, August 2026). Totals here are that schedule multiplied out by course length. Tuition only — accommodation, meals and skills-lab charges are extra and vary by campus. A non-refundable Ksh 1,500 application fee applies. Confirm with the campus before paying. Entry was previously recorded here as a D+ mean grade. That was wrong, and the error is worth naming: D+ is the BIOLOGY SUBJECT requirement for this award, not the mean grade, and it had been written into the mean-grade field. KMTC publishes a minimum KCSE mean grade of C- for every certificate programme, with the cluster-subject requirement on top - for this course a D+ in Biology or Biological Sciences and a D in one of Mathematics, Chemistry, Physics or Physical Sciences. So the C- is needed overall AND the subject grades on top. The duration and the fee moved with it: the certificate runs two years rather than one, so the national schedule multiplies out to Ksh 160,200 instead of Ksh 82,200."
c108,Diploma in Kenya Registered Community Health Nursing (KRCHN),Kenya Medical Training College (KMTC) — Bomet Campus,kmtc_bomet,Bomet,public,diploma,carer,C+,no,36,238200,derived,"KMTC publishes one national fee structure across all campuses, so this figure does not depend on which campus you attend: Ksh 82,200 in Year 1 and Ksh 78,000 in each subsequent year for regular Kenyan students, 2025/26 structure (kmtc.ac.ke, cross-reported by Tuko, EduGuide and Education News Hub, August 2026). Totals here are that schedule multiplied out by course length. Tuition only — accommodation, meals and skills-lab charges are extra and vary by campus. A non-refundable Ksh 1,500 application fee applies. Confirm with the campus before paying."
c489,Artisan Certificate in Electrical Installation,Konoin Technical Training Institute,konoin_tti,Bomet,public,artisan,maker,,yes,12,67189,derived,"Konoin Technical Training Institute is a public TVET institution in Konoin Sub-County, Bomet County, registered and accredited by TVETA under the TVET Act No. 29 of 2013. The institute publishes its entry ladder as ""C- and above for all Diploma Courses; D plain and above for Certificate; other course categories are open"" - so artisan is stated as open entry, which is why no minimum grade is recorded here. Programme named in the institute's course listing, which reports 55 programmes for the 2025/2026 cycle; only the courses a source actually names are listed, so Konoin runs more than appears here. Fee derived from the government's consolidated annual public-TVET fee of Ksh 67,189 (effective May 2026), not quoted by the institute for this course - confirm with the registrar."
c488,Artisan in Fashion Design and Garment Making,Konoin Technical Training Institute,konoin_tti,Bomet,public,artisan,creator,,yes,12,67189,derived,"Konoin Technical Training Institute is a public TVET institution in Konoin Sub-County, Bomet County, registered and accredited by TVETA under the TVET Act No. 29 of 2013. The institute publishes its entry ladder as ""C- and above for all Diploma Courses; D plain and above for Certificate; other course categories are open"" - so artisan is stated as open entry, which is why no minimum grade is recorded here. Programme named in the institute's course listing, which reports 55 programmes for the 2025/2026 cycle; only the courses a source actually names are listed, so Konoin runs more than appears here. Fee derived from the government's consolidated annual public-TVET fee of Ksh 67,189 (effective May 2026), not quoted by the institute for this course - confirm with the registrar."
c490,Certificate in Electrical Installation,Konoin Technical Training Institute,konoin_tti,Bomet,public,certificate,maker,D,no,24,67189,derived,"Konoin Technical Training Institute publishes its entry ladder as ""C- and above for all Diploma Courses; D plain and above for Certificate; other course categories are open"", and separately states that an artisan certificate is accepted as an alternative entry qualification for certificate courses - so a learner below D plain can still reach this through the artisan tier. Programme named in the institute's course listing. Fee derived from the government's consolidated annual public-TVET fee of Ksh 67,189 (effective May 2026), not quoted by the institute for this course - confirm with the registrar."
c493,Diploma in Community Development and Social Work,Konoin Technical Training Institute,konoin_tti,Bomet,public,diploma,people,C-,no,36,67189,derived,"Konoin Technical Training Institute publishes its entry ladder as ""C- and above for all Diploma Courses; D plain and above for Certificate; other course categories are open"". Programme named in the institute's course listing, which reports 55 programmes for the 2025/2026 cycle. Fee derived from the government's consolidated annual public-TVET fee of Ksh 67,189 (effective May 2026), not quoted by the institute for this course - confirm with the registrar."
c491,Diploma in Electrical and Electronics Engineering,Konoin Technical Training Institute,konoin_tti,Bomet,public,diploma,maker,C-,no,36,67189,derived,"Konoin Technical Training Institute publishes its entry ladder as ""C- and above for all Diploma Courses; D plain and above for Certificate; other course categories are open"". Programme named in the institute's course listing, which reports 55 programmes for the 2025/2026 cycle. Fee derived from the government's consolidated annual public-TVET fee of Ksh 67,189 (effective May 2026), not quoted by the institute for this course - confirm with the registrar."
c492,Diploma in Fashion and Design,Konoin Technical Training Institute,konoin_tti,Bomet,public,diploma,creator,C-,no,36,67189,derived,"Konoin Technical Training Institute publishes its entry ladder as ""C- and above for all Diploma Courses; D plain and above for Certificate; other course categories are open"". Programme named in the institute's course listing, which reports 55 programmes for the 2025/2026 cycle. Fee derived from the government's consolidated annual public-TVET fee of Ksh 67,189 (effective May 2026), not quoted by the institute for this course - confirm with the registrar."
c486,Artisan in Automotive Engineering,Bungoma National Polytechnic,bungoma_poly,Bungoma,public,artisan,maker,E,no,12,67189,derived,"Programme named in Bungoma National Polytechnic's published course list, where the Building and Civil Engineering department is stated to run diploma, craft and artisan levels. The polytechnic publishes the minimum for Level 4 (artisan) as an E grade, so E is recorded from the institution's own statement rather than inferred. The polytechnic runs more artisan programmes than the one listed here; only the programme a reachable source actually names is recorded. Fee derived from the government's consolidated annual public-TVET fee of Ksh 67,189 (effective May 2026). Artisan fees vary more than diploma fees and published per-institution figures conflict, so treat this as an order of magnitude and confirm with the registrar."
c125,Certificate in Community Health Assistant,Kenya Medical Training College (KMTC) — Bungoma Campus,kmtc_bungoma,Bungoma,public,certificate,carer,C-,no,24,160200,derived,"KMTC publishes one national fee structure across all campuses, so this figure does not depend on which campus you attend: Ksh 82,200 in Year 1 and Ksh 78,000 in each subsequent year for regular Kenyan students, 2025/26 structure (kmtc.ac.ke, cross-reported by Tuko, EduGuide and Education News Hub, August 2026). Totals here are that schedule multiplied out by course length. Tuition only — accommodation, meals and skills-lab charges are extra and vary by campus. A non-refundable Ksh 1,500 application fee applies. Confirm with the campus before paying. Entry was previously recorded here as a D+ mean grade. That was wrong, and the error is worth naming: D+ is the BIOLOGY SUBJECT requirement for this award, not the mean grade, and it had been written into the mean-grade field. KMTC publishes a minimum KCSE mean grade of C- for every certificate programme, with the cluster-subject requirement on top - for this course a D+ in Biology or Biological Sciences and a D in one of Mathematics, Chemistry, Physics or Physical Sciences. So the C- is needed overall AND the subject grades on top. The duration and the fee moved with it: the certificate runs two years rather than one, so the national schedule multiplies out to Ksh 160,200 instead of Ksh 82,200."
c892,Diploma in Clinical Medicine and Surgery,Kenya Medical Training College (KMTC) — Bungoma Campus,kmtc_bungoma,Bungoma,public,diploma,carer,C,no,36,238200,illustrative,"KMTC Bungoma Campus opened in 2011 next to Bungoma County Referral Hospital, as part of the college’s expansion into western Kenya, and holds over 400 students. KMTC runs more than 126 programmes nationally but not every campus runs every one, so a national list is not evidence that a course is taught at this campus. The campus listing names what it currently teaches and separately says plans are underway to mount a Certificate in Medical Engineering and a Diploma in Orthopaedic Technology - those two are NOT recorded here, because a planned course is not a course. KMTC publishes a minimum KCSE mean grade of C plain for its diploma programmes, with cluster subjects in English or Kiswahili, Biology or Biological Sciences, and Mathematics, Chemistry or Physics. Diploma courses run three years, except Community Health Nursing which runs three and a half. KMTC publishes one national fee structure across all campuses: Ksh 82,200 in Year 1 and Ksh 78,000 in each subsequent year for regular Kenyan students, 2025/26 structure. Total here is that schedule multiplied out by course length. Tuition only - accommodation, meals and skills-lab charges are extra and vary by campus. A non-refundable Ksh 1,500 application fee applies. Confirm with the campus before paying."
c124,Diploma in Kenya Registered Community Health Nursing (KRCHN),Kenya Medical Training College (KMTC) — Bungoma Campus,kmtc_bungoma,Bungoma,public,diploma,carer,C+,no,36,238200,derived,"KMTC publishes one national fee structure across all campuses, so this figure does not depend on which campus you attend: Ksh 82,200 in Year 1 and Ksh 78,000 in each subsequent year for regular Kenyan students, 2025/26 structure (kmtc.ac.ke, cross-reported by Tuko, EduGuide and Education News Hub, August 2026). Totals here are that schedule multiplied out by course length. Tuition only — accommodation, meals and skills-lab charges are extra and vary by campus. A non-refundable Ksh 1,500 application fee applies. Confirm with the campus before paying."
c467,Artisan in Motor Vehicle Mechanics,Bumbe Technical Training Institute,bumbe_tti,Busia,public,artisan,maker,,yes,12,67189,derived,"Programme named in Bumbe Technical Training Institute's published course list, examined by KNEC. The institute publishes its entry bars as C- and above for diploma and D plain and above for certificate, ""while other course categories are open"" - artisan being the remaining category, so no KCSE mean grade is recorded. Fee derived from the government's consolidated annual public-TVET fee of Ksh 67,189 (effective May 2026). Artisan fees vary more than diploma fees and published per-institution figures conflict, so treat this as an order of magnitude and confirm with the registrar."
c468,Artisan in Plumbing,Bumbe Technical Training Institute,bumbe_tti,Busia,public,artisan,maker,,yes,12,67189,derived,"Programme named in Bumbe Technical Training Institute's published course list, examined by KNEC. The institute publishes its entry bars as C- and above for diploma and D plain and above for certificate, ""while other course categories are open"" - artisan being the remaining category, so no KCSE mean grade is recorded. Fee derived from the government's consolidated annual public-TVET fee of Ksh 67,189 (effective May 2026). Artisan fees vary more than diploma fees and published per-institution figures conflict, so treat this as an order of magnitude and confirm with the registrar."
c127,Certificate in Community Health Assistant,Kenya Medical Training College (KMTC) — Busia Campus,kmtc_busia,Busia,public,certificate,carer,C-,no,24,160200,derived,"KMTC publishes one national fee structure across all campuses, so this figure does not depend on which campus you attend: Ksh 82,200 in Year 1 and Ksh 78,000 in each subsequent year for regular Kenyan students, 2025/26 structure (kmtc.ac.ke, cross-reported by Tuko, EduGuide and Education News Hub, August 2026). Totals here are that schedule multiplied out by course length. Tuition only — accommodation, meals and skills-lab charges are extra and vary by campus. A non-refundable Ksh 1,500 application fee applies. Confirm with the campus before paying. Entry was previously recorded here as a D+ mean grade. That was wrong, and the error is worth naming: D+ is the BIOLOGY SUBJECT requirement for this award, not the mean grade, and it had been written into the mean-grade field. KMTC publishes a minimum KCSE mean grade of C- for every certificate programme, with the cluster-subject requirement on top - for this course a D+ in Biology or Biological Sciences and a D in one of Mathematics, Chemistry, Physics or Physical Sciences. So the C- is needed overall AND the subject grades on top. The duration and the fee moved with it: the certificate runs two years rather than one, so the national schedule multiplies out to Ksh 160,200 instead of Ksh 82,200."
c891,Diploma in Clinical Medicine and Surgery,Kenya Medical Training College (KMTC) — Busia Campus,kmtc_busia,Busia,public,diploma,carer,C,no,36,238200,illustrative,"KMTC Busia Campus is in Matayos, 500 metres from the Kenya-Uganda border and next to Busia County Referral Hospital, which is its clinical training site. It was commissioned in 2005, accredited by the Clinical Officers Council in November 2016 and by the Nursing Council of Kenya in March 2017, and holds over 397 students. KMTC runs more than 126 programmes nationally but not every campus runs every one, so a national list is not evidence that a course is taught at this campus. The campus listing states plainly that it runs two diploma courses and names them, and separately names the courses it hopes to add - only the two current ones are recorded here. KMTC publishes a minimum KCSE mean grade of C plain for its diploma programmes, with cluster subjects in English or Kiswahili, Biology or Biological Sciences, and Mathematics, Chemistry or Physics. Diploma courses run three years, except Community Health Nursing which runs three and a half. KMTC publishes one national fee structure across all campuses: Ksh 82,200 in Year 1 and Ksh 78,000 in each subsequent year for regular Kenyan students, 2025/26 structure. Total here is that schedule multiplied out by course length. Tuition only - accommodation, meals and skills-lab charges are extra and vary by campus. A non-refundable Ksh 1,500 application fee applies. Confirm with the campus before paying."
c126,Diploma in Kenya Registered Community Health Nursing (KRCHN),Kenya Medical Training College (KMTC) — Busia Campus,kmtc_busia,Busia,public,diploma,carer,C+,no,36,238200,derived,"KMTC publishes one national fee structure across all campuses, so this figure does not depend on which campus you attend: Ksh 82,200 in Year 1 and Ksh 78,000 in each subsequent year for regular Kenyan students, 2025/26 structure (kmtc.ac.ke, cross-reported by Tuko, EduGuide and Education News Hub, August 2026). Totals here are that schedule multiplied out by course length. Tuition only — accommodation, meals and skills-lab charges are extra and vary by campus. A non-refundable Ksh 1,500 application fee applies. Confirm with the campus before paying."
c151,Certificate in Community Health Assistant,Kenya Medical Training College (KMTC) — Iten Campus,kmtc_marakwet,Elgeyo-Marakwet,public,certificate,carer,C-,no,24,160200,derived,"KMTC publishes one national fee structure across all campuses, so this figure does not depend on which campus you attend: Ksh 82,200 in Year 1 and Ksh 78,000 in each subsequent year for regular Kenyan students, 2025/26 structure (kmtc.ac.ke, cross-reported by Tuko, EduGuide and Education News Hub, August 2026). Totals here are that schedule multiplied out by course length. Tuition only — accommodation, meals and skills-lab charges are extra and vary by campus. A non-refundable Ksh 1,500 application fee applies. Confirm with the campus before paying. Entry was previously recorded here as a D+ mean grade. That was wrong, and the error is worth naming: D+ is the BIOLOGY SUBJECT requirement for this award, not the mean grade, and it had been written into the mean-grade field. KMTC publishes a minimum KCSE mean grade of C- for every certificate programme, with the cluster-subject requirement on top - for this course a D+ in Biology or Biological Sciences and a D in one of Mathematics, Chemistry, Physics or Physical Sciences. So the C- is needed overall AND the subject grades on top. The duration and the fee moved with it: the certificate runs two years rather than one, so the national schedule multiplies out to Ksh 160,200 instead of Ksh 82,200."
c890,Diploma in Clinical Medicine and Surgery,Kenya Medical Training College (KMTC) — Iten Campus,kmtc_marakwet,Elgeyo-Marakwet,public,diploma,carer,C,no,36,238200,illustrative,"KMTC Iten Campus opened in October 2016, founded jointly by the Elgeyo Marakwet county government and KMTC, and sits beside Iten County Referral Hospital which is its clinical training site. It holds a student population of a little over 226. KMTC runs more than 126 programmes nationally but not every campus runs every one, so a national list is not evidence that a course is taught at this campus. Two independent sources name this programme as currently offered at Iten; a longer list circulating for the campus is the national catalogue, and a campus of this size does not run eighteen programmes. KMTC publishes a minimum KCSE mean grade of C plain for its diploma programmes, with cluster subjects in English or Kiswahili, Biology or Biological Sciences, and Mathematics, Chemistry or Physics. Diploma courses run three years, except Community Health Nursing which runs three and a half. KMTC publishes one national fee structure across all campuses: Ksh 82,200 in Year 1 and Ksh 78,000 in each subsequent year for regular Kenyan students, 2025/26 structure. Total here is that schedule multiplied out by course length. Tuition only - accommodation, meals and skills-lab charges are extra and vary by campus. A non-refundable Ksh 1,500 application fee applies. Confirm with the campus before paying."
c150,Diploma in Kenya Registered Community Health Nursing (KRCHN),Kenya Medical Training College (KMTC) — Iten Campus,kmtc_marakwet,Elgeyo-Marakwet,public,diploma,carer,C+,no,36,238200,derived,"KMTC publishes one national fee structure across all campuses, so this figure does not depend on which campus you attend: Ksh 82,200 in Year 1 and Ksh 78,000 in each subsequent year for regular Kenyan students, 2025/26 structure (kmtc.ac.ke, cross-reported by Tuko, EduGuide and Education News Hub, August 2026). Totals here are that schedule multiplied out by course length. Tuition only — accommodation, meals and skills-lab charges are extra and vary by campus. A non-refundable Ksh 1,500 application fee applies. Confirm with the campus before paying."
c256,Diploma in Primary Teacher Education,Tambach Teachers Training College,tambach_ttc,Elgeyo-Marakwet,public,diploma,carer,C,no,36,201567,derived,"Entry grade and structure from KUCCPS and TSC: the P1 certificate has been phased out and the Diploma in Primary Teacher Education is now the minimum qualification TSC will register, entered on a KCSE mean grade of C plain over three years at one of 33 public teacher training colleges, with placement through KUCCPS and assessment by KNEC. Fee derived from the Ksh 67,189 first-year figure published for KUCCPS-placed students at public TTCs - the same government consolidated rate used across public TVET - scaled to three years; one college separately quotes about Ksh 205,000 for the full course inclusive of admission, practicum and KNEC assessment, which agrees within two per cent. Outcome figures are null rather than estimated: with roughly 369,000 registered teachers unemployed, any employment rate Njia invented here would be actively misleading. Confirm fees with the college."
c101,Certificate in Community Health Assistant,Kenya Medical Training College (KMTC) — Embu Campus,kmtc_embu,Embu,public,certificate,carer,C-,no,24,160200,derived,"KMTC publishes one national fee structure across all campuses, so this figure does not depend on which campus you attend: Ksh 82,200 in Year 1 and Ksh 78,000 in each subsequent year for regular Kenyan students, 2025/26 structure (kmtc.ac.ke, cross-reported by Tuko, EduGuide and Education News Hub, August 2026). Totals here are that schedule multiplied out by course length. Tuition only — accommodation, meals and skills-lab charges are extra and vary by campus. A non-refundable Ksh 1,500 application fee applies. Confirm with the campus before paying. Entry was previously recorded here as a D+ mean grade. That was wrong, and the error is worth naming: D+ is the BIOLOGY SUBJECT requirement for this award, not the mean grade, and it had been written into the mean-grade field. KMTC publishes a minimum KCSE mean grade of C- for every certificate programme, with the cluster-subject requirement on top - for this course a D+ in Biology or Biological Sciences and a D in one of Mathematics, Chemistry, Physics or Physical Sciences. So the C- is needed overall AND the subject grades on top. The duration and the fee moved with it: the certificate runs two years rather than one, so the national schedule multiplies out to Ksh 160,200 instead of Ksh 82,200."
c880,Diploma in Clinical Medicine and Surgery,Kenya Medical Training College (KMTC) — Embu Campus,kmtc_embu,Embu,public,diploma,carer,C,no,36,238200,illustrative,"KMTC Embu Campus was founded by missionaries in 1975 as a health training college and taken over by KMTC in 1987. It sits a kilometre from Embu town behind Embu County Teaching and Referral Hospital, where its students do their clinical placements, and holds over 750 students. KMTC runs more than 126 programmes nationally but not every campus runs every one, so a national list is not evidence that a course is taught at this campus. This programme was recorded only because two independent campus listings both name it - a third, longer listing circulating for this campus is the national catalogue rather than what Embu teaches, and the courses that appear on it alone were left out. KMTC publishes a minimum KCSE mean grade of C plain for its diploma programmes, with cluster subjects in English or Kiswahili, Biology or Biological Sciences, and Mathematics, Chemistry or Physics. Diploma courses run three years, except Community Health Nursing which runs three and a half. KMTC publishes one national fee structure across all campuses: Ksh 82,200 in Year 1 and Ksh 78,000 in each subsequent year for regular Kenyan students, 2025/26 structure. Total here is that schedule multiplied out by course length. Tuition only - accommodation, meals and skills-lab charges are extra and vary by campus. A non-refundable Ksh 1,500 application fee applies. Confirm with the campus before paying."
c100,Diploma in Kenya Registered Community Health Nursing (KRCHN),Kenya Medical Training College (KMTC) — Embu Campus,kmtc_embu,Embu,public,diploma,carer,C+,no,36,238200,derived,"KMTC publishes one national fee structure across all campuses, so this figure does not depend on which campus you attend: Ksh 82,200 in Year 1 and Ksh 78,000 in each subsequent year for regular Kenyan students, 2025/26 structure (kmtc.ac.ke, cross-reported by Tuko, EduGuide and Education News Hub, August 2026). Totals here are that schedule multiplied out by course length. Tuition only — accommodation, meals and skills-lab charges are extra and vary by campus. A non-refundable Ksh 1,500 application fee applies. Confirm with the campus before paying."
c881,Diploma in Medical Laboratory Sciences,Kenya Medical Training College (KMTC) — Embu Campus,kmtc_embu,Embu,public,diploma,carer,C,no,36,238200,illustrative,"KMTC Embu Campus was founded by missionaries in 1975 as a health training college and taken over by KMTC in 1987. It sits a kilometre from Embu town behind Embu County Teaching and Referral Hospital, where its students do their clinical placements, and holds over 750 students. KMTC runs more than 126 programmes nationally but not every campus runs every one, so a national list is not evidence that a course is taught at this campus. This programme was recorded only because two independent campus listings both name it - a third, longer listing circulating for this campus is the national catalogue rather than what Embu teaches, and the courses that appear on it alone were left out. KMTC publishes a minimum KCSE mean grade of C plain for its diploma programmes, with cluster subjects in English or Kiswahili, Biology or Biological Sciences, and Mathematics, Chemistry or Physics. Diploma courses run three years, except Community Health Nursing which runs three and a half. KMTC publishes one national fee structure across all campuses: Ksh 82,200 in Year 1 and Ksh 78,000 in each subsequent year for regular Kenyan students, 2025/26 structure. Total here is that schedule multiplied out by course length. Tuition only - accommodation, meals and skills-lab charges are extra and vary by campus. A non-refundable Ksh 1,500 application fee applies. Confirm with the campus before paying."
c258,Diploma in Primary Teacher Education,"St. Mark's Teachers Training College, Kigari",kigari_ttc,Embu,public,diploma,carer,C,no,36,201567,derived,"Entry grade and structure from KUCCPS and TSC: the P1 certificate has been phased out and the Diploma in Primary Teacher Education is now the minimum qualification TSC will register, entered on a KCSE mean grade of C plain over three years at one of 33 public teacher training colleges, with placement through KUCCPS and assessment by KNEC. Fee derived from the Ksh 67,189 first-year figure published for KUCCPS-placed students at public TTCs - the same government consolidated rate used across public TVET - scaled to three years; one college separately quotes about Ksh 205,000 for the full course inclusive of admission, practicum and KNEC assessment, which agrees within two per cent. Outcome figures are null rather than estimated: with roughly 369,000 registered teachers unemployed, any employment rate Njia invented here would be actively misleading. Confirm fees with the college."
c105,Certificate in Community Health Assistant,Kenya Medical Training College (KMTC) — Garissa Campus,kmtc_garissa,Garissa,public,certificate,carer,C-,no,24,160200,derived,"KMTC publishes one national fee structure across all campuses, so this figure does not depend on which campus you attend: Ksh 82,200 in Year 1 and Ksh 78,000 in each subsequent year for regular Kenyan students, 2025/26 structure (kmtc.ac.ke, cross-reported by Tuko, EduGuide and Education News Hub, August 2026). Totals here are that schedule multiplied out by course length. Tuition only — accommodation, meals and skills-lab charges are extra and vary by campus. A non-refundable Ksh 1,500 application fee applies. Confirm with the campus before paying. Entry was previously recorded here as a D+ mean grade. That was wrong, and the error is worth naming: D+ is the BIOLOGY SUBJECT requirement for this award, not the mean grade, and it had been written into the mean-grade field. KMTC publishes a minimum KCSE mean grade of C- for every certificate programme, with the cluster-subject requirement on top - for this course a D+ in Biology or Biological Sciences and a D in one of Mathematics, Chemistry, Physics or Physical Sciences. So the C- is needed overall AND the subject grades on top. The duration and the fee moved with it: the certificate runs two years rather than one, so the national schedule multiplies out to Ksh 160,200 instead of Ksh 82,200."
c104,Diploma in Kenya Registered Community Health Nursing (KRCHN),Kenya Medical Training College (KMTC) — Garissa Campus,kmtc_garissa,Garissa,public,diploma,carer,C+,no,36,238200,derived,"KMTC publishes one national fee structure across all campuses, so this figure does not depend on which campus you attend: Ksh 82,200 in Year 1 and Ksh 78,000 in each subsequent year for regular Kenyan students, 2025/26 structure (kmtc.ac.ke, cross-reported by Tuko, EduGuide and Education News Hub, August 2026). Totals here are that schedule multiplied out by course length. Tuition only — accommodation, meals and skills-lab charges are extra and vary by campus. A non-refundable Ksh 1,500 application fee applies. Confirm with the campus before paying."
c436,Artisan in Motor Vehicle Mechanics,North Eastern National Polytechnic (NENAP),nenap,Garissa,public,artisan,maker,E,no,12,67189,derived,"Fee derived from the government's consolidated annual public-TVET fee of Ksh 67,189 (inclusive of assessment fees, effective May 2026, as announced by government and reported by Eastleigh Voice/sector coverage, August 2026), scaled to course duration. North Eastern National Polytechnic is a government-accredited national polytechnic placing through KUCCPS as institution 1230, and its 2026 intake is open to 2020-2025 KCSE graduates (northeasternpoly.ac.ke, cross-reported August 2026). Institutes bill per term/year and per-course amounts can differ - confirm with the registrar."
c437,Artisan in Welding and Fabrication,North Eastern National Polytechnic (NENAP),nenap,Garissa,public,artisan,maker,E,no,12,67189,derived,"Fee derived from the government's consolidated annual public-TVET fee of Ksh 67,189 (inclusive of assessment fees, effective May 2026, as announced by government and reported by Eastleigh Voice/sector coverage, August 2026), scaled to course duration. North Eastern National Polytechnic is a government-accredited national polytechnic placing through KUCCPS as institution 1230, and its 2026 intake is open to 2020-2025 KCSE graduates (northeasternpoly.ac.ke, cross-reported August 2026). Institutes bill per term/year and per-course amounts can differ - confirm with the registrar."
c435,Certificate in Building Technology,North Eastern National Polytechnic (NENAP),nenap,Garissa,public,certificate,maker,D,no,24,134378,derived,"Fee derived from the government's consolidated annual public-TVET fee of Ksh 67,189 (inclusive of assessment fees, effective May 2026, as announced by government and reported by Eastleigh Voice/sector coverage, August 2026), scaled to course duration. North Eastern National Polytechnic is a government-accredited national polytechnic placing through KUCCPS as institution 1230, and its 2026 intake is open to 2020-2025 KCSE graduates (northeasternpoly.ac.ke, cross-reported August 2026). Institutes bill per term/year and per-course amounts can differ - confirm with the registrar."
c434,Certificate in Electrical and Electronics Technology,North Eastern National Polytechnic (NENAP),nenap,Garissa,public,certificate,maker,D,no,24,134378,derived,"Fee derived from the government's consolidated annual public-TVET fee of Ksh 67,189 (inclusive of assessment fees, effective May 2026, as announced by government and reported by Eastleigh Voice/sector coverage, August 2026), scaled to course duration. North Eastern National Polytechnic is a government-accredited national polytechnic placing through KUCCPS as institution 1230, and its 2026 intake is open to 2020-2025 KCSE graduates (northeasternpoly.ac.ke, cross-reported August 2026). Institutes bill per term/year and per-course amounts can differ - confirm with the registrar."
c433,Diploma in Electrical and Electronics Technology,North Eastern National Polytechnic (NENAP),nenap,Garissa,public,diploma,maker,C-,no,36,201567,derived,"Fee derived from the government's consolidated annual public-TVET fee of Ksh 67,189 (inclusive of assessment fees, effective May 2026, as announced by government and reported by Eastleigh Voice/sector coverage, August 2026), scaled to course duration. North Eastern National Polytechnic is a government-accredited national polytechnic placing through KUCCPS as institution 1230, and its 2026 intake is open to 2020-2025 KCSE graduates (northeasternpoly.ac.ke, cross-reported August 2026). Institutes bill per term/year and per-course amounts can differ - confirm with the registrar."
c257,Diploma in Primary Teacher Education,Asumbi Teachers Training College,asumbi_ttc,Homa Bay,public,diploma,carer,C,no,36,201567,derived,"Entry grade and structure from KUCCPS and TSC: the P1 certificate has been phased out and the Diploma in Primary Teacher Education is now the minimum qualification TSC will register, entered on a KCSE mean grade of C plain over three years at one of 33 public teacher training colleges, with placement through KUCCPS and assessment by KNEC. Fee derived from the Ksh 67,189 first-year figure published for KUCCPS-placed students at public TTCs - the same government consolidated rate used across public TVET - scaled to three years; one college separately quotes about Ksh 205,000 for the full course inclusive of admission, practicum and KNEC assessment, which agrees within two per cent. Outcome figures are null rather than estimated: with roughly 369,000 registered teachers unemployed, any employment rate Njia invented here would be actively misleading. Confirm fees with the college."
c111,Certificate in Community Health Assistant,Kenya Medical Training College (KMTC) — Homa Bay Campus,kmtc_homabay,Homa Bay,public,certificate,carer,C-,no,24,160200,derived,"KMTC publishes one national fee structure across all campuses, so this figure does not depend on which campus you attend: Ksh 82,200 in Year 1 and Ksh 78,000 in each subsequent year for regular Kenyan students, 2025/26 structure (kmtc.ac.ke, cross-reported by Tuko, EduGuide and Education News Hub, August 2026). Totals here are that schedule multiplied out by course length. Tuition only — accommodation, meals and skills-lab charges are extra and vary by campus. A non-refundable Ksh 1,500 application fee applies. Confirm with the campus before paying. Entry was previously recorded here as a D+ mean grade. That was wrong, and the error is worth naming: D+ is the BIOLOGY SUBJECT requirement for this award, not the mean grade, and it had been written into the mean-grade field. KMTC publishes a minimum KCSE mean grade of C- for every certificate programme, with the cluster-subject requirement on top - for this course a D+ in Biology or Biological Sciences and a D in one of Mathematics, Chemistry, Physics or Physical Sciences. So the C- is needed overall AND the subject grades on top. The duration and the fee moved with it: the certificate runs two years rather than one, so the national schedule multiplies out to Ksh 160,200 instead of Ksh 82,200."
c110,Diploma in Kenya Registered Community Health Nursing (KRCHN),Kenya Medical Training College (KMTC) — Homa Bay Campus,kmtc_homabay,Homa Bay,public,diploma,carer,C+,no,36,238200,derived,"KMTC publishes one national fee structure across all campuses, so this figure does not depend on which campus you attend: Ksh 82,200 in Year 1 and Ksh 78,000 in each subsequent year for regular Kenyan students, 2025/26 structure (kmtc.ac.ke, cross-reported by Tuko, EduGuide and Education News Hub, August 2026). Totals here are that schedule multiplied out by course length. Tuition only — accommodation, meals and skills-lab charges are extra and vary by campus. A non-refundable Ksh 1,500 application fee applies. Confirm with the campus before paying."
c495,Artisan in Building and Civil Engineering,Mawego National Polytechnic,mawego_poly,Homa Bay,public,artisan,maker,,yes,12,67189,derived,"Mawego National Polytechnic became a national polytechnic on 1 January 2024, elevated from Mawego Technical Training Institute by the Ministry of Education's Directorate of TVET, and had never been listed here - which is why Homa Bay read as blind to an E-grade learner while a national polytechnic sat in the county. The institution publishes its entry ladder as ""C- and above for all Diploma Courses; D plain and above for Certificate; other course categories are open"", so artisan is stated as open entry and no minimum grade is recorded. The department is named in the published course list as running artisan alongside craft and diploma; the polytechnic runs more artisan programmes than are listed here, and only what a reachable source names is recorded. Fee derived from the government's consolidated annual public-TVET fee of Ksh 67,189 (effective May 2026), not quoted by the institution for this course - confirm with the registrar. Artisan fees vary more than diploma fees and published per-institution figures conflict, so treat this as an order of magnitude."
c494,Artisan in Electrical and Electronics,Mawego National Polytechnic,mawego_poly,Homa Bay,public,artisan,maker,,yes,12,67189,derived,"Mawego National Polytechnic became a national polytechnic on 1 January 2024, elevated from Mawego Technical Training Institute by the Ministry of Education's Directorate of TVET, and had never been listed here - which is why Homa Bay read as blind to an E-grade learner while a national polytechnic sat in the county. The institution publishes its entry ladder as ""C- and above for all Diploma Courses; D plain and above for Certificate; other course categories are open"", so artisan is stated as open entry and no minimum grade is recorded. The department is named in the published course list as running artisan alongside craft and diploma; the polytechnic runs more artisan programmes than are listed here, and only what a reachable source names is recorded. Fee derived from the government's consolidated annual public-TVET fee of Ksh 67,189 (effective May 2026), not quoted by the institution for this course - confirm with the registrar. Artisan fees vary more than diploma fees and published per-institution figures conflict, so treat this as an order of magnitude."
c496,Diploma in Automotive Engineering,Mawego National Polytechnic,mawego_poly,Homa Bay,public,diploma,maker,C-,no,36,67189,derived,"Programme named in the institution's published course list. Entry recorded from the published ladder, which gives C- and above for diploma courses. Fee derived from the government's consolidated annual public-TVET fee of Ksh 67,189 (effective May 2026), not quoted by the institution for this course - confirm with the registrar. Artisan fees vary more than diploma fees and published per-institution figures conflict, so treat this as an order of magnitude."
c497,Diploma in Welding and Fabrication,Mawego National Polytechnic,mawego_poly,Homa Bay,public,diploma,maker,C-,no,36,67189,derived,"Programme named in the institution's published course list. Entry recorded from the published ladder, which gives C- and above for diploma courses. Fee derived from the government's consolidated annual public-TVET fee of Ksh 67,189 (effective May 2026), not quoted by the institution for this course - confirm with the registrar. Artisan fees vary more than diploma fees and published per-institution figures conflict, so treat this as an order of magnitude."
c143,Certificate in Community Health Assistant,Kenya Medical Training College (KMTC) — Isiolo Campus,kmtc_isiolo,Isiolo,public,certificate,carer,C-,no,24,160200,derived,"KMTC publishes one national fee structure across all campuses, so this figure does not depend on which campus you attend: Ksh 82,200 in Year 1 and Ksh 78,000 in each subsequent year for regular Kenyan students, 2025/26 structure (kmtc.ac.ke, cross-reported by Tuko, EduGuide and Education News Hub, August 2026). Totals here are that schedule multiplied out by course length. Tuition only — accommodation, meals and skills-lab charges are extra and vary by campus. A non-refundable Ksh 1,500 application fee applies. Confirm with the campus before paying. Entry was previously recorded here as a D+ mean grade. That was wrong, and the error is worth naming: D+ is the BIOLOGY SUBJECT requirement for this award, not the mean grade, and it had been written into the mean-grade field. KMTC publishes a minimum KCSE mean grade of C- for every certificate programme, with the cluster-subject requirement on top - for this course a D+ in Biology or Biological Sciences and a D in one of Mathematics, Chemistry, Physics or Physical Sciences. So the C- is needed overall AND the subject grades on top. The duration and the fee moved with it: the certificate runs two years rather than one, so the national schedule multiplies out to Ksh 160,200 instead of Ksh 82,200."
c873,Certificate in Health Records and Information Technology,Kenya Medical Training College (KMTC) — Isiolo Campus,kmtc_isiolo,Isiolo,public,certificate,numbers,C-,no,24,160200,illustrative,"KMTC Isiolo Campus sits beside Isiolo County Teaching and Referral Hospital, which is where its students do their clinical placements, alongside rural facilities in and outside the county. This programme is named on the campus’s own published course list and was confirmed against a second independent listing before it was recorded here - KMTC runs more than 126 programmes nationally but not every campus runs every one, so a national list is not evidence that a course is taught at this campus. KMTC publishes a minimum KCSE mean grade of C- for every certificate programme, with the cluster-subject requirement on top, so the C- is needed overall AND the subject grades. Certificate courses run two years, except nursing which runs two and a half. KMTC publishes one national fee structure across all campuses: Ksh 82,200 in Year 1 and Ksh 78,000 in each subsequent year for regular Kenyan students, 2025/26 structure. Total here is that schedule multiplied out by course length. Tuition only - accommodation, meals and skills-lab charges are extra and vary by campus. A non-refundable Ksh 1,500 application fee applies. Confirm with the campus before paying."
c875,Diploma in Clinical Medicine and Surgery,Kenya Medical Training College (KMTC) — Isiolo Campus,kmtc_isiolo,Isiolo,public,diploma,carer,C,no,36,238200,illustrative,"KMTC Isiolo Campus sits beside Isiolo County Teaching and Referral Hospital, which is where its students do their clinical placements, alongside rural facilities in and outside the county. This programme is named on the campus’s own published course list and was confirmed against a second independent listing before it was recorded here - KMTC runs more than 126 programmes nationally but not every campus runs every one, so a national list is not evidence that a course is taught at this campus. KMTC publishes a minimum KCSE mean grade of C plain for its diploma programmes, with cluster subjects in English or Kiswahili, Biology or Biological Sciences, and Mathematics, Chemistry or Physics. Diploma courses run three years, except Community Health Nursing which runs three and a half. KMTC publishes one national fee structure across all campuses: Ksh 82,200 in Year 1 and Ksh 78,000 in each subsequent year for regular Kenyan students, 2025/26 structure. Total here is that schedule multiplied out by course length. Tuition only - accommodation, meals and skills-lab charges are extra and vary by campus. A non-refundable Ksh 1,500 application fee applies. Confirm with the campus before paying."
c874,Diploma in Health Records and Information Technology,Kenya Medical Training College (KMTC) — Isiolo Campus,kmtc_isiolo,Isiolo,public,diploma,numbers,C,no,36,238200,illustrative,"KMTC Isiolo Campus sits beside Isiolo County Teaching and Referral Hospital, which is where its students do their clinical placements, alongside rural facilities in and outside the county. This programme is named on the campus’s own published course list and was confirmed against a second independent listing before it was recorded here - KMTC runs more than 126 programmes nationally but not every campus runs every one, so a national list is not evidence that a course is taught at this campus. KMTC publishes a minimum KCSE mean grade of C plain for its diploma programmes, with cluster subjects in English or Kiswahili, Biology or Biological Sciences, and Mathematics, Chemistry or Physics. Diploma courses run three years, except Community Health Nursing which runs three and a half. KMTC publishes one national fee structure across all campuses: Ksh 82,200 in Year 1 and Ksh 78,000 in each subsequent year for regular Kenyan students, 2025/26 structure. Total here is that schedule multiplied out by course length. Tuition only - accommodation, meals and skills-lab charges are extra and vary by campus. A non-refundable Ksh 1,500 application fee applies. Confirm with the campus before paying."
c142,Diploma in Kenya Registered Community Health Nursing (KRCHN),Kenya Medical Training College (KMTC) — Isiolo Campus,kmtc_isiolo,Isiolo,public,diploma,carer,C+,no,36,238200,derived,"KMTC publishes one national fee structure across all campuses, so this figure does not depend on which campus you attend: Ksh 82,200 in Year 1 and Ksh 78,000 in each subsequent year for regular Kenyan students, 2025/26 structure (kmtc.ac.ke, cross-reported by Tuko, EduGuide and Education News Hub, August 2026). Totals here are that schedule multiplied out by course length. Tuition only — accommodation, meals and skills-lab charges are extra and vary by campus. A non-refundable Ksh 1,500 application fee applies. Confirm with the campus before paying."
c754,Bachelor of Arts in Community Development,Africa Nazarene University (ANU),anu,Kajiado,private,degree,people,C+,no,48,,unpublished,"Africa Nazarene University is a CUE-chartered private university on Magadi Road, Ongata Rongai, Kajiado County. Programme named in the university's own published programmes listing. Entry is recorded at the national CUE and KUCCPS degree minimum of a C+ mean grade; confirm the exact requirement with admissions, because a private university sets its own bar and may ask for more. The university publishes a fee schedule, but its figure for this named programme could not be verified against any source reachable from this build, so none is shown rather than a guessed one. Ring admissions for the current schedule."
c757,Bachelor of Arts in Criminal Justice and Security Studies,Africa Nazarene University (ANU),anu,Kajiado,private,degree,people,C+,no,48,,unpublished,"Africa Nazarene University is a CUE-chartered private university on Magadi Road, Ongata Rongai, Kajiado County. Programme named in the university's own published programmes listing. Entry is recorded at the national CUE and KUCCPS degree minimum of a C+ mean grade; confirm the exact requirement with admissions, because a private university sets its own bar and may ask for more. The university publishes a fee schedule, but its figure for this named programme could not be verified against any source reachable from this build, so none is shown rather than a guessed one. Ring admissions for the current schedule."
c073,Bachelor of Arts in Mass Communication,Africa Nazarene University (ANU),anu,Kajiado,private,degree,creator,C+,no,48,,unpublished,"No figure is shown. This record previously carried a precise-looking total with no citation of any kind behind it, which is the weakest thing this catalogue can display because it reads exactly like a researched number. The institution publishes a fee schedule, but it could not be verified against any source reachable from this build - the schedules are PDFs on the institution's own site. The figure has been removed rather than left wearing a caveat. Ask the admissions office for the current per-programme fee and what it excludes."
c752,Bachelor of Business and Information Technology,Africa Nazarene University (ANU),anu,Kajiado,private,degree,tech,C+,no,48,,unpublished,"Africa Nazarene University is a CUE-chartered private university on Magadi Road, Ongata Rongai, Kajiado County. Programme named in the university's own published programmes listing. Entry is recorded at the national CUE and KUCCPS degree minimum of a C+ mean grade; confirm the exact requirement with admissions, because a private university sets its own bar and may ask for more. The university publishes a fee schedule, but its figure for this named programme could not be verified against any source reachable from this build, so none is shown rather than a guessed one. Ring admissions for the current schedule."
c751,Bachelor of Commerce,Africa Nazarene University (ANU),anu,Kajiado,private,degree,business,C+,no,48,,unpublished,"Africa Nazarene University is a CUE-chartered private university on Magadi Road, Ongata Rongai, Kajiado County. Programme named in the university's own published programmes listing. Entry is recorded at the national CUE and KUCCPS degree minimum of a C+ mean grade; confirm the exact requirement with admissions, because a private university sets its own bar and may ask for more. The university publishes a fee schedule, but its figure for this named programme could not be verified against any source reachable from this build, so none is shown rather than a guessed one. Ring admissions for the current schedule."
c755,Bachelor of Counseling Psychology,Africa Nazarene University (ANU),anu,Kajiado,private,degree,people,C+,no,48,,unpublished,"Africa Nazarene University is a CUE-chartered private university on Magadi Road, Ongata Rongai, Kajiado County. Programme named in the university's own published programmes listing. Entry is recorded at the national CUE and KUCCPS degree minimum of a C+ mean grade; confirm the exact requirement with admissions, because a private university sets its own bar and may ask for more. The university publishes a fee schedule, but its figure for this named programme could not be verified against any source reachable from this build, so none is shown rather than a guessed one. Ring admissions for the current schedule."
c753,Bachelor of Laws (LLB),Africa Nazarene University (ANU),anu,Kajiado,private,degree,people,C+,no,48,,unpublished,"Africa Nazarene University is a CUE-chartered private university on Magadi Road, Ongata Rongai, Kajiado County. Programme named in the university's own published programmes listing. Entry is recorded at the national CUE and KUCCPS degree minimum of a C+ mean grade; confirm the exact requirement with admissions, because a private university sets its own bar and may ask for more. The Council of Legal Education also requires a B plain in English or Kiswahili for an LLB, so the mean grade alone does not open this programme; confirm the current subject bar with the School of Law. The university publishes a fee schedule, but its figure for this named programme could not be verified against any source reachable from this build, so none is shown rather than a guessed one. Ring admissions for the current schedule."
c756,Bachelor of Science in International Business Management,Africa Nazarene University (ANU),anu,Kajiado,private,degree,business,C+,no,48,,unpublished,"Africa Nazarene University is a CUE-chartered private university on Magadi Road, Ongata Rongai, Kajiado County. Programme named in the university's own published programmes listing. Entry is recorded at the national CUE and KUCCPS degree minimum of a C+ mean grade; confirm the exact requirement with admissions, because a private university sets its own bar and may ask for more. The university publishes a fee schedule, but its figure for this named programme could not be verified against any source reachable from this build, so none is shown rather than a guessed one. Ring admissions for the current schedule."
c167,Certificate in Community Health Assistant,Kenya Medical Training College (KMTC) — Kajiado Campus,kmtc_kajiado,Kajiado,public,certificate,carer,C-,no,24,160200,derived,"KMTC publishes one national fee structure across all campuses, so this figure does not depend on which campus you attend: Ksh 82,200 in Year 1 and Ksh 78,000 in each subsequent year for regular Kenyan students, 2025/26 structure (kmtc.ac.ke, cross-reported by Tuko, EduGuide and Education News Hub, August 2026). Totals here are that schedule multiplied out by course length. Tuition only — accommodation, meals and skills-lab charges are extra and vary by campus. A non-refundable Ksh 1,500 application fee applies. Confirm with the campus before paying. Entry was previously recorded here as a D+ mean grade. That was wrong, and the error is worth naming: D+ is the BIOLOGY SUBJECT requirement for this award, not the mean grade, and it had been written into the mean-grade field. KMTC publishes a minimum KCSE mean grade of C- for every certificate programme, with the cluster-subject requirement on top - for this course a D+ in Biology or Biological Sciences and a D in one of Mathematics, Chemistry, Physics or Physical Sciences. So the C- is needed overall AND the subject grades on top. The duration and the fee moved with it: the certificate runs two years rather than one, so the national schedule multiplies out to Ksh 160,200 instead of Ksh 82,200."
c166,Diploma in Kenya Registered Community Health Nursing (KRCHN),Kenya Medical Training College (KMTC) — Kajiado Campus,kmtc_kajiado,Kajiado,public,diploma,carer,C+,no,36,238200,derived,"KMTC publishes one national fee structure across all campuses, so this figure does not depend on which campus you attend: Ksh 82,200 in Year 1 and Ksh 78,000 in each subsequent year for regular Kenyan students, 2025/26 structure (kmtc.ac.ke, cross-reported by Tuko, EduGuide and Education News Hub, August 2026). Totals here are that schedule multiplied out by course length. Tuition only — accommodation, meals and skills-lab charges are extra and vary by campus. A non-refundable Ksh 1,500 application fee applies. Confirm with the campus before paying."
c499,Artisan in Electrical Installation (KNEC),Masai Technical Training Institute,masai_tti,Kajiado,public,artisan,maker,E,no,12,67189,derived,"Programme named in Masai Technical Training Institute's published artisan course list. County TVET guidance for Kajiado gives the artisan minimum as a KCSE mean grade of E, against C- for diplomas and D+ for craft certificates, so E is recorded from a published statement rather than inferred. That bar is a county-level statement rather than one read off the institute's own schedule - confirm with the registrar. The institute has taught technical courses since 1986 across seven departments and runs more artisan programmes than the two named here. Fee derived from the government's consolidated annual public-TVET fee of Ksh 67,189 (effective May 2026), not quoted by the institution for this course - confirm with the registrar. Artisan fees vary more than diploma fees and published per-institution figures conflict, so treat this as an order of magnitude."
c498,Artisan in Food and Beverage (KNEC),Masai Technical Training Institute,masai_tti,Kajiado,public,artisan,creator,E,no,12,67189,derived,"Programme named in Masai Technical Training Institute's published artisan course list. County TVET guidance for Kajiado gives the artisan minimum as a KCSE mean grade of E, against C- for diplomas and D+ for craft certificates, so E is recorded from a published statement rather than inferred. That bar is a county-level statement rather than one read off the institute's own schedule - confirm with the registrar. The institute has taught technical courses since 1986 across seven departments and runs more artisan programmes than the two named here. Fee derived from the government's consolidated annual public-TVET fee of Ksh 67,189 (effective May 2026), not quoted by the institution for this course - confirm with the registrar. Artisan fees vary more than diploma fees and published per-institution figures conflict, so treat this as an order of magnitude."
c500,Diploma in Building Construction (KNEC),Masai Technical Training Institute,masai_tti,Kajiado,public,diploma,maker,C-,no,36,67189,derived,"Programme named in the institution's published course list. Entry recorded from the published ladder, which gives C- and above for diploma courses. Fee derived from the government's consolidated annual public-TVET fee of Ksh 67,189 (effective May 2026), not quoted by the institution for this course - confirm with the registrar. Artisan fees vary more than diploma fees and published per-institution figures conflict, so treat this as an order of magnitude."
c501,Diploma in Business Management (KNEC),Masai Technical Training Institute,masai_tti,Kajiado,public,diploma,business,C-,no,36,67189,derived,"Programme named in the institution's published course list. Entry recorded from the published ladder, which gives C- and above for diploma courses. Fee derived from the government's consolidated annual public-TVET fee of Ksh 67,189 (effective May 2026), not quoted by the institution for this course - confirm with the registrar. Artisan fees vary more than diploma fees and published per-institution figures conflict, so treat this as an order of magnitude."
c424,Bachelor of Business Management,Umma University,umma,Kajiado,private,degree,business,C+,no,48,,unpublished,"Umma University is CUE-chartered and KUCCPS-approved, and is the first Islamic chartered university in Kenya (cross-reported August 2026). It is a private university and sets its own fees; its fee schedule could not be verified from any source reachable here, so no figure is shown rather than a guessed one. Confirm the fee, the current entry requirement and which campus runs the programme before you plan around it."
c423,Bachelor of Science in Nursing,Umma University,umma,Kajiado,private,degree,carer,C+,no,60,,unpublished,"Umma University is CUE-chartered and KUCCPS-approved, and is the first Islamic chartered university in Kenya (cross-reported August 2026). It is a private university and sets its own fees; its fee schedule could not be verified from any source reachable here, so no figure is shown rather than a guessed one. Confirm the fee, the current entry requirement and which campus runs the programme before you plan around it."
c398,Certificate in Agriculture and Community Development,Bukura Agricultural College,bukura,Kakamega,public,certificate,maker,D,no,12,100150,published,"Bukura Agricultural College is a state corporation established by an Act of Parliament, training middle-level agricultural staff since 1974 and taking KUCCPS placement. Its Certificate in Agriculture and Community Development is published at Ksh 100,150, with a non-refundable application fee of Ksh 500 for self-sponsored applicants. Per-programme diploma fees could not be verified from any source reachable here, so no figure is shown on those records rather than one scaled from the certificate — a certificate and a diploma are not priced alike. Ask the admissions office."
c395,Diploma in Agribusiness Management and Marketing,Bukura Agricultural College,bukura,Kakamega,public,diploma,business,C-,no,24,,unpublished,"Bukura Agricultural College is a state corporation established by an Act of Parliament, training middle-level agricultural staff since 1974 and taking KUCCPS placement. Its Certificate in Agriculture and Community Development is published at Ksh 100,150, with a non-refundable application fee of Ksh 500 for self-sponsored applicants. Per-programme diploma fees could not be verified from any source reachable here, so no figure is shown on those records rather than one scaled from the certificate — a certificate and a diploma are not priced alike. Ask the admissions office."
c397,Diploma in Agricultural Education and Extension,Bukura Agricultural College,bukura,Kakamega,public,diploma,people,C-,no,24,,unpublished,"Bukura Agricultural College is a state corporation established by an Act of Parliament, training middle-level agricultural staff since 1974 and taking KUCCPS placement. Its Certificate in Agriculture and Community Development is published at Ksh 100,150, with a non-refundable application fee of Ksh 500 for self-sponsored applicants. Per-programme diploma fees could not be verified from any source reachable here, so no figure is shown on those records rather than one scaled from the certificate — a certificate and a diploma are not priced alike. Ask the admissions office."
c394,Diploma in Agricultural Irrigation and Drainage Engineering,Bukura Agricultural College,bukura,Kakamega,public,diploma,maker,C-,no,24,,unpublished,"Bukura Agricultural College is a state corporation established by an Act of Parliament, training middle-level agricultural staff since 1974 and taking KUCCPS placement. Its Certificate in Agriculture and Community Development is published at Ksh 100,150, with a non-refundable application fee of Ksh 500 for self-sponsored applicants. Per-programme diploma fees could not be verified from any source reachable here, so no figure is shown on those records rather than one scaled from the certificate — a certificate and a diploma are not priced alike. Ask the admissions office."
c391,Diploma in Agriculture and Biotechnology,Bukura Agricultural College,bukura,Kakamega,public,diploma,maker,C-,no,24,,unpublished,"Bukura Agricultural College is a state corporation established by an Act of Parliament, training middle-level agricultural staff since 1974 and taking KUCCPS placement. Its Certificate in Agriculture and Community Development is published at Ksh 100,150, with a non-refundable application fee of Ksh 500 for self-sponsored applicants. Per-programme diploma fees could not be verified from any source reachable here, so no figure is shown on those records rather than one scaled from the certificate — a certificate and a diploma are not priced alike. Ask the admissions office."
c393,Diploma in Animal Production and Health Management,Bukura Agricultural College,bukura,Kakamega,public,diploma,maker,C-,no,24,,unpublished,"Bukura Agricultural College is a state corporation established by an Act of Parliament, training middle-level agricultural staff since 1974 and taking KUCCPS placement. Its Certificate in Agriculture and Community Development is published at Ksh 100,150, with a non-refundable application fee of Ksh 500 for self-sponsored applicants. Per-programme diploma fees could not be verified from any source reachable here, so no figure is shown on those records rather than one scaled from the certificate — a certificate and a diploma are not priced alike. Ask the admissions office."
c396,Diploma in Food Science and Nutrition,Bukura Agricultural College,bukura,Kakamega,public,diploma,carer,C-,no,24,,unpublished,"Bukura Agricultural College is a state corporation established by an Act of Parliament, training middle-level agricultural staff since 1974 and taking KUCCPS placement. Its Certificate in Agriculture and Community Development is published at Ksh 100,150, with a non-refundable application fee of Ksh 500 for self-sponsored applicants. Per-programme diploma fees could not be verified from any source reachable here, so no figure is shown on those records rather than one scaled from the certificate — a certificate and a diploma are not priced alike. Ask the admissions office."
c392,Diploma in Horticulture,Bukura Agricultural College,bukura,Kakamega,public,diploma,maker,C-,no,24,,unpublished,"Bukura Agricultural College is a state corporation established by an Act of Parliament, training middle-level agricultural staff since 1974 and taking KUCCPS placement. Its Certificate in Agriculture and Community Development is published at Ksh 100,150, with a non-refundable application fee of Ksh 500 for self-sponsored applicants. Per-programme diploma fees could not be verified from any source reachable here, so no figure is shown on those records rather than one scaled from the certificate — a certificate and a diploma are not priced alike. Ask the admissions office."
c028,Diploma in Clinical Medicine and Surgery,Kenya Medical Training College (KMTC) — Kakamega Campus,kmtc_kakamega,Kakamega,public,diploma,carer,C+,no,36,238200,derived,"KMTC publishes one national fee structure across all campuses: Ksh 82,200 in Year 1 and Ksh 78,000 in each subsequent year for regular Kenyan students, 2025/26 structure (kmtc.ac.ke, cross-reported by Tuko, EduGuide and Education News Hub, August 2026). Total here is that schedule multiplied out by course length. Tuition only — accommodation, meals and skills-lab charges are extra and vary by campus. A non-refundable Ksh 1,500 application fee applies. Confirm with the campus before paying."
c030,Bachelor of Science in Nursing,Masinde Muliro University of Science and Technology (MMUST),mmust,Kakamega,public,degree,carer,B,no,48,,unpublished,"This course previously displayed a precise-looking tuition figure that was never observed anywhere. An audit found the same value repeated across unrelated institutions - Ksh 420,000 appeared on twelve different degrees at twelve different universities, public and private, from nursing to design to actuarial science - which is not what real fee data looks like. It was a placeholder, so it has been removed rather than left wearing a caveat. The figure could not be verified against any source reachable here, so nothing is shown. Ask the institution directly; if it is a public university, note that a single per-programme price no longer exists."
c055,Diploma in Statistics,Masinde Muliro University of Science and Technology (MMUST),mmust,Kakamega,public,diploma,numbers,C,no,24,,unpublished,"This course previously displayed a precise-looking tuition figure that was never observed anywhere. An audit found the same value repeated across unrelated institutions - Ksh 420,000 appeared on twelve different degrees at twelve different universities, public and private, from nursing to design to actuarial science - which is not what real fee data looks like. It was a placeholder, so it has been removed rather than left wearing a caveat. The figure could not be verified against any source reachable here, so nothing is shown. Ask the institution directly; if it is a public university, note that a single per-programme price no longer exists."
c238,Artisan in Fashion Design and Clothing Technology,Sigalagala National Polytechnic,sigalagala,Kakamega,public,artisan,maker,E,no,12,67189,derived,"Programme named in Sigalagala National Polytechnic's published artisan course list, with a stated minimum of D- for this course. The institution's published artisan minimum is given as KCPE or KCSE mean grade D-. A KCPE certificate is an alternative to the KCSE grade rather than an addition to it, so a learner holding an E clears the published bar and E is recorded. That is the same reading already applied at Kisumu, Eldoret, Kisii, Michuki and Bureti, whose published minimum has the identical shape. Recording the D- branch instead removed this course from the screen of the learner least likely to have another option, and left Kakamega reading as blind to an E-grade learner while this polytechnic sat in the catalogue. Fee derived from the government's consolidated annual public-TVET fee of Ksh 67,189 (effective May 2026). Ask the registrar whether KCPE alone is accepted."
c239,Artisan in Food and Beverage,Sigalagala National Polytechnic,sigalagala,Kakamega,public,artisan,creator,E,no,12,67189,derived,"Programme named in Sigalagala National Polytechnic's published artisan course list. The institution's published artisan minimum is given as KCPE or KCSE mean grade D-. A KCPE certificate is an alternative to the KCSE grade rather than an addition to it, so a learner holding an E clears the published bar and E is recorded. That is the same reading already applied at Kisumu, Eldoret, Kisii, Michuki and Bureti, whose published minimum has the identical shape. Recording the D- branch instead removed this course from the screen of the learner least likely to have another option, and left Kakamega reading as blind to an E-grade learner while this polytechnic sat in the catalogue. Fee derived from the government's consolidated annual public-TVET fee of Ksh 67,189 (effective May 2026). Ask the registrar whether KCPE alone is accepted."
c460,Artisan in Storekeeping (KNEC),Sigalagala National Polytechnic,sigalagala,Kakamega,public,artisan,business,E,no,12,67189,derived,"Fee derived from the government's consolidated annual public-TVET fee of Ksh 67,189 (inclusive of assessment fees, effective May 2026, as announced by government and reported by Eastleigh Voice/sector coverage, August 2026), scaled to course duration. Institutes bill per term/year and per-course amounts can differ - confirm with the registrar. The Sigalagala National Polytechnic, on the Kisumu-Kakamega road, publishes its entry requirements as a KCSE mean grade of C- for diplomas, D plain for craft certificates and D- for artisan courses (Kenyan education-sector coverage and institutional listings, cross-checked August 2026). The admissions page for this polytechnic states the artisan minimum as a KCPE or KCSE mean grade of D-, and a KCPE certificate is an alternative to the KCSE grade rather than an addition to it, so a learner holding an E clears the published bar and E is recorded here - the same reading applied at Kisumu, Eldoret, Kisii, Michuki and Bureti. Confirm the KCPE route with the registrar. Only the artisan course named in a reachable source is listed."
c280,Certificate in Office Administration (CDACC Level 5),Sigalagala National Polytechnic,sigalagala,Kakamega,public,certificate,people,D,no,12,67189,derived,"Qualification is a TVET CDACC national curriculum at Level 5, so the same competencies and external assessment apply wherever it is taught. Entry at Level 4/5 is a KCSE mean grade of D plain — the reason this record exists, since Njia's business and finance clusters were until now almost entirely closed below C-. Fee derived from the government's consolidated annual public-TVET fee of Ksh 67,189 (inclusive of assessment fees, effective May 2026, announced by Education CS Julius Migos Ogamba on 6 March 2026 and reported across Kenyan sector coverage), scaled to course duration. Institutes bill per term and per-course amounts differ — confirm with the registrar, and confirm the college is currently accredited to assess this qualification."
c047,Certificate in Sales and Marketing,Sigalagala National Polytechnic,sigalagala,Kakamega,public,certificate,business,D+,no,12,67189,derived,"Fee derived from the government's consolidated annual public-TVET fee of Ksh 67,189 (inclusive of assessment fees, effective May 2026, as announced by government and reported by Eastleigh Voice/sector coverage, August 2026), scaled to course duration. Institutes bill per term/year and per-course amounts can differ - confirm with the registrar."
c029,Diploma in Nutrition and Dietetics,Sigalagala National Polytechnic,sigalagala,Kakamega,public,diploma,carer,C-,no,24,134378,derived,"Fee derived from the government's consolidated annual public-TVET fee of Ksh 67,189 (inclusive of assessment fees, effective May 2026, as announced by government and reported by Eastleigh Voice/sector coverage, August 2026), scaled to course duration. Institutes bill per term/year and per-course amounts can differ - confirm with the registrar."
c264,Tax Clerk Certificate (CDACC Level 5),Sigalagala National Polytechnic,sigalagala,Kakamega,public,certificate,numbers,D,no,12,67189,derived,"Qualification is a TVET CDACC national curriculum at Level 5, so the same competencies and external assessment apply wherever it is taught. Entry at Level 4/5 is a KCSE mean grade of D plain — the reason this record exists, since Njia's business and finance clusters were until now almost entirely closed below C-. Fee derived from the government's consolidated annual public-TVET fee of Ksh 67,189 (inclusive of assessment fees, effective May 2026, announced by Education CS Julius Migos Ogamba on 6 March 2026 and reported across Kenyan sector coverage), scaled to course duration. Institutes bill per term and per-course amounts differ — confirm with the registrar, and confirm the college is currently accredited to assess this qualification."
c259,Diploma in Primary Teacher Education,"St. Augustine Teachers Training College, Eregi",eregi_ttc,Kakamega,public,diploma,carer,C,no,36,201567,derived,"Entry grade and structure from KUCCPS and TSC: the P1 certificate has been phased out and the Diploma in Primary Teacher Education is now the minimum qualification TSC will register, entered on a KCSE mean grade of C plain over three years at one of 33 public teacher training colleges, with placement through KUCCPS and assessment by KNEC. Fee derived from the Ksh 67,189 first-year figure published for KUCCPS-placed students at public TTCs - the same government consolidated rate used across public TVET - scaled to three years; one college separately quotes about Ksh 205,000 for the full course inclusive of admission, practicum and KNEC assessment, which agrees within two per cent. Outcome figures are null rather than estimated: with roughly 369,000 registered teachers unemployed, any employment rate Njia invented here would be actively misleading. Confirm fees with the college."
c487,Artisan in Electrical and Electronics,Bureti Technical Training Institute,bureti_tti,Kericho,public,artisan,maker,E,no,12,67189,derived,"Programme named in Bureti Technical Training Institute's published course list. The county TVET guidance for Kericho gives the artisan entry bar as a KCSE mean grade of D- and below, or a KCPE certificate, so an E clears it and E is recorded. That bar is a county-level statement rather than one Njia could read off Bureti's own schedule - confirm with the registrar. The institute runs more artisan programmes than the one listed here. Fee derived from the government's consolidated annual public-TVET fee of Ksh 67,189 (effective May 2026). Artisan fees vary more than diploma fees and published per-institution figures conflict, so treat this as an order of magnitude and confirm with the registrar."
c533,Bachelor of Business Management,Kenya Highlands University,khu,Kericho,private,degree,business,C+,no,48,,unpublished,"Kenya Highlands University is a CUE-chartered evangelical Christian private university at Kericho, founded in 1989, and had not been listed here at all. Programme named in the university's published undergraduate list. Entry follows the national university minimum of a KCSE C+ together with the subject requirements for the chosen major. One thing this record cannot express in a grade: the university states that applicants are expected to show a personal commitment to an evangelically interpreted Christian life and demonstrable service or leadership in a church or Christian organisation. That is a real condition of admission, it is not academic, and no KCSE result substitutes for it - weigh it before applying. The university sets its own fees and publishes no figure reachable from this build, so the fee could not be verified and none is shown rather than a guessed one."
c534,Bachelor of Library and Information Science,Kenya Highlands University,khu,Kericho,private,degree,people,C+,no,48,,unpublished,"Kenya Highlands University is a CUE-chartered evangelical Christian private university at Kericho, founded in 1989, and had not been listed here at all. Programme named in the university's published undergraduate list. Entry follows the national university minimum of a KCSE C+ together with the subject requirements for the chosen major. One thing this record cannot express in a grade: the university states that applicants are expected to show a personal commitment to an evangelically interpreted Christian life and demonstrable service or leadership in a church or Christian organisation. That is a real condition of admission, it is not academic, and no KCSE result substitutes for it - weigh it before applying. The university sets its own fees and publishes no figure reachable from this build, so the fee could not be verified and none is shown rather than a guessed one."
c535,Bachelor of Theology,Kenya Highlands University,khu,Kericho,private,degree,people,C+,no,48,,unpublished,"Kenya Highlands University is a CUE-chartered evangelical Christian private university at Kericho, founded in 1989, and had not been listed here at all. Programme named in the university's published undergraduate list. Entry follows the national university minimum of a KCSE C+ together with the subject requirements for the chosen major. One thing this record cannot express in a grade: the university states that applicants are expected to show a personal commitment to an evangelically interpreted Christian life and demonstrable service or leadership in a church or Christian organisation. That is a real condition of admission, it is not academic, and no KCSE result substitutes for it - weigh it before applying. The university sets its own fees and publishes no figure reachable from this build, so the fee could not be verified and none is shown rather than a guessed one."
c107,Certificate in Community Health Assistant,Kenya Medical Training College (KMTC) — Kericho Campus,kmtc_kericho,Kericho,public,certificate,carer,C-,no,24,160200,derived,"KMTC publishes one national fee structure across all campuses, so this figure does not depend on which campus you attend: Ksh 82,200 in Year 1 and Ksh 78,000 in each subsequent year for regular Kenyan students, 2025/26 structure (kmtc.ac.ke, cross-reported by Tuko, EduGuide and Education News Hub, August 2026). Totals here are that schedule multiplied out by course length. Tuition only — accommodation, meals and skills-lab charges are extra and vary by campus. A non-refundable Ksh 1,500 application fee applies. Confirm with the campus before paying. Entry was previously recorded here as a D+ mean grade. That was wrong, and the error is worth naming: D+ is the BIOLOGY SUBJECT requirement for this award, not the mean grade, and it had been written into the mean-grade field. KMTC publishes a minimum KCSE mean grade of C- for every certificate programme, with the cluster-subject requirement on top - for this course a D+ in Biology or Biological Sciences and a D in one of Mathematics, Chemistry, Physics or Physical Sciences. So the C- is needed overall AND the subject grades on top. The duration and the fee moved with it: the certificate runs two years rather than one, so the national schedule multiplies out to Ksh 160,200 instead of Ksh 82,200."
c106,Diploma in Kenya Registered Community Health Nursing (KRCHN),Kenya Medical Training College (KMTC) — Kericho Campus,kmtc_kericho,Kericho,public,diploma,carer,C+,no,36,238200,derived,"KMTC publishes one national fee structure across all campuses, so this figure does not depend on which campus you attend: Ksh 82,200 in Year 1 and Ksh 78,000 in each subsequent year for regular Kenyan students, 2025/26 structure (kmtc.ac.ke, cross-reported by Tuko, EduGuide and Education News Hub, August 2026). Totals here are that schedule multiplied out by course length. Tuition only — accommodation, meals and skills-lab charges are extra and vary by campus. A non-refundable Ksh 1,500 application fee applies. Confirm with the campus before paying."
c516,Bachelor of Commerce,Gretsa University,gretsa,Kiambu,private,degree,business,C+,no,48,,unpublished,"Gretsa University is a private university at Thika in Kiambu County, awarded a full CUE charter in November 2025 after holding a letter of interim authority since 2006 - the 31st chartered private university in Kenya. Programme named in the university's published course offerings. Entry is recorded at the national CUE and KUCCPS degree minimum of a C+ mean grade; confirm the exact requirement with admissions, because a private university sets its own bar and may ask for more. The university publishes no fee for this programme in any source reachable from this build, so it could not be verified and no figure is shown rather than a guessed one - ring admissions for the current schedule."
c519,Bachelor of Education (Arts),Gretsa University,gretsa,Kiambu,private,degree,people,C+,no,48,,unpublished,"Gretsa University is a private university at Thika in Kiambu County, awarded a full CUE charter in November 2025 after holding a letter of interim authority since 2006 - the 31st chartered private university in Kenya. Programme named in the university's published course offerings. Entry is recorded at the national CUE and KUCCPS degree minimum of a C+ mean grade; confirm the exact requirement with admissions, because a private university sets its own bar and may ask for more. The university publishes no fee for this programme in any source reachable from this build, so it could not be verified and no figure is shown rather than a guessed one - ring admissions for the current schedule."
c517,Bachelor of Science in Computer Science,Gretsa University,gretsa,Kiambu,private,degree,tech,C+,no,48,,unpublished,"Gretsa University is a private university at Thika in Kiambu County, awarded a full CUE charter in November 2025 after holding a letter of interim authority since 2006 - the 31st chartered private university in Kenya. Programme named in the university's published course offerings. Entry is recorded at the national CUE and KUCCPS degree minimum of a C+ mean grade; confirm the exact requirement with admissions, because a private university sets its own bar and may ask for more. The university publishes no fee for this programme in any source reachable from this build, so it could not be verified and no figure is shown rather than a guessed one - ring admissions for the current schedule. Gretsa additionally publishes a subject requirement for this programme - a C plain in Physics, Chemistry and Mathematics - so the mean grade alone is not enough; check your subject grades before applying."
c518,Bachelor of Science in Hospitality Management,Gretsa University,gretsa,Kiambu,private,degree,business,C+,no,48,,unpublished,"Gretsa University is a private university at Thika in Kiambu County, awarded a full CUE charter in November 2025 after holding a letter of interim authority since 2006 - the 31st chartered private university in Kenya. Programme named in the university's published course offerings. Entry is recorded at the national CUE and KUCCPS degree minimum of a C+ mean grade; confirm the exact requirement with admissions, because a private university sets its own bar and may ask for more. The university publishes no fee for this programme in any source reachable from this build, so it could not be verified and no figure is shown rather than a guessed one - ring admissions for the current schedule."
c009,Bachelor of Architecture,Jomo Kenyatta University of Agriculture and Technology (JKUAT),jkuat,Kiambu,public,degree,creator,B,no,60,,unpublished,"This course previously displayed a precise-looking tuition figure that was never observed anywhere. An audit found the same value repeated across unrelated institutions - Ksh 420,000 appeared on twelve different degrees at twelve different universities, public and private, from nursing to design to actuarial science - which is not what real fee data looks like. It was a placeholder, so it has been removed rather than left wearing a caveat. The figure could not be verified against any source reachable here, so nothing is shown. Ask the institution directly; if it is a public university, note that a single per-programme price no longer exists."
c054,Bachelor of Science in Actuarial Science,Jomo Kenyatta University of Agriculture and Technology (JKUAT),jkuat,Kiambu,public,degree,numbers,B+,no,48,,unpublished,"This course previously displayed a precise-looking tuition figure that was never observed anywhere. An audit found the same value repeated across unrelated institutions - Ksh 420,000 appeared on twelve different degrees at twelve different universities, public and private, from nursing to design to actuarial science - which is not what real fee data looks like. It was a placeholder, so it has been removed rather than left wearing a caveat. The figure could not be verified against any source reachable here, so nothing is shown. Ask the institution directly; if it is a public university, note that a single per-programme price no longer exists."
c018,Bachelor of Science in Computer Science,Jomo Kenyatta University of Agriculture and Technology (JKUAT),jkuat,Kiambu,public,degree,tech,B-,no,48,,unpublished,"The university does not publish a single per-programme price for this course, and that is the honest answer rather than a gap. Kenya retired the Differentiated Unit Cost in May 2023 for the Student-Centred Funding Model, under which what a student actually pays is set by an assessed means band - scholarship, loan and household contribution combined - rather than by one per-programme price. There is therefore no single number that is true for this course. This record previously displayed a precise-looking total carrying no citation of any kind. Check your own band on the HEF portal and confirm the balance with the university finance office."
c159,Certificate in Community Health Assistant,Kenya Medical Training College (KMTC) — Thika Campus,kmtc_thika,Kiambu,public,certificate,carer,C-,no,24,160200,derived,"KMTC publishes one national fee structure across all campuses, so this figure does not depend on which campus you attend: Ksh 82,200 in Year 1 and Ksh 78,000 in each subsequent year for regular Kenyan students, 2025/26 structure (kmtc.ac.ke, cross-reported by Tuko, EduGuide and Education News Hub, August 2026). Totals here are that schedule multiplied out by course length. Tuition only — accommodation, meals and skills-lab charges are extra and vary by campus. A non-refundable Ksh 1,500 application fee applies. Confirm with the campus before paying. Entry was previously recorded here as a D+ mean grade. That was wrong, and the error is worth naming: D+ is the BIOLOGY SUBJECT requirement for this award, not the mean grade, and it had been written into the mean-grade field. KMTC publishes a minimum KCSE mean grade of C- for every certificate programme, with the cluster-subject requirement on top - for this course a D+ in Biology or Biological Sciences and a D in one of Mathematics, Chemistry, Physics or Physical Sciences. So the C- is needed overall AND the subject grades on top. The duration and the fee moved with it: the certificate runs two years rather than one, so the national schedule multiplies out to Ksh 160,200 instead of Ksh 82,200."
c158,Diploma in Kenya Registered Community Health Nursing (KRCHN),Kenya Medical Training College (KMTC) — Thika Campus,kmtc_thika,Kiambu,public,diploma,carer,C+,no,36,238200,derived,"KMTC publishes one national fee structure across all campuses, so this figure does not depend on which campus you attend: Ksh 82,200 in Year 1 and Ksh 78,000 in each subsequent year for regular Kenyan students, 2025/26 structure (kmtc.ac.ke, cross-reported by Tuko, EduGuide and Education News Hub, August 2026). Totals here are that schedule multiplied out by course length. Tuition only — accommodation, meals and skills-lab charges are extra and vary by campus. A non-refundable Ksh 1,500 application fee applies. Confirm with the campus before paying."
c822,Bachelor of Arts in Communication and Media Technology,Kenyatta University,ku,Kiambu,public,degree,creator,C+,no,48,,unpublished,"Kenyatta University is a public university in Kahawa, Kiambu County, running 117 CUE-accredited bachelor degrees across schools including Medicine, Engineering, Business, Computing, Education, Law and the Humanities. Programme listed from the national KUCCPS degree programme map against the university's own published school structure. Entry is recorded at the national CUE and KUCCPS degree minimum of a C+ mean grade, which is the bar that decides whether this card can appear for you at all. Confirm the programme code and the current cluster cut-off on the KUCCPS portal for the cycle you are applying in, because placement is competitive and cut-offs move every year. This is a public university, so there is no per-programme price to show: Kenya retired the Differentiated Unit Cost in May 2023 for the Student-Centred Funding Model, under which the university does not publish a single figure for a course - what you pay is set by the band a HELB means test places you in. /help/ explains the five bands and what each leaves the household to find."
c826,Bachelor of Arts in Psychology,Kenyatta University,ku,Kiambu,public,degree,people,C+,no,48,,unpublished,"Kenyatta University is a public university in Kahawa, Kiambu County, running 117 CUE-accredited bachelor degrees across schools including Medicine, Engineering, Business, Computing, Education, Law and the Humanities. Programme listed from the national KUCCPS degree programme map against the university's own published school structure. Entry is recorded at the national CUE and KUCCPS degree minimum of a C+ mean grade, which is the bar that decides whether this card can appear for you at all. Confirm the programme code and the current cluster cut-off on the KUCCPS portal for the cycle you are applying in, because placement is competitive and cut-offs move every year. This is a public university, so there is no per-programme price to show: Kenya retired the Differentiated Unit Cost in May 2023 for the Student-Centred Funding Model, under which the university does not publish a single figure for a course - what you pay is set by the band a HELB means test places you in. /help/ explains the five bands and what each leaves the household to find."
c816,Bachelor of Commerce,Kenyatta University,ku,Kiambu,public,degree,business,C+,no,48,,unpublished,"Kenyatta University is a public university in Kahawa, Kiambu County, running 117 CUE-accredited bachelor degrees across schools including Medicine, Engineering, Business, Computing, Education, Law and the Humanities. Programme listed from the national KUCCPS degree programme map against the university's own published school structure. Entry is recorded at the national CUE and KUCCPS degree minimum of a C+ mean grade, which is the bar that decides whether this card can appear for you at all. Confirm the programme code and the current cluster cut-off on the KUCCPS portal for the cycle you are applying in, because placement is competitive and cut-offs move every year. This is a public university, so there is no per-programme price to show: Kenya retired the Differentiated Unit Cost in May 2023 for the Student-Centred Funding Model, under which the university does not publish a single figure for a course - what you pay is set by the band a HELB means test places you in. /help/ explains the five bands and what each leaves the household to find."
c817,Bachelor of Economics,Kenyatta University,ku,Kiambu,public,degree,numbers,C+,no,48,,unpublished,"Kenyatta University is a public university in Kahawa, Kiambu County, running 117 CUE-accredited bachelor degrees across schools including Medicine, Engineering, Business, Computing, Education, Law and the Humanities. Programme listed from the national KUCCPS degree programme map against the university's own published school structure. Entry is recorded at the national CUE and KUCCPS degree minimum of a C+ mean grade, which is the bar that decides whether this card can appear for you at all. Confirm the programme code and the current cluster cut-off on the KUCCPS portal for the cycle you are applying in, because placement is competitive and cut-offs move every year. This is a public university, so there is no per-programme price to show: Kenya retired the Differentiated Unit Cost in May 2023 for the Student-Centred Funding Model, under which the university does not publish a single figure for a course - what you pay is set by the band a HELB means test places you in. /help/ explains the five bands and what each leaves the household to find."
c005,Bachelor of Education (Arts),Kenyatta University,ku,Kiambu,public,degree,carer,C+,no,48,,unpublished,"The university does not publish a single per-programme price for this course, and that is the honest answer rather than a gap. Kenya retired the Differentiated Unit Cost in May 2023 for the Student-Centred Funding Model, under which what a student actually pays is set by an assessed means band - scholarship, loan and household contribution combined - rather than by one per-programme price. There is therefore no single number that is true for this course. This record previously displayed a precise-looking total carrying no citation of any kind. Check your own band on the HEF portal and confirm the balance with the university finance office."
c820,Bachelor of Education (Early Childhood Studies),Kenyatta University,ku,Kiambu,public,degree,people,C+,no,48,,unpublished,"Kenyatta University is a public university in Kahawa, Kiambu County, running 117 CUE-accredited bachelor degrees across schools including Medicine, Engineering, Business, Computing, Education, Law and the Humanities. Programme listed from the national KUCCPS degree programme map against the university's own published school structure. Entry is recorded at the national CUE and KUCCPS degree minimum of a C+ mean grade, which is the bar that decides whether this card can appear for you at all. Confirm the programme code and the current cluster cut-off on the KUCCPS portal for the cycle you are applying in, because placement is competitive and cut-offs move every year. This is a public university, so there is no per-programme price to show: Kenya retired the Differentiated Unit Cost in May 2023 for the Student-Centred Funding Model, under which the university does not publish a single figure for a course - what you pay is set by the band a HELB means test places you in. /help/ explains the five bands and what each leaves the household to find."
c819,Bachelor of Education (Science),Kenyatta University,ku,Kiambu,public,degree,people,C+,no,48,,unpublished,"Kenyatta University is a public university in Kahawa, Kiambu County, running 117 CUE-accredited bachelor degrees across schools including Medicine, Engineering, Business, Computing, Education, Law and the Humanities. Programme listed from the national KUCCPS degree programme map against the university's own published school structure. Entry is recorded at the national CUE and KUCCPS degree minimum of a C+ mean grade, which is the bar that decides whether this card can appear for you at all. Confirm the programme code and the current cluster cut-off on the KUCCPS portal for the cycle you are applying in, because placement is competitive and cut-offs move every year. This is a public university, so there is no per-programme price to show: Kenya retired the Differentiated Unit Cost in May 2023 for the Student-Centred Funding Model, under which the university does not publish a single figure for a course - what you pay is set by the band a HELB means test places you in. /help/ explains the five bands and what each leaves the household to find."
c821,Bachelor of Education (Special Needs Education),Kenyatta University,ku,Kiambu,public,degree,people,C+,no,48,,unpublished,"Kenyatta University is a public university in Kahawa, Kiambu County, running 117 CUE-accredited bachelor degrees across schools including Medicine, Engineering, Business, Computing, Education, Law and the Humanities. Programme listed from the national KUCCPS degree programme map against the university's own published school structure. Entry is recorded at the national CUE and KUCCPS degree minimum of a C+ mean grade, which is the bar that decides whether this card can appear for you at all. Confirm the programme code and the current cluster cut-off on the KUCCPS portal for the cycle you are applying in, because placement is competitive and cut-offs move every year. This is a public university, so there is no per-programme price to show: Kenya retired the Differentiated Unit Cost in May 2023 for the Student-Centred Funding Model, under which the university does not publish a single figure for a course - what you pay is set by the band a HELB means test places you in. /help/ explains the five bands and what each leaves the household to find."
c824,Bachelor of Environmental Studies,Kenyatta University,ku,Kiambu,public,degree,maker,C+,no,48,,unpublished,"Kenyatta University is a public university in Kahawa, Kiambu County, running 117 CUE-accredited bachelor degrees across schools including Medicine, Engineering, Business, Computing, Education, Law and the Humanities. Programme listed from the national KUCCPS degree programme map against the university's own published school structure. Entry is recorded at the national CUE and KUCCPS degree minimum of a C+ mean grade, which is the bar that decides whether this card can appear for you at all. Confirm the programme code and the current cluster cut-off on the KUCCPS portal for the cycle you are applying in, because placement is competitive and cut-offs move every year. This is a public university, so there is no per-programme price to show: Kenya retired the Differentiated Unit Cost in May 2023 for the Student-Centred Funding Model, under which the university does not publish a single figure for a course - what you pay is set by the band a HELB means test places you in. /help/ explains the five bands and what each leaves the household to find."
c818,Bachelor of Laws (LLB),Kenyatta University,ku,Kiambu,public,degree,people,C+,no,48,,unpublished,"Kenyatta University is a public university in Kahawa, Kiambu County, running 117 CUE-accredited bachelor degrees across schools including Medicine, Engineering, Business, Computing, Education, Law and the Humanities. Programme listed from the national KUCCPS degree programme map against the university's own published school structure. Entry is recorded at the national CUE and KUCCPS degree minimum of a C+ mean grade, which is the bar that decides whether this card can appear for you at all. The Council of Legal Education requires a B plain in English or Kiswahili on top of the mean grade, so the C+ alone does not open this programme. Confirm the programme code and the current cluster cut-off on the KUCCPS portal for the cycle you are applying in, because placement is competitive and cut-offs move every year. This is a public university, so there is no per-programme price to show: Kenya retired the Differentiated Unit Cost in May 2023 for the Student-Centred Funding Model, under which the university does not publish a single figure for a course - what you pay is set by the band a HELB means test places you in. /help/ explains the five bands and what each leaves the household to find."
c808,Bachelor of Medicine and Bachelor of Surgery (MBChB),Kenyatta University,ku,Kiambu,public,degree,carer,C+,no,72,,unpublished,"Kenyatta University is a public university in Kahawa, Kiambu County, running 117 CUE-accredited bachelor degrees across schools including Medicine, Engineering, Business, Computing, Education, Law and the Humanities. Programme listed from the national KUCCPS degree programme map against the university's own published school structure. Entry is recorded at the national CUE and KUCCPS degree minimum of a C+ mean grade, which is the bar that decides whether this card can appear for you at all. The published subject requirement is a B plain in Biology, a B plain in Chemistry, a B plain in Mathematics or Physics and a B plain in English or Kiswahili - well above the mean-grade minimum - and placement runs at the very top of the cluster range. Treat the C+ as the door, not the queue. Confirm the programme code and the current cluster cut-off on the KUCCPS portal for the cycle you are applying in, because placement is competitive and cut-offs move every year. This is a public university, so there is no per-programme price to show: Kenya retired the Differentiated Unit Cost in May 2023 for the Student-Centred Funding Model, under which the university does not publish a single figure for a course - what you pay is set by the band a HELB means test places you in. /help/ explains the five bands and what each leaves the household to find."
c809,Bachelor of Pharmacy,Kenyatta University,ku,Kiambu,public,degree,carer,C+,no,60,,unpublished,"Kenyatta University is a public university in Kahawa, Kiambu County, running 117 CUE-accredited bachelor degrees across schools including Medicine, Engineering, Business, Computing, Education, Law and the Humanities. Programme listed from the national KUCCPS degree programme map against the university's own published school structure. Entry is recorded at the national CUE and KUCCPS degree minimum of a C+ mean grade, which is the bar that decides whether this card can appear for you at all. The published subject requirement is a C+ in Biology, Chemistry, Mathematics or Physics and English or Kiswahili, and pharmacy is one of the most competitive placements on the portal. Confirm the programme code and the current cluster cut-off on the KUCCPS portal for the cycle you are applying in, because placement is competitive and cut-offs move every year. This is a public university, so there is no per-programme price to show: Kenya retired the Differentiated Unit Cost in May 2023 for the Student-Centred Funding Model, under which the university does not publish a single figure for a course - what you pay is set by the band a HELB means test places you in. /help/ explains the five bands and what each leaves the household to find."
c827,Bachelor of Science in Agribusiness Management,Kenyatta University,ku,Kiambu,public,degree,business,C+,no,48,,unpublished,"Kenyatta University is a public university in Kahawa, Kiambu County, running 117 CUE-accredited bachelor degrees across schools including Medicine, Engineering, Business, Computing, Education, Law and the Humanities. Programme listed from the national KUCCPS degree programme map against the university's own published school structure. Entry is recorded at the national CUE and KUCCPS degree minimum of a C+ mean grade, which is the bar that decides whether this card can appear for you at all. Confirm the programme code and the current cluster cut-off on the KUCCPS portal for the cycle you are applying in, because placement is competitive and cut-offs move every year. This is a public university, so there is no per-programme price to show: Kenya retired the Differentiated Unit Cost in May 2023 for the Student-Centred Funding Model, under which the university does not publish a single figure for a course - what you pay is set by the band a HELB means test places you in. /help/ explains the five bands and what each leaves the household to find."
c811,Bachelor of Science in Civil Engineering,Kenyatta University,ku,Kiambu,public,degree,tech,C+,no,60,,unpublished,"Kenyatta University is a public university in Kahawa, Kiambu County, running 117 CUE-accredited bachelor degrees across schools including Medicine, Engineering, Business, Computing, Education, Law and the Humanities. Programme listed from the national KUCCPS degree programme map against the university's own published school structure. Entry is recorded at the national CUE and KUCCPS degree minimum of a C+ mean grade, which is the bar that decides whether this card can appear for you at all. The published subject requirement is a C+ in Mathematics, Physics, Chemistry and English or Kiswahili. Engineering cut-offs sit well above the mean-grade minimum and the programme is accredited by the Engineers Board of Kenya. Confirm the programme code and the current cluster cut-off on the KUCCPS portal for the cycle you are applying in, because placement is competitive and cut-offs move every year. This is a public university, so there is no per-programme price to show: Kenya retired the Differentiated Unit Cost in May 2023 for the Student-Centred Funding Model, under which the university does not publish a single figure for a course - what you pay is set by the band a HELB means test places you in. /help/ explains the five bands and what each leaves the household to find."
c814,Bachelor of Science in Computer Science,Kenyatta University,ku,Kiambu,public,degree,tech,C+,no,48,,unpublished,"Kenyatta University is a public university in Kahawa, Kiambu County, running 117 CUE-accredited bachelor degrees across schools including Medicine, Engineering, Business, Computing, Education, Law and the Humanities. Programme listed from the national KUCCPS degree programme map against the university's own published school structure. Entry is recorded at the national CUE and KUCCPS degree minimum of a C+ mean grade, which is the bar that decides whether this card can appear for you at all. Confirm the programme code and the current cluster cut-off on the KUCCPS portal for the cycle you are applying in, because placement is competitive and cut-offs move every year. This is a public university, so there is no per-programme price to show: Kenya retired the Differentiated Unit Cost in May 2023 for the Student-Centred Funding Model, under which the university does not publish a single figure for a course - what you pay is set by the band a HELB means test places you in. /help/ explains the five bands and what each leaves the household to find."
c812,Bachelor of Science in Electrical and Electronic Engineering,Kenyatta University,ku,Kiambu,public,degree,tech,C+,no,60,,unpublished,"Kenyatta University is a public university in Kahawa, Kiambu County, running 117 CUE-accredited bachelor degrees across schools including Medicine, Engineering, Business, Computing, Education, Law and the Humanities. Programme listed from the national KUCCPS degree programme map against the university's own published school structure. Entry is recorded at the national CUE and KUCCPS degree minimum of a C+ mean grade, which is the bar that decides whether this card can appear for you at all. The published subject requirement is a C+ in Mathematics, Physics, Chemistry and English or Kiswahili. Engineering cut-offs sit well above the mean-grade minimum and the programme is accredited by the Engineers Board of Kenya. Confirm the programme code and the current cluster cut-off on the KUCCPS portal for the cycle you are applying in, because placement is competitive and cut-offs move every year. This is a public university, so there is no per-programme price to show: Kenya retired the Differentiated Unit Cost in May 2023 for the Student-Centred Funding Model, under which the university does not publish a single figure for a course - what you pay is set by the band a HELB means test places you in. /help/ explains the five bands and what each leaves the household to find."
c823,Bachelor of Science in Hospitality and Tourism Management,Kenyatta University,ku,Kiambu,public,degree,business,C+,no,48,,unpublished,"Kenyatta University is a public university in Kahawa, Kiambu County, running 117 CUE-accredited bachelor degrees across schools including Medicine, Engineering, Business, Computing, Education, Law and the Humanities. Programme listed from the national KUCCPS degree programme map against the university's own published school structure. Entry is recorded at the national CUE and KUCCPS degree minimum of a C+ mean grade, which is the bar that decides whether this card can appear for you at all. Confirm the programme code and the current cluster cut-off on the KUCCPS portal for the cycle you are applying in, because placement is competitive and cut-offs move every year. This is a public university, so there is no per-programme price to show: Kenya retired the Differentiated Unit Cost in May 2023 for the Student-Centred Funding Model, under which the university does not publish a single figure for a course - what you pay is set by the band a HELB means test places you in. /help/ explains the five bands and what each leaves the household to find."
c815,Bachelor of Science in Information Technology,Kenyatta University,ku,Kiambu,public,degree,tech,C+,no,48,,unpublished,"Kenyatta University is a public university in Kahawa, Kiambu County, running 117 CUE-accredited bachelor degrees across schools including Medicine, Engineering, Business, Computing, Education, Law and the Humanities. Programme listed from the national KUCCPS degree programme map against the university's own published school structure. Entry is recorded at the national CUE and KUCCPS degree minimum of a C+ mean grade, which is the bar that decides whether this card can appear for you at all. Confirm the programme code and the current cluster cut-off on the KUCCPS portal for the cycle you are applying in, because placement is competitive and cut-offs move every year. This is a public university, so there is no per-programme price to show: Kenya retired the Differentiated Unit Cost in May 2023 for the Student-Centred Funding Model, under which the university does not publish a single figure for a course - what you pay is set by the band a HELB means test places you in. /help/ explains the five bands and what each leaves the household to find."
c813,Bachelor of Science in Mechanical Engineering,Kenyatta University,ku,Kiambu,public,degree,tech,C+,no,60,,unpublished,"Kenyatta University is a public university in Kahawa, Kiambu County, running 117 CUE-accredited bachelor degrees across schools including Medicine, Engineering, Business, Computing, Education, Law and the Humanities. Programme listed from the national KUCCPS degree programme map against the university's own published school structure. Entry is recorded at the national CUE and KUCCPS degree minimum of a C+ mean grade, which is the bar that decides whether this card can appear for you at all. The published subject requirement is a C+ in Mathematics, Physics, Chemistry and English or Kiswahili. Engineering cut-offs sit well above the mean-grade minimum and the programme is accredited by the Engineers Board of Kenya. Confirm the programme code and the current cluster cut-off on the KUCCPS portal for the cycle you are applying in, because placement is competitive and cut-offs move every year. This is a public university, so there is no per-programme price to show: Kenya retired the Differentiated Unit Cost in May 2023 for the Student-Centred Funding Model, under which the university does not publish a single figure for a course - what you pay is set by the band a HELB means test places you in. /help/ explains the five bands and what each leaves the household to find."
c810,Bachelor of Science in Nursing,Kenyatta University,ku,Kiambu,public,degree,carer,C+,no,48,,unpublished,"Kenyatta University is a public university in Kahawa, Kiambu County, running 117 CUE-accredited bachelor degrees across schools including Medicine, Engineering, Business, Computing, Education, Law and the Humanities. Programme listed from the national KUCCPS degree programme map against the university's own published school structure. Entry is recorded at the national CUE and KUCCPS degree minimum of a C+ mean grade, which is the bar that decides whether this card can appear for you at all. The published subject requirement is a C+ in Biology, Chemistry, Mathematics or Physics and English or Kiswahili, and nursing places are heavily oversubscribed. Confirm the programme code and the current cluster cut-off on the KUCCPS portal for the cycle you are applying in, because placement is competitive and cut-offs move every year. This is a public university, so there is no per-programme price to show: Kenya retired the Differentiated Unit Cost in May 2023 for the Student-Centred Funding Model, under which the university does not publish a single figure for a course - what you pay is set by the band a HELB means test places you in. /help/ explains the five bands and what each leaves the household to find."
c825,Bachelor of Science in Public Health,Kenyatta University,ku,Kiambu,public,degree,carer,C+,no,48,,unpublished,"Kenyatta University is a public university in Kahawa, Kiambu County, running 117 CUE-accredited bachelor degrees across schools including Medicine, Engineering, Business, Computing, Education, Law and the Humanities. Programme listed from the national KUCCPS degree programme map against the university's own published school structure. Entry is recorded at the national CUE and KUCCPS degree minimum of a C+ mean grade, which is the bar that decides whether this card can appear for you at all. The published subject requirement is a C+ in Biology, Chemistry and Mathematics or Physics. Confirm the programme code and the current cluster cut-off on the KUCCPS portal for the cycle you are applying in, because placement is competitive and cut-offs move every year. This is a public university, so there is no per-programme price to show: Kenya retired the Differentiated Unit Cost in May 2023 for the Student-Centred Funding Model, under which the university does not publish a single figure for a course - what you pay is set by the band a HELB means test places you in. /help/ explains the five bands and what each leaves the household to find."
c274,Diploma in Banking and Finance (CDACC Level 6),Kiambu National Polytechnic,kiambu_poly,Kiambu,public,diploma,numbers,C-,no,24,134378,derived,"Qualification is a TVET CDACC national curriculum at Level 6, so the same competencies and external assessment apply wherever it is taught. Entry is a KCSE mean grade of C- and above, or completion of the Level 5 certificate in the same field — which is the ladder out of a D grade rather than a dead end. Fee derived from the government's consolidated annual public-TVET fee of Ksh 67,189 (inclusive of assessment fees, effective May 2026, announced by Education CS Julius Migos Ogamba on 6 March 2026 and reported across Kenyan sector coverage), scaled to course duration. Institutes bill per term and per-course amounts differ — confirm with the registrar, and confirm the college is currently accredited to assess this qualification."
c039,Diploma in Electrical and Electronic Engineering,Kiambu National Polytechnic,kiambu_poly,Kiambu,public,diploma,maker,C-,no,36,201567,derived,"Fee derived from the government's consolidated annual public-TVET fee of Ksh 67,189 (inclusive of assessment fees, effective May 2026, as announced by government and reported by Eastleigh Voice/sector coverage, August 2026), scaled to course duration. Institutes bill per term/year and per-course amounts can differ - confirm with the registrar."
c045,Diploma in Supply Chain Management,Kiambu National Polytechnic,kiambu_poly,Kiambu,public,diploma,business,C-,no,24,134378,derived,"Fee derived from the government's consolidated annual public-TVET fee of Ksh 67,189 (inclusive of assessment fees, effective May 2026, as announced by government and reported by Eastleigh Voice/sector coverage, August 2026), scaled to course duration. Institutes bill per term/year and per-course amounts can differ - confirm with the registrar."
c514,Bachelor of Business Information Technology,Mount Kenya University,mku,Kiambu,private,degree,tech,C+,no,48,,unpublished,"Mount Kenya University is a CUE-chartered private university at Thika and the programme is named in its published undergraduate prospectus. The university publishes no per-programme minimum grade in any source reachable from this build, so entry is recorded at the CUE and KUCCPS national degree minimum of a C+ mean grade - confirm the actual requirement with admissions, because a private university sets its own bar and may ask for more. Njia deliberately lists only the programmes where C+ is a defensible floor; MKU also runs Bachelor of Pharmacy and Bachelor of Science in Nursing, which are competitive and are not listed here rather than shown against a guessed grade. The fee could not be verified: MKU sets its own rates and publishes them in documents this build cannot reach, so no figure is shown rather than an invented one - ring admissions and ask for the current schedule."
c513,Bachelor of Commerce,Mount Kenya University,mku,Kiambu,private,degree,business,C+,no,48,,unpublished,"Mount Kenya University is a CUE-chartered private university at Thika and the programme is named in its published undergraduate prospectus. The university publishes no per-programme minimum grade in any source reachable from this build, so entry is recorded at the CUE and KUCCPS national degree minimum of a C+ mean grade - confirm the actual requirement with admissions, because a private university sets its own bar and may ask for more. Njia deliberately lists only the programmes where C+ is a defensible floor; MKU also runs Bachelor of Pharmacy and Bachelor of Science in Nursing, which are competitive and are not listed here rather than shown against a guessed grade. The fee could not be verified: MKU sets its own rates and publishes them in documents this build cannot reach, so no figure is shown rather than an invented one - ring admissions and ask for the current schedule."
c512,Bachelor of Science in Information Technology,Mount Kenya University,mku,Kiambu,private,degree,tech,C+,no,48,,unpublished,"Mount Kenya University is a CUE-chartered private university at Thika and the programme is named in its published undergraduate prospectus. The university publishes no per-programme minimum grade in any source reachable from this build, so entry is recorded at the CUE and KUCCPS national degree minimum of a C+ mean grade - confirm the actual requirement with admissions, because a private university sets its own bar and may ask for more. Njia deliberately lists only the programmes where C+ is a defensible floor; MKU also runs Bachelor of Pharmacy and Bachelor of Science in Nursing, which are competitive and are not listed here rather than shown against a guessed grade. The fee could not be verified: MKU sets its own rates and publishes them in documents this build cannot reach, so no figure is shown rather than an invented one - ring admissions and ask for the current schedule."
c515,Bachelor of Science in Public Health,Mount Kenya University,mku,Kiambu,private,degree,carer,C+,no,48,,unpublished,"Mount Kenya University is a CUE-chartered private university at Thika and the programme is named in its published undergraduate prospectus. The university publishes no per-programme minimum grade in any source reachable from this build, so entry is recorded at the CUE and KUCCPS national degree minimum of a C+ mean grade - confirm the actual requirement with admissions, because a private university sets its own bar and may ask for more. Njia deliberately lists only the programmes where C+ is a defensible floor; MKU also runs Bachelor of Pharmacy and Bachelor of Science in Nursing, which are competitive and are not listed here rather than shown against a guessed grade. The fee could not be verified: MKU sets its own rates and publishes them in documents this build cannot reach, so no figure is shown rather than an invented one - ring admissions and ask for the current schedule."
c067,Diploma in Business Management,Nairobi Institute of Business Studies (NIBS),nibs,Kiambu,private,diploma,business,C-,no,24,,unpublished,"No figure is shown. This record previously carried a precise-looking total with no citation of any kind behind it, which is the weakest thing this catalogue can display because it reads exactly like a researched number. The institution publishes a fee schedule, but it could not be verified against any source reachable from this build - the schedules are PDFs on the institution's own site. The figure has been removed rather than left wearing a caveat. Ask the admissions office for the current per-programme fee and what it excludes."
c765,Bachelor of Arts in Communication,Pan Africa Christian University (PAC),pac,Kiambu,private,degree,creator,C+,no,48,,unpublished,"Pan Africa Christian University is a CUE-chartered evangelical private university in Roysambu, Nairobi. Programme named in the university's own published academic programmes listing. Entry is recorded at the national CUE and KUCCPS degree minimum of a C+ mean grade, which is the bar the university publishes. Note that PAC also requires applicants to give a personal testimony of Christian conversion in harmony with the university's doctrinal basis and to show active involvement in church witness and service, and to be at least 17 - so meeting the grade alone does not make an applicant eligible here. The university publishes a fee schedule, but its figure for this named programme could not be verified against any source reachable from this build, so none is shown rather than a guessed one. Ring admissions for the current schedule."
c767,Bachelor of Arts in Community Development,Pan Africa Christian University (PAC),pac,Kiambu,private,degree,people,C+,no,48,,unpublished,"Pan Africa Christian University is a CUE-chartered evangelical private university in Roysambu, Nairobi. Programme named in the university's own published academic programmes listing. Entry is recorded at the national CUE and KUCCPS degree minimum of a C+ mean grade, which is the bar the university publishes. Note that PAC also requires applicants to give a personal testimony of Christian conversion in harmony with the university's doctrinal basis and to show active involvement in church witness and service, and to be at least 17 - so meeting the grade alone does not make an applicant eligible here. The university publishes a fee schedule, but its figure for this named programme could not be verified against any source reachable from this build, so none is shown rather than a guessed one. Ring admissions for the current schedule."
c766,Bachelor of Arts in Counselling Psychology,Pan Africa Christian University (PAC),pac,Kiambu,private,degree,people,C+,no,48,,unpublished,"Pan Africa Christian University is a CUE-chartered evangelical private university in Roysambu, Nairobi. Programme named in the university's own published academic programmes listing. Entry is recorded at the national CUE and KUCCPS degree minimum of a C+ mean grade, which is the bar the university publishes. Note that PAC also requires applicants to give a personal testimony of Christian conversion in harmony with the university's doctrinal basis and to show active involvement in church witness and service, and to be at least 17 - so meeting the grade alone does not make an applicant eligible here. The university publishes a fee schedule, but its figure for this named programme could not be verified against any source reachable from this build, so none is shown rather than a guessed one. Ring admissions for the current schedule."
c764,Bachelor of Business Information Technology,Pan Africa Christian University (PAC),pac,Kiambu,private,degree,tech,C+,no,48,,unpublished,"Pan Africa Christian University is a CUE-chartered evangelical private university in Roysambu, Nairobi. Programme named in the university's own published academic programmes listing. Entry is recorded at the national CUE and KUCCPS degree minimum of a C+ mean grade, which is the bar the university publishes. Note that PAC also requires applicants to give a personal testimony of Christian conversion in harmony with the university's doctrinal basis and to show active involvement in church witness and service, and to be at least 17 - so meeting the grade alone does not make an applicant eligible here. The university publishes a fee schedule, but its figure for this named programme could not be verified against any source reachable from this build, so none is shown rather than a guessed one. Ring admissions for the current schedule."
c763,Bachelor of Business Leadership,Pan Africa Christian University (PAC),pac,Kiambu,private,degree,business,C+,no,48,,unpublished,"Pan Africa Christian University is a CUE-chartered evangelical private university in Roysambu, Nairobi. Programme named in the university's own published academic programmes listing. Entry is recorded at the national CUE and KUCCPS degree minimum of a C+ mean grade, which is the bar the university publishes. Note that PAC also requires applicants to give a personal testimony of Christian conversion in harmony with the university's doctrinal basis and to show active involvement in church witness and service, and to be at least 17 - so meeting the grade alone does not make an applicant eligible here. The university publishes a fee schedule, but its figure for this named programme could not be verified against any source reachable from this build, so none is shown rather than a guessed one. Ring admissions for the current schedule."
c762,Bachelor of Commerce,Pan Africa Christian University (PAC),pac,Kiambu,private,degree,business,C+,no,48,,unpublished,"Pan Africa Christian University is a CUE-chartered evangelical private university in Roysambu, Nairobi. Programme named in the university's own published academic programmes listing. Entry is recorded at the national CUE and KUCCPS degree minimum of a C+ mean grade, which is the bar the university publishes. Note that PAC also requires applicants to give a personal testimony of Christian conversion in harmony with the university's doctrinal basis and to show active involvement in church witness and service, and to be at least 17 - so meeting the grade alone does not make an applicant eligible here. The university publishes a fee schedule, but its figure for this named programme could not be verified against any source reachable from this build, so none is shown rather than a guessed one. Ring admissions for the current schedule."
c001,Diploma in Counselling Psychology,Pan Africa Christian University (PAC),pac,Kiambu,private,diploma,carer,C,no,24,,unpublished,"No figure is shown. This record previously carried a precise-looking total with no citation of any kind behind it, which is the weakest thing this catalogue can display because it reads exactly like a researched number. The institution publishes a fee schedule, but it could not be verified against any source reachable from this build - the schedules are PDFs on the institution's own site. The figure has been removed rather than left wearing a caveat. Ask the admissions office for the current per-programme fee and what it excludes."
c772,Bachelor of Arts in Communication,St Paul's University,spu,Kiambu,private,degree,creator,C+,no,48,,unpublished,"St Paul's University is a CUE-chartered ecumenical Christian private university with its main campus at Limuru in Kiambu County and campuses in Nairobi, Nakuru and Machakos. Programme named in the university's own published course listing. Entry is recorded at the national CUE and KUCCPS degree minimum of a C+ mean grade; confirm the exact requirement with admissions, because a private university sets its own bar and may ask for more. The university publishes a fee schedule, but its figure for this named programme could not be verified against any source reachable from this build, so none is shown rather than a guessed one. Ring admissions for the current schedule."
c773,Bachelor of Arts in Social Work,St Paul's University,spu,Kiambu,private,degree,people,C+,no,48,,unpublished,"St Paul's University is a CUE-chartered ecumenical Christian private university with its main campus at Limuru in Kiambu County and campuses in Nairobi, Nakuru and Machakos. Programme named in the university's own published course listing. Entry is recorded at the national CUE and KUCCPS degree minimum of a C+ mean grade; confirm the exact requirement with admissions, because a private university sets its own bar and may ask for more. The university publishes a fee schedule, but its figure for this named programme could not be verified against any source reachable from this build, so none is shown rather than a guessed one. Ring admissions for the current schedule."
c768,Bachelor of Business Administration and Management,St Paul's University,spu,Kiambu,private,degree,business,C+,no,48,,unpublished,"St Paul's University is a CUE-chartered ecumenical Christian private university with its main campus at Limuru in Kiambu County and campuses in Nairobi, Nakuru and Machakos. Programme named in the university's own published course listing. Entry is recorded at the national CUE and KUCCPS degree minimum of a C+ mean grade; confirm the exact requirement with admissions, because a private university sets its own bar and may ask for more. The university publishes a fee schedule, but its figure for this named programme could not be verified against any source reachable from this build, so none is shown rather than a guessed one. Ring admissions for the current schedule."
c770,Bachelor of Business and Information Technology,St Paul's University,spu,Kiambu,private,degree,tech,C+,no,48,,unpublished,"St Paul's University is a CUE-chartered ecumenical Christian private university with its main campus at Limuru in Kiambu County and campuses in Nairobi, Nakuru and Machakos. Programme named in the university's own published course listing. Entry is recorded at the national CUE and KUCCPS degree minimum of a C+ mean grade; confirm the exact requirement with admissions, because a private university sets its own bar and may ask for more. The university publishes a fee schedule, but its figure for this named programme could not be verified against any source reachable from this build, so none is shown rather than a guessed one. Ring admissions for the current schedule."
c769,Bachelor of Commerce,St Paul's University,spu,Kiambu,private,degree,business,C+,no,48,,unpublished,"St Paul's University is a CUE-chartered ecumenical Christian private university with its main campus at Limuru in Kiambu County and campuses in Nairobi, Nakuru and Machakos. Programme named in the university's own published course listing. Entry is recorded at the national CUE and KUCCPS degree minimum of a C+ mean grade; confirm the exact requirement with admissions, because a private university sets its own bar and may ask for more. The university publishes a fee schedule, but its figure for this named programme could not be verified against any source reachable from this build, so none is shown rather than a guessed one. Ring admissions for the current schedule."
c774,Bachelor of Education (Arts),St Paul's University,spu,Kiambu,private,degree,people,C+,no,48,,unpublished,"St Paul's University is a CUE-chartered ecumenical Christian private university with its main campus at Limuru in Kiambu County and campuses in Nairobi, Nakuru and Machakos. Programme named in the university's own published course listing. Entry is recorded at the national CUE and KUCCPS degree minimum of a C+ mean grade; confirm the exact requirement with admissions, because a private university sets its own bar and may ask for more. The university publishes a fee schedule, but its figure for this named programme could not be verified against any source reachable from this build, so none is shown rather than a guessed one. Ring admissions for the current schedule."
c775,Bachelor of Education (Special Needs),St Paul's University,spu,Kiambu,private,degree,people,C+,no,48,,unpublished,"St Paul's University is a CUE-chartered ecumenical Christian private university with its main campus at Limuru in Kiambu County and campuses in Nairobi, Nakuru and Machakos. Programme named in the university's own published course listing. Entry is recorded at the national CUE and KUCCPS degree minimum of a C+ mean grade; confirm the exact requirement with admissions, because a private university sets its own bar and may ask for more. The university publishes a fee schedule, but its figure for this named programme could not be verified against any source reachable from this build, so none is shown rather than a guessed one. Ring admissions for the current schedule."
c771,Bachelor of Science in Computer Science,St Paul's University,spu,Kiambu,private,degree,tech,C+,no,48,,unpublished,"St Paul's University is a CUE-chartered ecumenical Christian private university with its main campus at Limuru in Kiambu County and campuses in Nairobi, Nakuru and Machakos. Programme named in the university's own published course listing. Entry is recorded at the national CUE and KUCCPS degree minimum of a C+ mean grade; confirm the exact requirement with admissions, because a private university sets its own bar and may ask for more. The university publishes a fee schedule, but its figure for this named programme could not be verified against any source reachable from this build, so none is shown rather than a guessed one. Ring admissions for the current schedule."
c071,Bachelor of Theology and Community Leadership,St Paul's University,spu,Kiambu,private,degree,people,C+,no,48,,unpublished,"No figure is shown. This record previously carried a precise-looking total with no citation of any kind behind it, which is the weakest thing this catalogue can display because it reads exactly like a researched number. The institution publishes a fee schedule, but it could not be verified against any source reachable from this build - the schedules are PDFs on the institution's own site. The figure has been removed rather than left wearing a caveat. Ask the admissions office for the current per-programme fee and what it excludes."
c260,Diploma in Primary Teacher Education,"St. John's Teachers Training College, Kilimambogo",kilimambogo_ttc,Kiambu,public,diploma,carer,C,no,36,201567,derived,"Entry grade and structure from KUCCPS and TSC: the P1 certificate has been phased out and the Diploma in Primary Teacher Education is now the minimum qualification TSC will register, entered on a KCSE mean grade of C plain over three years at one of 33 public teacher training colleges, with placement through KUCCPS and assessment by KNEC. Fee derived from the Ksh 67,189 first-year figure published for KUCCPS-placed students at public TTCs - the same government consolidated rate used across public TVET - scaled to three years; one college separately quotes about Ksh 205,000 for the full course inclusive of admission, practicum and KNEC assessment, which agrees within two per cent. Outcome figures are null rather than estimated: with roughly 369,000 registered teachers unemployed, any employment rate Njia invented here would be actively misleading. Confirm fees with the college."
c220,Artisan in Automotive Engineering,St. Kizito Vocational Training Institute,stkizito,Kiambu,private,artisan,maker,,yes,24,,unpublished,"Catholic vocational training institute at Githurai Kimbo, founded on Cardinal Otunga's 1990 initiative to place technical training in Nairobi's poorest areas, and a KNEC examination centre. Programmes are open to primary as well as secondary school leavers, so min_grade is null. The institute publishes no fee structure, so no figure is shown rather than a guessed one."
c217,Artisan in Carpentry and Joinery,St. Kizito Vocational Training Institute,stkizito,Kiambu,private,artisan,maker,,yes,24,,unpublished,"Catholic vocational training institute at Githurai Kimbo, founded on Cardinal Otunga's 1990 initiative to place technical training in Nairobi's poorest areas, and a KNEC examination centre. Programmes are open to primary as well as secondary school leavers, so min_grade is null. The institute publishes no fee structure, so no figure is shown rather than a guessed one."
c221,Artisan in Computer Studies,St. Kizito Vocational Training Institute,stkizito,Kiambu,private,artisan,tech,,yes,12,,unpublished,"Catholic vocational training institute at Githurai Kimbo, founded on Cardinal Otunga's 1990 initiative to place technical training in Nairobi's poorest areas, and a KNEC examination centre. Programmes are open to primary as well as secondary school leavers, so min_grade is null. The institute publishes no fee structure, so no figure is shown rather than a guessed one."
c219,Artisan in Electrical Installation,St. Kizito Vocational Training Institute,stkizito,Kiambu,private,artisan,maker,,yes,24,,unpublished,"Catholic vocational training institute at Githurai Kimbo, founded on Cardinal Otunga's 1990 initiative to place technical training in Nairobi's poorest areas, and a KNEC examination centre. Programmes are open to primary as well as secondary school leavers, so min_grade is null. The institute publishes no fee structure, so no figure is shown rather than a guessed one."
c218,Artisan in Plumbing,St. Kizito Vocational Training Institute,stkizito,Kiambu,private,artisan,maker,,yes,24,,unpublished,"Catholic vocational training institute at Githurai Kimbo, founded on Cardinal Otunga's 1990 initiative to place technical training in Nairobi's poorest areas, and a KNEC examination centre. Programmes are open to primary as well as secondary school leavers, so min_grade is null. The institute publishes no fee structure, so no figure is shown rather than a guessed one."
c520,Bachelor of Business Administration and Management,Zetech University,zetech,Kiambu,private,degree,business,C+,no,48,,unpublished,"Zetech University is a CUE-chartered private university with campuses in Nairobi and Ruiru, Kiambu County. Programme named in the university's published course listing. Entry is recorded at the national CUE and KUCCPS degree minimum of a C+ mean grade; confirm the exact requirement with admissions, because a private university sets its own bar and may ask for more. The university publishes no fee for this programme in any source reachable from this build, so it could not be verified and no figure is shown rather than a guessed one - ring admissions for the current schedule."
c522,Bachelor of International Relations and Diplomacy,Zetech University,zetech,Kiambu,private,degree,people,C+,no,48,,unpublished,"Zetech University is a CUE-chartered private university with campuses in Nairobi and Ruiru, Kiambu County. Programme named in the university's published course listing. Entry is recorded at the national CUE and KUCCPS degree minimum of a C+ mean grade; confirm the exact requirement with admissions, because a private university sets its own bar and may ask for more. The university publishes no fee for this programme in any source reachable from this build, so it could not be verified and no figure is shown rather than a guessed one - ring admissions for the current schedule."
c521,Bachelor of Purchasing and Supply Chain Management,Zetech University,zetech,Kiambu,private,degree,business,C+,no,48,,unpublished,"Zetech University is a CUE-chartered private university with campuses in Nairobi and Ruiru, Kiambu County. Programme named in the university's published course listing. Entry is recorded at the national CUE and KUCCPS degree minimum of a C+ mean grade; confirm the exact requirement with admissions, because a private university sets its own bar and may ask for more. The university publishes no fee for this programme in any source reachable from this build, so it could not be verified and no figure is shown rather than a guessed one - ring admissions for the current schedule."
c066,Bachelor of Science in Information Technology,Zetech University,zetech,Kiambu,private,degree,tech,C+,no,48,,unpublished,"This course previously displayed a precise-looking tuition figure that was never observed anywhere. An audit found the same value repeated across unrelated institutions - Ksh 420,000 appeared on twelve different degrees at twelve different universities, public and private, from nursing to design to actuarial science - which is not what real fee data looks like. It was a placeholder, so it has been removed rather than left wearing a caveat. The figure could not be verified against any source reachable here, so nothing is shown. Ask the institution directly; if it is a public university, note that a single per-programme price no longer exists."
c523,Bachelor of Science in Software Engineering,Zetech University,zetech,Kiambu,private,degree,tech,C+,no,48,,unpublished,"Zetech University is a CUE-chartered private university with campuses in Nairobi and Ruiru, Kiambu County. Programme named in the university's published course listing. Entry is recorded at the national CUE and KUCCPS degree minimum of a C+ mean grade, and Zetech publishes a subject requirement for its ICT degrees of a C plain in Mathematics and in English or Kiswahili, so the mean grade alone is not enough; confirm the exact requirement with admissions, because a private university sets its own bar and may ask for more. The university publishes no fee for this programme in any source reachable from this build, so it could not be verified and no figure is shown rather than a guessed one - ring admissions for the current schedule."
c117,Certificate in Community Health Assistant,Kenya Medical Training College (KMTC) — Kilifi Campus,kmtc_kilifi,Kilifi,public,certificate,carer,C-,no,24,160200,derived,"KMTC publishes one national fee structure across all campuses, so this figure does not depend on which campus you attend: Ksh 82,200 in Year 1 and Ksh 78,000 in each subsequent year for regular Kenyan students, 2025/26 structure (kmtc.ac.ke, cross-reported by Tuko, EduGuide and Education News Hub, August 2026). Totals here are that schedule multiplied out by course length. Tuition only — accommodation, meals and skills-lab charges are extra and vary by campus. A non-refundable Ksh 1,500 application fee applies. Confirm with the campus before paying. Entry was previously recorded here as a D+ mean grade. That was wrong, and the error is worth naming: D+ is the BIOLOGY SUBJECT requirement for this award, not the mean grade, and it had been written into the mean-grade field. KMTC publishes a minimum KCSE mean grade of C- for every certificate programme, with the cluster-subject requirement on top - for this course a D+ in Biology or Biological Sciences and a D in one of Mathematics, Chemistry, Physics or Physical Sciences. So the C- is needed overall AND the subject grades on top. The duration and the fee moved with it: the certificate runs two years rather than one, so the national schedule multiplies out to Ksh 160,200 instead of Ksh 82,200."
c116,Diploma in Kenya Registered Community Health Nursing (KRCHN),Kenya Medical Training College (KMTC) — Kilifi Campus,kmtc_kilifi,Kilifi,public,diploma,carer,C+,no,36,238200,derived,"KMTC publishes one national fee structure across all campuses, so this figure does not depend on which campus you attend: Ksh 82,200 in Year 1 and Ksh 78,000 in each subsequent year for regular Kenyan students, 2025/26 structure (kmtc.ac.ke, cross-reported by Tuko, EduGuide and Education News Hub, August 2026). Totals here are that schedule multiplied out by course length. Tuition only — accommodation, meals and skills-lab charges are extra and vary by campus. A non-refundable Ksh 1,500 application fee applies. Confirm with the campus before paying."
c253,Trade Test Grade III in Carpentry and Joinery (NITA),Kilifi Saidia College,kilifisaidia,Kilifi,private,artisan,maker,,yes,12,,unpublished,"Programme named by Kilifi Saidia College, a private technical and vocational training centre registered and licensed by TVETA and examined by NITA. Trade Test Grade III is the entry rung of the NITA ladder, taken by KCPE holders and low-scoring KCSE candidates, so min_grade is null. The college publishes no fee structure, and as a private centre its charges will not match the public consolidated fee — ask before applying."
c254,Trade Test Grade III in Tailoring and Dressmaking (NITA),Kilifi Saidia College,kilifisaidia,Kilifi,private,artisan,maker,,yes,12,,unpublished,"Programme named by Kilifi Saidia College, a private technical and vocational training centre registered and licensed by TVETA and examined by NITA. Trade Test Grade III is the entry rung of the NITA ladder, taken by KCPE holders and low-scoring KCSE candidates, so min_grade is null. The college publishes no fee structure, and as a private centre its charges will not match the public consolidated fee — ask before applying."
c663,Bachelor of Environmental Studies (Community Development),Pwani University,pwani,Kilifi,public,degree,people,C+,no,48,,unpublished,"Pwani University is a public chartered university at Kilifi, about 60km north of Mombasa, and had not been listed here at all. Programme named in its published course listing. It does not publish a single per-programme price: Kenya retired the Differentiated Unit Cost in May 2023 for the Student-Centred Funding Model, under which what a student pays is set by an assessed means band, so no fee is shown rather than a guessed one. Degrees are placed through KUCCPS at a KCSE mean grade of C+, with subject requirements that vary by programme and cluster-point cut-offs that move each cycle. Njia does not list Pwani's Bachelor of Medicine and Surgery: medicine is the most competitive programme in the Kenyan system and no Pwani-specific bar was published, so showing it against the C+ mean would send a C+ applicant at a place they cannot win."
c658,Bachelor of Science in Agricultural Education and Extension,Pwani University,pwani,Kilifi,public,degree,people,C+,no,48,,unpublished,"Pwani University is a public chartered university at Kilifi, about 60km north of Mombasa, and had not been listed here at all. Programme named in its published course listing. It does not publish a single per-programme price: Kenya retired the Differentiated Unit Cost in May 2023 for the Student-Centred Funding Model, under which what a student pays is set by an assessed means band, so no fee is shown rather than a guessed one. Degrees are placed through KUCCPS at a KCSE mean grade of C+, with subject requirements that vary by programme and cluster-point cut-offs that move each cycle. Njia does not list Pwani's Bachelor of Medicine and Surgery: medicine is the most competitive programme in the Kenyan system and no Pwani-specific bar was published, so showing it against the C+ mean would send a C+ applicant at a place they cannot win."
c659,Bachelor of Science in Agricultural Enterprise Development,Pwani University,pwani,Kilifi,public,degree,business,C+,no,48,,unpublished,"Pwani University is a public chartered university at Kilifi, about 60km north of Mombasa, and had not been listed here at all. Programme named in its published course listing. It does not publish a single per-programme price: Kenya retired the Differentiated Unit Cost in May 2023 for the Student-Centred Funding Model, under which what a student pays is set by an assessed means band, so no fee is shown rather than a guessed one. Degrees are placed through KUCCPS at a KCSE mean grade of C+, with subject requirements that vary by programme and cluster-point cut-offs that move each cycle. Njia does not list Pwani's Bachelor of Medicine and Surgery: medicine is the most competitive programme in the Kenyan system and no Pwani-specific bar was published, so showing it against the C+ mean would send a C+ applicant at a place they cannot win."
c660,Bachelor of Science in Agricultural Resource Management,Pwani University,pwani,Kilifi,public,degree,maker,C+,no,48,,unpublished,"Pwani University is a public chartered university at Kilifi, about 60km north of Mombasa, and had not been listed here at all. Programme named in its published course listing. It does not publish a single per-programme price: Kenya retired the Differentiated Unit Cost in May 2023 for the Student-Centred Funding Model, under which what a student pays is set by an assessed means band, so no fee is shown rather than a guessed one. Degrees are placed through KUCCPS at a KCSE mean grade of C+, with subject requirements that vary by programme and cluster-point cut-offs that move each cycle. Njia does not list Pwani's Bachelor of Medicine and Surgery: medicine is the most competitive programme in the Kenyan system and no Pwani-specific bar was published, so showing it against the C+ mean would send a C+ applicant at a place they cannot win."
c661,Bachelor of Science in Animal Production and Health Management,Pwani University,pwani,Kilifi,public,degree,maker,C+,no,48,,unpublished,"Pwani University is a public chartered university at Kilifi, about 60km north of Mombasa, and had not been listed here at all. Programme named in its published course listing. It does not publish a single per-programme price: Kenya retired the Differentiated Unit Cost in May 2023 for the Student-Centred Funding Model, under which what a student pays is set by an assessed means band, so no fee is shown rather than a guessed one. Degrees are placed through KUCCPS at a KCSE mean grade of C+, with subject requirements that vary by programme and cluster-point cut-offs that move each cycle. Njia does not list Pwani's Bachelor of Medicine and Surgery: medicine is the most competitive programme in the Kenyan system and no Pwani-specific bar was published, so showing it against the C+ mean would send a C+ applicant at a place they cannot win."
c662,"Bachelor of Science in Food, Nutrition and Dietetics",Pwani University,pwani,Kilifi,public,degree,carer,C+,no,48,,unpublished,"Pwani University is a public chartered university at Kilifi, about 60km north of Mombasa, and had not been listed here at all. Programme named in its published course listing. It does not publish a single per-programme price: Kenya retired the Differentiated Unit Cost in May 2023 for the Student-Centred Funding Model, under which what a student pays is set by an assessed means band, so no fee is shown rather than a guessed one. Degrees are placed through KUCCPS at a KCSE mean grade of C+, with subject requirements that vary by programme and cluster-point cut-offs that move each cycle. Njia does not list Pwani's Bachelor of Medicine and Surgery: medicine is the most competitive programme in the Kenyan system and no Pwani-specific bar was published, so showing it against the C+ mean would send a C+ applicant at a place they cannot win."
c666,Certificate in Supply Chain Management,Pwani University,pwani,Kilifi,public,certificate,business,D+,no,12,,unpublished,"Pwani University is a public chartered university at Kilifi, about 60km north of Mombasa, and had not been listed here at all. Programme named in its published course listing. It does not publish a single per-programme price: Kenya retired the Differentiated Unit Cost in May 2023 for the Student-Centred Funding Model, under which what a student pays is set by an assessed means band, so no fee is shown rather than a guessed one. This is a certificate at the PU-TVET College, and it is the tier most worth knowing about here: Pwani publishes certificate entry at a KCSE mean grade of D+, far below anything the degree side asks. The college runs 75 diploma and certificate programmes in total and only the ones a reachable source names are listed, so ask the college what else is running."
c665,Diploma in Applied Biology,Pwani University,pwani,Kilifi,public,diploma,numbers,C-,no,24,,unpublished,"Pwani University is a public chartered university at Kilifi, about 60km north of Mombasa, and had not been listed here at all. Programme named in its published course listing. It does not publish a single per-programme price: Kenya retired the Differentiated Unit Cost in May 2023 for the Student-Centred Funding Model, under which what a student pays is set by an assessed means band, so no fee is shown rather than a guessed one. This is a diploma at the PU-TVET College, which runs 75 diploma and certificate programmes across agricultural, applied, health, business and liberal studies. Pwani publishes diploma entry as a KCSE mean grade of C- plus the subject requirements for the programme."
c664,Diploma in Business Management,Pwani University,pwani,Kilifi,public,diploma,business,C-,no,24,,unpublished,"Pwani University is a public chartered university at Kilifi, about 60km north of Mombasa, and had not been listed here at all. Programme named in its published course listing. It does not publish a single per-programme price: Kenya retired the Differentiated Unit Cost in May 2023 for the Student-Centred Funding Model, under which what a student pays is set by an assessed means band, so no fee is shown rather than a guessed one. This is a diploma at the PU-TVET College, which runs 75 diploma and certificate programmes across agricultural, applied, health, business and liberal studies. Pwani publishes diploma entry as a KCSE mean grade of C- plus the subject requirements for the programme."
c320,Diploma in Culinary Arts,Ronald Ngala Utalii College,rnuc,Kilifi,public,diploma,creator,C,no,24,180000,illustrative,"Kenya Utalii College is a state corporation under the Ministry of Tourism, NOT a TVET institute on the government's consolidated Ksh 67,189 rate, so that rate must not be used to derive its fees. Published Utalii figures conflict: roughly Ksh 38,850 per semester (about 77,700 a year), a quoted diploma range of Ksh 88,000-92,000, a certificate range of Ksh 80,000-85,000, and one one-year certificate quoted at Ksh 125,900. Njia will not choose among those and call the result verified, so the figure shown is an illustrative annual-equivalent scaled to course length and is flagged as such. Entry grades are from KUCCPS: a KCSE mean grade of C plain for diplomas and C- for certificates. Confirm the current fee and the exact programme list with the college or on the KUCCPS student portal before you decide. This campus opens for its pioneer intake in September 2026 with roughly 1,000 places, applications through the KUCCPS student portal at students.kuccps.ac.ke closing 23 August 2026. Six certificate programmes also run at this campus; the exact certificate list was not published in the sources available here, so confirm it on the portal rather than assuming it matches the Nairobi campus."
c322,Diploma in Food and Beverage Management,Ronald Ngala Utalii College,rnuc,Kilifi,public,diploma,business,C,no,24,180000,illustrative,"Kenya Utalii College is a state corporation under the Ministry of Tourism, NOT a TVET institute on the government's consolidated Ksh 67,189 rate, so that rate must not be used to derive its fees. Published Utalii figures conflict: roughly Ksh 38,850 per semester (about 77,700 a year), a quoted diploma range of Ksh 88,000-92,000, a certificate range of Ksh 80,000-85,000, and one one-year certificate quoted at Ksh 125,900. Njia will not choose among those and call the result verified, so the figure shown is an illustrative annual-equivalent scaled to course length and is flagged as such. Entry grades are from KUCCPS: a KCSE mean grade of C plain for diplomas and C- for certificates. Confirm the current fee and the exact programme list with the college or on the KUCCPS student portal before you decide. This campus opens for its pioneer intake in September 2026 with roughly 1,000 places, applications through the KUCCPS student portal at students.kuccps.ac.ke closing 23 August 2026. Six certificate programmes also run at this campus; the exact certificate list was not published in the sources available here, so confirm it on the portal rather than assuming it matches the Nairobi campus."
c321,Diploma in Front Office Operations,Ronald Ngala Utalii College,rnuc,Kilifi,public,diploma,people,C,no,24,180000,illustrative,"Kenya Utalii College is a state corporation under the Ministry of Tourism, NOT a TVET institute on the government's consolidated Ksh 67,189 rate, so that rate must not be used to derive its fees. Published Utalii figures conflict: roughly Ksh 38,850 per semester (about 77,700 a year), a quoted diploma range of Ksh 88,000-92,000, a certificate range of Ksh 80,000-85,000, and one one-year certificate quoted at Ksh 125,900. Njia will not choose among those and call the result verified, so the figure shown is an illustrative annual-equivalent scaled to course length and is flagged as such. Entry grades are from KUCCPS: a KCSE mean grade of C plain for diplomas and C- for certificates. Confirm the current fee and the exact programme list with the college or on the KUCCPS student portal before you decide. This campus opens for its pioneer intake in September 2026 with roughly 1,000 places, applications through the KUCCPS student portal at students.kuccps.ac.ke closing 23 August 2026. Six certificate programmes also run at this campus; the exact certificate list was not published in the sources available here, so confirm it on the portal rather than assuming it matches the Nairobi campus."
c318,Diploma in Hospitality Management,Ronald Ngala Utalii College,rnuc,Kilifi,public,diploma,business,C,no,24,180000,illustrative,"Kenya Utalii College is a state corporation under the Ministry of Tourism, NOT a TVET institute on the government's consolidated Ksh 67,189 rate, so that rate must not be used to derive its fees. Published Utalii figures conflict: roughly Ksh 38,850 per semester (about 77,700 a year), a quoted diploma range of Ksh 88,000-92,000, a certificate range of Ksh 80,000-85,000, and one one-year certificate quoted at Ksh 125,900. Njia will not choose among those and call the result verified, so the figure shown is an illustrative annual-equivalent scaled to course length and is flagged as such. Entry grades are from KUCCPS: a KCSE mean grade of C plain for diplomas and C- for certificates. Confirm the current fee and the exact programme list with the college or on the KUCCPS student portal before you decide. This campus opens for its pioneer intake in September 2026 with roughly 1,000 places, applications through the KUCCPS student portal at students.kuccps.ac.ke closing 23 August 2026. Six certificate programmes also run at this campus; the exact certificate list was not published in the sources available here, so confirm it on the portal rather than assuming it matches the Nairobi campus."
c319,Diploma in Hotel Management,Ronald Ngala Utalii College,rnuc,Kilifi,public,diploma,business,C,no,36,270000,illustrative,"Kenya Utalii College is a state corporation under the Ministry of Tourism, NOT a TVET institute on the government's consolidated Ksh 67,189 rate, so that rate must not be used to derive its fees. Published Utalii figures conflict: roughly Ksh 38,850 per semester (about 77,700 a year), a quoted diploma range of Ksh 88,000-92,000, a certificate range of Ksh 80,000-85,000, and one one-year certificate quoted at Ksh 125,900. Njia will not choose among those and call the result verified, so the figure shown is an illustrative annual-equivalent scaled to course length and is flagged as such. Entry grades are from KUCCPS: a KCSE mean grade of C plain for diplomas and C- for certificates. Confirm the current fee and the exact programme list with the college or on the KUCCPS student portal before you decide. This campus opens for its pioneer intake in September 2026 with roughly 1,000 places, applications through the KUCCPS student portal at students.kuccps.ac.ke closing 23 August 2026. Six certificate programmes also run at this campus; the exact certificate list was not published in the sources available here, so confirm it on the portal rather than assuming it matches the Nairobi campus."
c323,Diploma in Housekeeping and Laundry Management,Ronald Ngala Utalii College,rnuc,Kilifi,public,diploma,business,C,no,24,180000,illustrative,"Kenya Utalii College is a state corporation under the Ministry of Tourism, NOT a TVET institute on the government's consolidated Ksh 67,189 rate, so that rate must not be used to derive its fees. Published Utalii figures conflict: roughly Ksh 38,850 per semester (about 77,700 a year), a quoted diploma range of Ksh 88,000-92,000, a certificate range of Ksh 80,000-85,000, and one one-year certificate quoted at Ksh 125,900. Njia will not choose among those and call the result verified, so the figure shown is an illustrative annual-equivalent scaled to course length and is flagged as such. Entry grades are from KUCCPS: a KCSE mean grade of C plain for diplomas and C- for certificates. Confirm the current fee and the exact programme list with the college or on the KUCCPS student portal before you decide. This campus opens for its pioneer intake in September 2026 with roughly 1,000 places, applications through the KUCCPS student portal at students.kuccps.ac.ke closing 23 August 2026. Six certificate programmes also run at this campus; the exact certificate list was not published in the sources available here, so confirm it on the portal rather than assuming it matches the Nairobi campus."
c324,Diploma in Seafaring,Ronald Ngala Utalii College,rnuc,Kilifi,public,diploma,maker,C,no,24,180000,illustrative,"Kenya Utalii College is a state corporation under the Ministry of Tourism, NOT a TVET institute on the government's consolidated Ksh 67,189 rate, so that rate must not be used to derive its fees. Published Utalii figures conflict: roughly Ksh 38,850 per semester (about 77,700 a year), a quoted diploma range of Ksh 88,000-92,000, a certificate range of Ksh 80,000-85,000, and one one-year certificate quoted at Ksh 125,900. Njia will not choose among those and call the result verified, so the figure shown is an illustrative annual-equivalent scaled to course length and is flagged as such. Entry grades are from KUCCPS: a KCSE mean grade of C plain for diplomas and C- for certificates. Confirm the current fee and the exact programme list with the college or on the KUCCPS student portal before you decide. This campus opens for its pioneer intake in September 2026 with roughly 1,000 places, applications through the KUCCPS student portal at students.kuccps.ac.ke closing 23 August 2026. Six certificate programmes also run at this campus; the exact certificate list was not published in the sources available here, so confirm it on the portal rather than assuming it matches the Nairobi campus."
c667,Bachelor of Commerce,Kirinyaga University,kyu,Kirinyaga,public,degree,business,C+,no,48,,unpublished,"Kirinyaga University is a public chartered university and had not been listed here at all. Programme named in its published course listing. It does not publish a single per-programme price: Kenya retired the Differentiated Unit Cost in May 2023 for the Student-Centred Funding Model, under which what a student pays is set by an assessed means band, so no fee is shown rather than a guessed one. Kirinyaga publishes degree entry as a KCSE mean grade of C+ with a C plain in both Mathematics and English, or alternatively a KNEC diploma in a relevant discipline - that second route is the door for a reader who did not reach C+ at school."
c675,Bachelor of Science in Biochemistry,Kirinyaga University,kyu,Kirinyaga,public,degree,numbers,C+,no,48,,unpublished,"Kirinyaga University is a public chartered university and had not been listed here at all. Programme named in its published course listing. It does not publish a single per-programme price: Kenya retired the Differentiated Unit Cost in May 2023 for the Student-Centred Funding Model, under which what a student pays is set by an assessed means band, so no fee is shown rather than a guessed one. Kirinyaga publishes degree entry as a KCSE mean grade of C+ with a C plain in both Mathematics and English, or alternatively a KNEC diploma in a relevant discipline - that second route is the door for a reader who did not reach C+ at school."
c669,Bachelor of Science in Entrepreneurship,Kirinyaga University,kyu,Kirinyaga,public,degree,business,C+,no,48,,unpublished,"Kirinyaga University is a public chartered university and had not been listed here at all. Programme named in its published course listing. It does not publish a single per-programme price: Kenya retired the Differentiated Unit Cost in May 2023 for the Student-Centred Funding Model, under which what a student pays is set by an assessed means band, so no fee is shown rather than a guessed one. Kirinyaga publishes degree entry as a KCSE mean grade of C+ with a C plain in both Mathematics and English, or alternatively a KNEC diploma in a relevant discipline - that second route is the door for a reader who did not reach C+ at school."
c668,Bachelor of Science in Human Resource Management,Kirinyaga University,kyu,Kirinyaga,public,degree,people,C+,no,48,,unpublished,"Kirinyaga University is a public chartered university and had not been listed here at all. Programme named in its published course listing. It does not publish a single per-programme price: Kenya retired the Differentiated Unit Cost in May 2023 for the Student-Centred Funding Model, under which what a student pays is set by an assessed means band, so no fee is shown rather than a guessed one. Kirinyaga publishes degree entry as a KCSE mean grade of C+ with a C plain in both Mathematics and English, or alternatively a KNEC diploma in a relevant discipline - that second route is the door for a reader who did not reach C+ at school."
c670,Bachelor of Science in Information Technology,Kirinyaga University,kyu,Kirinyaga,public,degree,tech,C+,no,48,,unpublished,"Kirinyaga University is a public chartered university and had not been listed here at all. Programme named in its published course listing. It does not publish a single per-programme price: Kenya retired the Differentiated Unit Cost in May 2023 for the Student-Centred Funding Model, under which what a student pays is set by an assessed means band, so no fee is shown rather than a guessed one. Kirinyaga publishes degree entry as a KCSE mean grade of C+ with a C plain in both Mathematics and English, or alternatively a KNEC diploma in a relevant discipline - that second route is the door for a reader who did not reach C+ at school."
c672,Bachelor of Science in Mathematics and Computer Science,Kirinyaga University,kyu,Kirinyaga,public,degree,numbers,C+,no,48,,unpublished,"Kirinyaga University is a public chartered university and had not been listed here at all. Programme named in its published course listing. It does not publish a single per-programme price: Kenya retired the Differentiated Unit Cost in May 2023 for the Student-Centred Funding Model, under which what a student pays is set by an assessed means band, so no fee is shown rather than a guessed one. Kirinyaga publishes degree entry as a KCSE mean grade of C+ with a C plain in both Mathematics and English, or alternatively a KNEC diploma in a relevant discipline - that second route is the door for a reader who did not reach C+ at school."
c674,Bachelor of Science in Medical Engineering,Kirinyaga University,kyu,Kirinyaga,public,degree,maker,C+,no,48,,unpublished,"Kirinyaga University is a public chartered university and had not been listed here at all. Programme named in its published course listing. It does not publish a single per-programme price: Kenya retired the Differentiated Unit Cost in May 2023 for the Student-Centred Funding Model, under which what a student pays is set by an assessed means band, so no fee is shown rather than a guessed one. Kirinyaga publishes degree entry as a KCSE mean grade of C+ with a C plain in both Mathematics and English, or alternatively a KNEC diploma in a relevant discipline - that second route is the door for a reader who did not reach C+ at school."
c671,Bachelor of Science in Statistics,Kirinyaga University,kyu,Kirinyaga,public,degree,numbers,C+,no,48,,unpublished,"Kirinyaga University is a public chartered university and had not been listed here at all. Programme named in its published course listing. It does not publish a single per-programme price: Kenya retired the Differentiated Unit Cost in May 2023 for the Student-Centred Funding Model, under which what a student pays is set by an assessed means band, so no fee is shown rather than a guessed one. Kirinyaga publishes degree entry as a KCSE mean grade of C+ with a C plain in both Mathematics and English, or alternatively a KNEC diploma in a relevant discipline - that second route is the door for a reader who did not reach C+ at school."
c673,Bachelor of Technology in Electrical and Electronics Engineering,Kirinyaga University,kyu,Kirinyaga,public,degree,maker,C+,no,48,,unpublished,"Kirinyaga University is a public chartered university and had not been listed here at all. Programme named in its published course listing. It does not publish a single per-programme price: Kenya retired the Differentiated Unit Cost in May 2023 for the Student-Centred Funding Model, under which what a student pays is set by an assessed means band, so no fee is shown rather than a guessed one. Kirinyaga publishes degree entry as a KCSE mean grade of C+ with a C plain in both Mathematics and English, or alternatively a KNEC diploma in a relevant discipline - that second route is the door for a reader who did not reach C+ at school."
c681,Certificate in Business Management,Kirinyaga University,kyu,Kirinyaga,public,certificate,business,D+,no,12,,unpublished,"Kirinyaga University is a public chartered university and had not been listed here at all. Programme named in its published course listing. It does not publish a single per-programme price: Kenya retired the Differentiated Unit Cost in May 2023 for the Student-Centred Funding Model, under which what a student pays is set by an assessed means band, so no fee is shown rather than a guessed one. This is a certificate, and it is the lowest bar the university publishes: a KCSE mean aggregate of D+. That reaches well below the degree side and is the reason these records are listed at all."
c682,Certificate in Human Resource Management,Kirinyaga University,kyu,Kirinyaga,public,certificate,people,D+,no,12,,unpublished,"Kirinyaga University is a public chartered university and had not been listed here at all. Programme named in its published course listing. It does not publish a single per-programme price: Kenya retired the Differentiated Unit Cost in May 2023 for the Student-Centred Funding Model, under which what a student pays is set by an assessed means band, so no fee is shown rather than a guessed one. This is a certificate, and it is the lowest bar the university publishes: a KCSE mean aggregate of D+. That reaches well below the degree side and is the reason these records are listed at all."
c683,Certificate in Public Relations,Kirinyaga University,kyu,Kirinyaga,public,certificate,creator,D+,no,12,,unpublished,"Kirinyaga University is a public chartered university and had not been listed here at all. Programme named in its published course listing. It does not publish a single per-programme price: Kenya retired the Differentiated Unit Cost in May 2023 for the Student-Centred Funding Model, under which what a student pays is set by an assessed means band, so no fee is shown rather than a guessed one. This is a certificate, and it is the lowest bar the university publishes: a KCSE mean aggregate of D+. That reaches well below the degree side and is the reason these records are listed at all."
c676,Diploma in Business Management,Kirinyaga University,kyu,Kirinyaga,public,diploma,business,C,no,24,,unpublished,"Kirinyaga University is a public chartered university and had not been listed here at all. Programme named in its published course listing. It does not publish a single per-programme price: Kenya retired the Differentiated Unit Cost in May 2023 for the Student-Centred Funding Model, under which what a student pays is set by an assessed means band, so no fee is shown rather than a guessed one. This is a diploma. Kirinyaga publishes diploma entry as a KCSE mean grade of C plain, or a relevant certificate."
c679,Diploma in Community Health and Development,Kirinyaga University,kyu,Kirinyaga,public,diploma,carer,C,no,24,,unpublished,"Kirinyaga University is a public chartered university and had not been listed here at all. Programme named in its published course listing. It does not publish a single per-programme price: Kenya retired the Differentiated Unit Cost in May 2023 for the Student-Centred Funding Model, under which what a student pays is set by an assessed means band, so no fee is shown rather than a guessed one. This is a diploma. Kirinyaga publishes diploma entry as a KCSE mean grade of C plain, or a relevant certificate."
c680,Diploma in HIV/AIDS Management,Kirinyaga University,kyu,Kirinyaga,public,diploma,carer,C,no,24,,unpublished,"Kirinyaga University is a public chartered university and had not been listed here at all. Programme named in its published course listing. It does not publish a single per-programme price: Kenya retired the Differentiated Unit Cost in May 2023 for the Student-Centred Funding Model, under which what a student pays is set by an assessed means band, so no fee is shown rather than a guessed one. This is a diploma. Kirinyaga publishes diploma entry as a KCSE mean grade of C plain, or a relevant certificate."
c677,Diploma in Human Resource Management,Kirinyaga University,kyu,Kirinyaga,public,diploma,people,C,no,24,,unpublished,"Kirinyaga University is a public chartered university and had not been listed here at all. Programme named in its published course listing. It does not publish a single per-programme price: Kenya retired the Differentiated Unit Cost in May 2023 for the Student-Centred Funding Model, under which what a student pays is set by an assessed means band, so no fee is shown rather than a guessed one. This is a diploma. Kirinyaga publishes diploma entry as a KCSE mean grade of C plain, or a relevant certificate."
c678,Diploma in Public Relations,Kirinyaga University,kyu,Kirinyaga,public,diploma,creator,C,no,24,,unpublished,"Kirinyaga University is a public chartered university and had not been listed here at all. Programme named in its published course listing. It does not publish a single per-programme price: Kenya retired the Differentiated Unit Cost in May 2023 for the Student-Centred Funding Model, under which what a student pays is set by an assessed means band, so no fee is shown rather than a guessed one. This is a diploma. Kirinyaga publishes diploma entry as a KCSE mean grade of C plain, or a relevant certificate."
c174,Certificate in Automotive Engineering,Mwea Technical and Vocational College,mweatvc,Kirinyaga,public,certificate,maker,D,no,12,67189,derived,"Fee derived from the government's consolidated annual public-TVET fee of Ksh 67,189 (inclusive of assessment fees, effective May 2026, as announced by government and reported by Eastleigh Voice/sector coverage, August 2026), scaled to course duration. Institutes bill per term/year and per-course amounts can differ - confirm with the registrar."
c172,Certificate in General Agriculture,Mwea Technical and Vocational College,mweatvc,Kirinyaga,public,certificate,business,D,no,12,67189,derived,"Fee derived from the government's consolidated annual public-TVET fee of Ksh 67,189 (inclusive of assessment fees, effective May 2026, as announced by government and reported by Eastleigh Voice/sector coverage, August 2026), scaled to course duration. Institutes bill per term/year and per-course amounts can differ - confirm with the registrar."
c173,Certificate in Information Communication Technology,Mwea Technical and Vocational College,mweatvc,Kirinyaga,public,certificate,tech,D,no,12,67189,derived,"Fee derived from the government's consolidated annual public-TVET fee of Ksh 67,189 (inclusive of assessment fees, effective May 2026, as announced by government and reported by Eastleigh Voice/sector coverage, August 2026), scaled to course duration. Institutes bill per term/year and per-course amounts can differ - confirm with the registrar."
c297,Certificate in Information Communication Technology (CDACC Level 5),Mwea Technical and Vocational College,mweatvc,Kirinyaga,public,certificate,tech,D,no,12,67189,derived,"Qualification is a TVET CDACC national curriculum at Level 5, so the same competencies and external assessment apply wherever it is taught. Entry at Level 4/5 is a KCSE mean grade of D plain — the reason this record exists, since Njia's business and finance clusters were until now almost entirely closed below C-. Fee derived from the government's consolidated annual public-TVET fee of Ksh 67,189 (inclusive of assessment fees, effective May 2026, announced by Education CS Julius Migos Ogamba on 6 March 2026 and reported across Kenyan sector coverage), scaled to course duration. Institutes bill per term and per-course amounts differ — confirm with the registrar, and confirm the college is currently accredited to assess this qualification."
c286,Certificate in Store Keeping (CDACC Level 5),Mwea Technical and Vocational College,mweatvc,Kirinyaga,public,certificate,business,D,no,12,67189,derived,"Qualification is a TVET CDACC national curriculum at Level 5, so the same competencies and external assessment apply wherever it is taught. Entry at Level 4/5 is a KCSE mean grade of D plain — the reason this record exists, since Njia's business and finance clusters were until now almost entirely closed below C-. Fee derived from the government's consolidated annual public-TVET fee of Ksh 67,189 (inclusive of assessment fees, effective May 2026, announced by Education CS Julius Migos Ogamba on 6 March 2026 and reported across Kenyan sector coverage), scaled to course duration. Institutes bill per term and per-course amounts differ — confirm with the registrar, and confirm the college is currently accredited to assess this qualification."
c505,Artisan in Carpentry and Joinery,Sagana Technical Training Institute,sagana_tti,Kirinyaga,private,artisan,maker,E,no,12,,unpublished,"Programme named in Sagana Technical Training Institute's published artisan course list. The institute is a private technical and vocational college at Sagana in Kirinyaga County, registered and licensed by TVETA under licence TVETA/PRIVATE/TVC/0059/2016. It publishes no entry requirement for its artisan tier, so the KUCCPS national artisan floor of E is recorded rather than a stricter figure invented for it - a grade quoted high removes the course from the screen of the learner least likely to have another option. Confirm with the registrar. The institute publishes no fee structure, and being private it is not covered by the government's consolidated public-TVET rate, so no figure is shown rather than a guessed one - ring and ask what is charged. Kirinyaga Central Technical and Vocational College, the county's public college, states its artisan and Level 4 entry as a KCPE certificate or equivalent but names no artisan course in a reachable source, which is why it is not listed here."
c502,Artisan in Electrical Installation,Sagana Technical Training Institute,sagana_tti,Kirinyaga,private,artisan,maker,E,no,12,,unpublished,"Programme named in Sagana Technical Training Institute's published artisan course list. The institute is a private technical and vocational college at Sagana in Kirinyaga County, registered and licensed by TVETA under licence TVETA/PRIVATE/TVC/0059/2016. It publishes no entry requirement for its artisan tier, so the KUCCPS national artisan floor of E is recorded rather than a stricter figure invented for it - a grade quoted high removes the course from the screen of the learner least likely to have another option. Confirm with the registrar. The institute publishes no fee structure, and being private it is not covered by the government's consolidated public-TVET rate, so no figure is shown rather than a guessed one - ring and ask what is charged. Kirinyaga Central Technical and Vocational College, the county's public college, states its artisan and Level 4 entry as a KCPE certificate or equivalent but names no artisan course in a reachable source, which is why it is not listed here."
c506,Artisan in Masonry,Sagana Technical Training Institute,sagana_tti,Kirinyaga,private,artisan,maker,E,no,12,,unpublished,"Programme named in Sagana Technical Training Institute's published artisan course list. The institute is a private technical and vocational college at Sagana in Kirinyaga County, registered and licensed by TVETA under licence TVETA/PRIVATE/TVC/0059/2016. It publishes no entry requirement for its artisan tier, so the KUCCPS national artisan floor of E is recorded rather than a stricter figure invented for it - a grade quoted high removes the course from the screen of the learner least likely to have another option. Confirm with the registrar. The institute publishes no fee structure, and being private it is not covered by the government's consolidated public-TVET rate, so no figure is shown rather than a guessed one - ring and ask what is charged. Kirinyaga Central Technical and Vocational College, the county's public college, states its artisan and Level 4 entry as a KCPE certificate or equivalent but names no artisan course in a reachable source, which is why it is not listed here."
c503,Artisan in Motor Vehicle Mechanics,Sagana Technical Training Institute,sagana_tti,Kirinyaga,private,artisan,maker,E,no,12,,unpublished,"Programme named in Sagana Technical Training Institute's published artisan course list. The institute is a private technical and vocational college at Sagana in Kirinyaga County, registered and licensed by TVETA under licence TVETA/PRIVATE/TVC/0059/2016. It publishes no entry requirement for its artisan tier, so the KUCCPS national artisan floor of E is recorded rather than a stricter figure invented for it - a grade quoted high removes the course from the screen of the learner least likely to have another option. Confirm with the registrar. The institute publishes no fee structure, and being private it is not covered by the government's consolidated public-TVET rate, so no figure is shown rather than a guessed one - ring and ask what is charged. Kirinyaga Central Technical and Vocational College, the county's public college, states its artisan and Level 4 entry as a KCPE certificate or equivalent but names no artisan course in a reachable source, which is why it is not listed here."
c504,Artisan in Welding and Fabrication,Sagana Technical Training Institute,sagana_tti,Kirinyaga,private,artisan,maker,E,no,12,,unpublished,"Programme named in Sagana Technical Training Institute's published artisan course list. The institute is a private technical and vocational college at Sagana in Kirinyaga County, registered and licensed by TVETA under licence TVETA/PRIVATE/TVC/0059/2016. It publishes no entry requirement for its artisan tier, so the KUCCPS national artisan floor of E is recorded rather than a stricter figure invented for it - a grade quoted high removes the course from the screen of the learner least likely to have another option. Confirm with the registrar. The institute publishes no fee structure, and being private it is not covered by the government's consolidated public-TVET rate, so no figure is shown rather than a guessed one - ring and ask what is charged. Kirinyaga Central Technical and Vocational College, the county's public college, states its artisan and Level 4 entry as a KCPE certificate or equivalent but names no artisan course in a reachable source, which is why it is not listed here."
c169,Certificate in Community Health Assistant,Kenya Medical Training College (KMTC) — Kisii Campus,kmtc_kisii,Kisii,public,certificate,carer,C-,no,24,160200,derived,"KMTC publishes one national fee structure across all campuses, so this figure does not depend on which campus you attend: Ksh 82,200 in Year 1 and Ksh 78,000 in each subsequent year for regular Kenyan students, 2025/26 structure (kmtc.ac.ke, cross-reported by Tuko, EduGuide and Education News Hub, August 2026). Totals here are that schedule multiplied out by course length. Tuition only — accommodation, meals and skills-lab charges are extra and vary by campus. A non-refundable Ksh 1,500 application fee applies. Confirm with the campus before paying. Entry was previously recorded here as a D+ mean grade. That was wrong, and the error is worth naming: D+ is the BIOLOGY SUBJECT requirement for this award, not the mean grade, and it had been written into the mean-grade field. KMTC publishes a minimum KCSE mean grade of C- for every certificate programme, with the cluster-subject requirement on top - for this course a D+ in Biology or Biological Sciences and a D in one of Mathematics, Chemistry, Physics or Physical Sciences. So the C- is needed overall AND the subject grades on top. The duration and the fee moved with it: the certificate runs two years rather than one, so the national schedule multiplies out to Ksh 160,200 instead of Ksh 82,200."
c168,Diploma in Kenya Registered Community Health Nursing (KRCHN),Kenya Medical Training College (KMTC) — Kisii Campus,kmtc_kisii,Kisii,public,diploma,carer,C+,no,36,238200,derived,"KMTC publishes one national fee structure across all campuses, so this figure does not depend on which campus you attend: Ksh 82,200 in Year 1 and Ksh 78,000 in each subsequent year for regular Kenyan students, 2025/26 structure (kmtc.ac.ke, cross-reported by Tuko, EduGuide and Education News Hub, August 2026). Totals here are that schedule multiplied out by course length. Tuition only — accommodation, meals and skills-lab charges are extra and vary by campus. A non-refundable Ksh 1,500 application fee applies. Confirm with the campus before paying."
c470,Artisan in Electrical Installation,Kisii National Polytechnic,kisii_poly,Kisii,public,artisan,maker,E,no,12,67189,derived,"Programme named in Kisii National Polytechnic's published course list, which the polytechnic gives as 74 programmes across artisan, certificate, diploma and higher diploma. The polytechnic publishes its artisan (Level 4) entry as a KCPE certificate or a KCSE mean grade of D- or E, so E is recorded from the institution's own statement rather than inferred. Intakes are stated as January, May and September. Fee derived from the government's consolidated annual public-TVET fee of Ksh 67,189 (effective May 2026). Artisan fees vary more than diploma fees and published per-institution figures conflict, so treat this as an order of magnitude and confirm with the registrar."
c471,Artisan in Electrical Wiring,Kisii National Polytechnic,kisii_poly,Kisii,public,artisan,maker,E,no,12,67189,derived,"Programme named in Kisii National Polytechnic's published course list, which the polytechnic gives as 74 programmes across artisan, certificate, diploma and higher diploma. The polytechnic publishes its artisan (Level 4) entry as a KCPE certificate or a KCSE mean grade of D- or E, so E is recorded from the institution's own statement rather than inferred. Intakes are stated as January, May and September. Fee derived from the government's consolidated annual public-TVET fee of Ksh 67,189 (effective May 2026). Artisan fees vary more than diploma fees and published per-institution figures conflict, so treat this as an order of magnitude and confirm with the registrar."
c057,Bachelor of Economics and Statistics,Kisii University,kisii_uni,Kisii,public,degree,numbers,B-,no,48,,unpublished,"This course previously displayed a precise-looking tuition figure that was never observed anywhere. An audit found the same value repeated across unrelated institutions - Ksh 420,000 appeared on twelve different degrees at twelve different universities, public and private, from nursing to design to actuarial science - which is not what real fee data looks like. It was a placeholder, so it has been removed rather than left wearing a caveat. The figure could not be verified against any source reachable here, so nothing is shown. Ask the institution directly; if it is a public university, note that a single per-programme price no longer exists."
c053,Certificate in Public Administration,Kisii University,kisii_uni,Kisii,public,certificate,people,D+,no,12,,unpublished,"The university does not publish a single per-programme price for this course, and that is the honest answer rather than a gap. Kenya retired the Differentiated Unit Cost in May 2023 for the Student-Centred Funding Model, under which what a student actually pays is set by an assessed means band - scholarship, loan and household contribution combined - rather than by one per-programme price. There is therefore no single number that is true for this course. This record previously displayed a precise-looking total carrying no citation of any kind. Check your own band on the HEF portal and confirm the balance with the university finance office."
c531,Bachelor of Clinical Medicine and Community Health,Great Lakes University of Kisumu,gluk,Kisumu,private,degree,carer,C+,no,48,,unpublished,"Great Lakes University of Kisumu is a CUE-chartered private university in Kisumu focused on health sciences, and had not been listed here at all. Programme named in the university's published programme list. Published entry for bachelor's degrees is a KCSE mean grade of C+ overall - that is the university's own stated bar rather than the national minimum read onto it, though health programmes normally carry subject requirements in the sciences, so confirm those with admissions. GLUK also runs certificate programmes entering at a KCSE D plain and diplomas at C- or a recognised certificate, which reach considerably lower than this record does; the individual certificate and diploma courses were not named in any source reachable from this build, so they are not listed and it is worth asking the university directly. It reports 62 programmes in total. Fees are set by the university and no figure for this programme was reachable from this build, so the fee could not be verified and none is shown rather than a guessed one."
c532,Bachelor of Community Health and Development,Great Lakes University of Kisumu,gluk,Kisumu,private,degree,carer,C+,no,48,,unpublished,"Great Lakes University of Kisumu is a CUE-chartered private university in Kisumu focused on health sciences, and had not been listed here at all. Programme named in the university's published programme list. Published entry for bachelor's degrees is a KCSE mean grade of C+ overall - that is the university's own stated bar rather than the national minimum read onto it, though health programmes normally carry subject requirements in the sciences, so confirm those with admissions. GLUK also runs certificate programmes entering at a KCSE D plain and diplomas at C- or a recognised certificate, which reach considerably lower than this record does; the individual certificate and diploma courses were not named in any source reachable from this build, so they are not listed and it is worth asking the university directly. It reports 62 programmes in total. Fees are set by the university and no figure for this programme was reachable from this build, so the fee could not be verified and none is shown rather than a guessed one."
c530,Bachelor of Science in Nursing,Great Lakes University of Kisumu,gluk,Kisumu,private,degree,carer,C+,no,48,,unpublished,"Great Lakes University of Kisumu is a CUE-chartered private university in Kisumu focused on health sciences, and had not been listed here at all. Programme named in the university's published programme list. Published entry for bachelor's degrees is a KCSE mean grade of C+ overall - that is the university's own stated bar rather than the national minimum read onto it, though health programmes normally carry subject requirements in the sciences, so confirm those with admissions. GLUK also runs certificate programmes entering at a KCSE D plain and diplomas at C- or a recognised certificate, which reach considerably lower than this record does; the individual certificate and diploma courses were not named in any source reachable from this build, so they are not listed and it is worth asking the university directly. It reports 62 programmes in total. Fees are set by the university and no figure for this programme was reachable from this build, so the fee could not be verified and none is shown rather than a guessed one."
c153,Certificate in Community Health Assistant,Kenya Medical Training College (KMTC) — Kisumu Campus,kmtc_kisumu,Kisumu,public,certificate,carer,C-,no,24,160200,derived,"KMTC publishes one national fee structure across all campuses, so this figure does not depend on which campus you attend: Ksh 82,200 in Year 1 and Ksh 78,000 in each subsequent year for regular Kenyan students, 2025/26 structure (kmtc.ac.ke, cross-reported by Tuko, EduGuide and Education News Hub, August 2026). Totals here are that schedule multiplied out by course length. Tuition only — accommodation, meals and skills-lab charges are extra and vary by campus. A non-refundable Ksh 1,500 application fee applies. Confirm with the campus before paying. Entry was previously recorded here as a D+ mean grade. That was wrong, and the error is worth naming: D+ is the BIOLOGY SUBJECT requirement for this award, not the mean grade, and it had been written into the mean-grade field. KMTC publishes a minimum KCSE mean grade of C- for every certificate programme, with the cluster-subject requirement on top - for this course a D+ in Biology or Biological Sciences and a D in one of Mathematics, Chemistry, Physics or Physical Sciences. So the C- is needed overall AND the subject grades on top. The duration and the fee moved with it: the certificate runs two years rather than one, so the national schedule multiplies out to Ksh 160,200 instead of Ksh 82,200."
c152,Diploma in Kenya Registered Community Health Nursing (KRCHN),Kenya Medical Training College (KMTC) — Kisumu Campus,kmtc_kisumu,Kisumu,public,diploma,carer,C+,no,36,238200,derived,"KMTC publishes one national fee structure across all campuses, so this figure does not depend on which campus you attend: Ksh 82,200 in Year 1 and Ksh 78,000 in each subsequent year for regular Kenyan students, 2025/26 structure (kmtc.ac.ke, cross-reported by Tuko, EduGuide and Education News Hub, August 2026). Totals here are that schedule multiplied out by course length. Tuition only — accommodation, meals and skills-lab charges are extra and vary by campus. A non-refundable Ksh 1,500 application fee applies. Confirm with the campus before paying."
c417,Certificate in Agriculture,Kenya School of Agriculture — Pap Konam Campus,ksa_papkonam,Kisumu,public,certificate,maker,D,no,12,,unpublished,"Kenya School of Agriculture is a college under the State Department for Crops Development, licensed by TVETA and examined by KNEC. Entry is a KCSE C- for diploma programmes and a D plain for craft certificates; diplomas run in three modules and craft certificates in two. The school does not publish a per-programme fee schedule in any source reachable here, so no figure is shown rather than a guessed one — confirm with the campus."
c416,Diploma in Sustainable Agriculture,Kenya School of Agriculture — Pap Konam Campus,ksa_papkonam,Kisumu,public,diploma,maker,C-,no,24,,unpublished,"Kenya School of Agriculture is a college under the State Department for Crops Development, licensed by TVETA and examined by KNEC. Entry is a KCSE C- for diploma programmes and a D plain for craft certificates; diplomas run in three modules and craft certificates in two. The school does not publish a per-programme fee schedule in any source reachable here, so no figure is shown rather than a guessed one — confirm with the campus."
c346,Certificate in Water Technology,Kenya Water Institute (KEWI) — Kisumu Campus,kewi_kisumu,Kisumu,public,certificate,maker,D+,no,12,,unpublished,"The Kenya Water Institute is a state corporation established by the KEWI Act 2001, with campuses in Nairobi, Kitui, Tharaka Nithi and Kisumu, and sets its own fees. Entry is a KCSE C- with Mathematics and English for diploma programmes and around D+ for certificates. Published sources quote optional accommodation at about Ksh 25,960 a semester but no verifiable tuition schedule, so no tuition figure is shown rather than a guessed one — the institute publishes no fee structure that could be confirmed here. Ask the campus directly."
c345,Diploma in Water Engineering,Kenya Water Institute (KEWI) — Kisumu Campus,kewi_kisumu,Kisumu,public,diploma,maker,C-,no,24,,unpublished,"The Kenya Water Institute is a state corporation established by the KEWI Act 2001, with campuses in Nairobi, Kitui, Tharaka Nithi and Kisumu, and sets its own fees. Entry is a KCSE C- with Mathematics and English for diploma programmes and around D+ for certificates. Published sources quote optional accommodation at about Ksh 25,960 a semester but no verifiable tuition schedule, so no tuition figure is shown rather than a guessed one — the institute publishes no fee structure that could be confirmed here. Ask the campus directly."
c224,Artisan in CCTV Technology,Kisumu National Polytechnic,kisumu_poly,Kisumu,public,artisan,tech,E,no,12,67189,derived,"Programme named in Kisumu National Polytechnic's published artisan course list. Published entry requirements for this institution conflict — one states the KUCCPS national artisan floor of E, another states D plain or D+ — so the more restrictive figure is recorded rather than the one that would flatter eligibility. Fee derived from the government's consolidated annual public-TVET fee of Ksh 67,189 (effective May 2026), which sector reporting also gives as the average artisan programme cost. Confirm both grade and fee with the registrar. CORRECTION, August 2026: this record previously carried D, chosen deliberately as the more restrictive of two conflicting published figures so as not to flatter eligibility. That principle is right for a fee and backwards for an entry grade. Quoting a fee high leaves a reader pleasantly surprised; quoting a grade high removes the card from their screen entirely, so an E-grade learner never learns the course exists and cannot even ask. Kisumu National Polytechnic publishes artisan (Level 4) entry as a KCSE mean grade of D- or E, or a KCPE certificate, and E is also the KUCCPS national artisan floor (institutional listings and Kenyan education-sector coverage, cross-checked August 2026). Recorded at E so the learner sees it and is told to confirm - published requirements for this institution do conflict, so confirm the grade with the registrar before you rely on it."
c225,Artisan in Electrical Alarm and Security System Technology,Kisumu National Polytechnic,kisumu_poly,Kisumu,public,artisan,tech,E,no,12,67189,derived,"Programme named in Kisumu National Polytechnic's published artisan course list. Published entry requirements for this institution conflict — one states the KUCCPS national artisan floor of E, another states D plain or D+ — so the more restrictive figure is recorded rather than the one that would flatter eligibility. Fee derived from the government's consolidated annual public-TVET fee of Ksh 67,189 (effective May 2026), which sector reporting also gives as the average artisan programme cost. Confirm both grade and fee with the registrar. CORRECTION, August 2026: this record previously carried D, chosen deliberately as the more restrictive of two conflicting published figures so as not to flatter eligibility. That principle is right for a fee and backwards for an entry grade. Quoting a fee high leaves a reader pleasantly surprised; quoting a grade high removes the card from their screen entirely, so an E-grade learner never learns the course exists and cannot even ask. Kisumu National Polytechnic publishes artisan (Level 4) entry as a KCSE mean grade of D- or E, or a KCPE certificate, and E is also the KUCCPS national artisan floor (institutional listings and Kenyan education-sector coverage, cross-checked August 2026). Recorded at E so the learner sees it and is told to confirm - published requirements for this institution do conflict, so confirm the grade with the registrar before you rely on it."
c222,Artisan in Electrical Installation,Kisumu National Polytechnic,kisumu_poly,Kisumu,public,artisan,maker,E,no,12,67189,derived,"Programme named in Kisumu National Polytechnic's published artisan course list. Published entry requirements for this institution conflict — one states the KUCCPS national artisan floor of E, another states D plain or D+ — so the more restrictive figure is recorded rather than the one that would flatter eligibility. Fee derived from the government's consolidated annual public-TVET fee of Ksh 67,189 (effective May 2026), which sector reporting also gives as the average artisan programme cost. Confirm both grade and fee with the registrar. CORRECTION, August 2026: this record previously carried D, chosen deliberately as the more restrictive of two conflicting published figures so as not to flatter eligibility. That principle is right for a fee and backwards for an entry grade. Quoting a fee high leaves a reader pleasantly surprised; quoting a grade high removes the card from their screen entirely, so an E-grade learner never learns the course exists and cannot even ask. Kisumu National Polytechnic publishes artisan (Level 4) entry as a KCSE mean grade of D- or E, or a KCPE certificate, and E is also the KUCCPS national artisan floor (institutional listings and Kenyan education-sector coverage, cross-checked August 2026). Recorded at E so the learner sees it and is told to confirm - published requirements for this institution do conflict, so confirm the grade with the registrar before you rely on it."
c226,Artisan in Engine Technology,Kisumu National Polytechnic,kisumu_poly,Kisumu,public,artisan,maker,E,no,12,67189,derived,"Programme named in Kisumu National Polytechnic's published artisan course list. Published entry requirements for this institution conflict — one states the KUCCPS national artisan floor of E, another states D plain or D+ — so the more restrictive figure is recorded rather than the one that would flatter eligibility. Fee derived from the government's consolidated annual public-TVET fee of Ksh 67,189 (effective May 2026), which sector reporting also gives as the average artisan programme cost. Confirm both grade and fee with the registrar. CORRECTION, August 2026: this record previously carried D, chosen deliberately as the more restrictive of two conflicting published figures so as not to flatter eligibility. That principle is right for a fee and backwards for an entry grade. Quoting a fee high leaves a reader pleasantly surprised; quoting a grade high removes the card from their screen entirely, so an E-grade learner never learns the course exists and cannot even ask. Kisumu National Polytechnic publishes artisan (Level 4) entry as a KCSE mean grade of D- or E, or a KCPE certificate, and E is also the KUCCPS national artisan floor (institutional listings and Kenyan education-sector coverage, cross-checked August 2026). Recorded at E so the learner sees it and is told to confirm - published requirements for this institution do conflict, so confirm the grade with the registrar before you rely on it."
c230,Artisan in Fashion and Apparel Design,Kisumu National Polytechnic,kisumu_poly,Kisumu,public,artisan,maker,E,no,12,67189,derived,"Programme named in Kisumu National Polytechnic's published artisan course list. Published entry requirements for this institution conflict — one states the KUCCPS national artisan floor of E, another states D plain or D+ — so the more restrictive figure is recorded rather than the one that would flatter eligibility. Fee derived from the government's consolidated annual public-TVET fee of Ksh 67,189 (effective May 2026), which sector reporting also gives as the average artisan programme cost. Confirm both grade and fee with the registrar. CORRECTION, August 2026: this record previously carried D, chosen deliberately as the more restrictive of two conflicting published figures so as not to flatter eligibility. That principle is right for a fee and backwards for an entry grade. Quoting a fee high leaves a reader pleasantly surprised; quoting a grade high removes the card from their screen entirely, so an E-grade learner never learns the course exists and cannot even ask. Kisumu National Polytechnic publishes artisan (Level 4) entry as a KCSE mean grade of D- or E, or a KCPE certificate, and E is also the KUCCPS national artisan floor (institutional listings and Kenyan education-sector coverage, cross-checked August 2026). Recorded at E so the learner sees it and is told to confirm - published requirements for this institution do conflict, so confirm the grade with the registrar before you rely on it."
c229,Artisan in Food and Beverage,Kisumu National Polytechnic,kisumu_poly,Kisumu,public,artisan,creator,E,no,12,67189,derived,"Programme named in Kisumu National Polytechnic's published artisan course list. Published entry requirements for this institution conflict — one states the KUCCPS national artisan floor of E, another states D plain or D+ — so the more restrictive figure is recorded rather than the one that would flatter eligibility. Fee derived from the government's consolidated annual public-TVET fee of Ksh 67,189 (effective May 2026), which sector reporting also gives as the average artisan programme cost. Confirm both grade and fee with the registrar. CORRECTION, August 2026: this record previously carried D, chosen deliberately as the more restrictive of two conflicting published figures so as not to flatter eligibility. That principle is right for a fee and backwards for an entry grade. Quoting a fee high leaves a reader pleasantly surprised; quoting a grade high removes the card from their screen entirely, so an E-grade learner never learns the course exists and cannot even ask. Kisumu National Polytechnic publishes artisan (Level 4) entry as a KCSE mean grade of D- or E, or a KCPE certificate, and E is also the KUCCPS national artisan floor (institutional listings and Kenyan education-sector coverage, cross-checked August 2026). Recorded at E so the learner sees it and is told to confirm - published requirements for this institution do conflict, so confirm the grade with the registrar before you rely on it."
c227,Artisan in Masonry,Kisumu National Polytechnic,kisumu_poly,Kisumu,public,artisan,maker,E,no,12,67189,derived,"Programme named in Kisumu National Polytechnic's published artisan course list. Published entry requirements for this institution conflict — one states the KUCCPS national artisan floor of E, another states D plain or D+ — so the more restrictive figure is recorded rather than the one that would flatter eligibility. Fee derived from the government's consolidated annual public-TVET fee of Ksh 67,189 (effective May 2026), which sector reporting also gives as the average artisan programme cost. Confirm both grade and fee with the registrar. CORRECTION, August 2026: this record previously carried D, chosen deliberately as the more restrictive of two conflicting published figures so as not to flatter eligibility. That principle is right for a fee and backwards for an entry grade. Quoting a fee high leaves a reader pleasantly surprised; quoting a grade high removes the card from their screen entirely, so an E-grade learner never learns the course exists and cannot even ask. Kisumu National Polytechnic publishes artisan (Level 4) entry as a KCSE mean grade of D- or E, or a KCPE certificate, and E is also the KUCCPS national artisan floor (institutional listings and Kenyan education-sector coverage, cross-checked August 2026). Recorded at E so the learner sees it and is told to confirm - published requirements for this institution do conflict, so confirm the grade with the registrar before you rely on it."
c228,Artisan in Plumbing,Kisumu National Polytechnic,kisumu_poly,Kisumu,public,artisan,maker,E,no,12,67189,derived,"Programme named in Kisumu National Polytechnic's published artisan course list. Published entry requirements for this institution conflict — one states the KUCCPS national artisan floor of E, another states D plain or D+ — so the more restrictive figure is recorded rather than the one that would flatter eligibility. Fee derived from the government's consolidated annual public-TVET fee of Ksh 67,189 (effective May 2026), which sector reporting also gives as the average artisan programme cost. Confirm both grade and fee with the registrar. CORRECTION, August 2026: this record previously carried D, chosen deliberately as the more restrictive of two conflicting published figures so as not to flatter eligibility. That principle is right for a fee and backwards for an entry grade. Quoting a fee high leaves a reader pleasantly surprised; quoting a grade high removes the card from their screen entirely, so an E-grade learner never learns the course exists and cannot even ask. Kisumu National Polytechnic publishes artisan (Level 4) entry as a KCSE mean grade of D- or E, or a KCPE certificate, and E is also the KUCCPS national artisan floor (institutional listings and Kenyan education-sector coverage, cross-checked August 2026). Recorded at E so the learner sees it and is told to confirm - published requirements for this institution do conflict, so confirm the grade with the registrar before you rely on it."
c223,Artisan in Solar PV Installation,Kisumu National Polytechnic,kisumu_poly,Kisumu,public,artisan,maker,E,no,12,67189,derived,"Programme named in Kisumu National Polytechnic's published artisan course list. Published entry requirements for this institution conflict — one states the KUCCPS national artisan floor of E, another states D plain or D+ — so the more restrictive figure is recorded rather than the one that would flatter eligibility. Fee derived from the government's consolidated annual public-TVET fee of Ksh 67,189 (effective May 2026), which sector reporting also gives as the average artisan programme cost. Confirm both grade and fee with the registrar. CORRECTION, August 2026: this record previously carried D, chosen deliberately as the more restrictive of two conflicting published figures so as not to flatter eligibility. That principle is right for a fee and backwards for an entry grade. Quoting a fee high leaves a reader pleasantly surprised; quoting a grade high removes the card from their screen entirely, so an E-grade learner never learns the course exists and cannot even ask. Kisumu National Polytechnic publishes artisan (Level 4) entry as a KCSE mean grade of D- or E, or a KCPE certificate, and E is also the KUCCPS national artisan floor (institutional listings and Kenyan education-sector coverage, cross-checked August 2026). Recorded at E so the learner sees it and is told to confirm - published requirements for this institution do conflict, so confirm the grade with the registrar before you rely on it."
c277,Certificate in Human Resource Management (CDACC Level 5),Kisumu National Polytechnic,kisumu_poly,Kisumu,public,certificate,people,D,no,12,67189,derived,"Qualification is a TVET CDACC national curriculum at Level 5, so the same competencies and external assessment apply wherever it is taught. Entry at Level 4/5 is a KCSE mean grade of D plain — the reason this record exists, since Njia's business and finance clusters were until now almost entirely closed below C-. Fee derived from the government's consolidated annual public-TVET fee of Ksh 67,189 (inclusive of assessment fees, effective May 2026, announced by Education CS Julius Migos Ogamba on 6 March 2026 and reported across Kenyan sector coverage), scaled to course duration. Institutes bill per term and per-course amounts differ — confirm with the registrar, and confirm the college is currently accredited to assess this qualification."
c017,Certificate in Software Development,Kisumu National Polytechnic,kisumu_poly,Kisumu,public,certificate,tech,D+,no,12,67189,derived,"Fee derived from the government's consolidated annual public-TVET fee of Ksh 67,189 (inclusive of assessment fees, effective May 2026, as announced by government and reported by Eastleigh Voice/sector coverage, August 2026), scaled to course duration. Institutes bill per term/year and per-course amounts can differ - confirm with the registrar. This record previously carried an uncited figure; it now derives from the same national rate its 200 siblings use."
c269,Diploma in Accountancy (CDACC Level 6),Kisumu National Polytechnic,kisumu_poly,Kisumu,public,diploma,numbers,C-,no,24,134378,derived,"Qualification is a TVET CDACC national curriculum at Level 6, so the same competencies and external assessment apply wherever it is taught. Entry is a KCSE mean grade of C- and above, or completion of the Level 5 certificate in the same field — which is the ladder out of a D grade rather than a dead end. Fee derived from the government's consolidated annual public-TVET fee of Ksh 67,189 (inclusive of assessment fees, effective May 2026, announced by Education CS Julius Migos Ogamba on 6 March 2026 and reported across Kenyan sector coverage), scaled to course duration. Institutes bill per term and per-course amounts differ — confirm with the registrar, and confirm the college is currently accredited to assess this qualification."
c283,Diploma in Human Resource Management (CDACC Level 6),Kisumu National Polytechnic,kisumu_poly,Kisumu,public,diploma,people,C-,no,24,134378,derived,"Qualification is a TVET CDACC national curriculum at Level 6, so the same competencies and external assessment apply wherever it is taught. Entry is a KCSE mean grade of C- and above, or completion of the Level 5 certificate in the same field — which is the ladder out of a D grade rather than a dead end. Fee derived from the government's consolidated annual public-TVET fee of Ksh 67,189 (inclusive of assessment fees, effective May 2026, announced by Education CS Julius Migos Ogamba on 6 March 2026 and reported across Kenyan sector coverage), scaled to course duration. Institutes bill per term and per-course amounts differ — confirm with the registrar, and confirm the college is currently accredited to assess this qualification."
c302,Diploma in Information Communication Technology (CDACC Level 6),Kisumu National Polytechnic,kisumu_poly,Kisumu,public,diploma,tech,C-,no,24,134378,derived,"Qualification is a TVET CDACC national curriculum at Level 6, so the same competencies and external assessment apply wherever it is taught. Entry is a KCSE mean grade of C- and above, or completion of the Level 5 certificate in the same field — which is the ladder out of a D grade rather than a dead end. Fee derived from the government's consolidated annual public-TVET fee of Ksh 67,189 (inclusive of assessment fees, effective May 2026, announced by Education CS Julius Migos Ogamba on 6 March 2026 and reported across Kenyan sector coverage), scaled to course duration. Institutes bill per term and per-course amounts differ — confirm with the registrar, and confirm the college is currently accredited to assess this qualification."
c293,Diploma in Supply Chain Management (CDACC Level 6),Kisumu National Polytechnic,kisumu_poly,Kisumu,public,diploma,business,C-,no,24,134378,derived,"Qualification is a TVET CDACC national curriculum at Level 6, so the same competencies and external assessment apply wherever it is taught. Entry is a KCSE mean grade of C- and above, or completion of the Level 5 certificate in the same field — which is the ladder out of a D grade rather than a dead end. Fee derived from the government's consolidated annual public-TVET fee of Ksh 67,189 (inclusive of assessment fees, effective May 2026, announced by Education CS Julius Migos Ogamba on 6 March 2026 and reported across Kenyan sector coverage), scaled to course duration. Institutes bill per term and per-course amounts differ — confirm with the registrar, and confirm the college is currently accredited to assess this qualification."
c262,Tax Clerk Certificate (CDACC Level 5),Kisumu National Polytechnic,kisumu_poly,Kisumu,public,certificate,numbers,D,no,12,67189,derived,"Qualification is a TVET CDACC national curriculum at Level 5, so the same competencies and external assessment apply wherever it is taught. Entry at Level 4/5 is a KCSE mean grade of D plain — the reason this record exists, since Njia's business and finance clusters were until now almost entirely closed below C-. Fee derived from the government's consolidated annual public-TVET fee of Ksh 67,189 (inclusive of assessment fees, effective May 2026, announced by Education CS Julius Migos Ogamba on 6 March 2026 and reported across Kenyan sector coverage), scaled to course duration. Institutes bill per term and per-course amounts differ — confirm with the registrar, and confirm the college is currently accredited to assess this qualification."
c508,Bachelor of Arts in Political Science,Maseno University,maseno,Kisumu,public,degree,people,C+,no,48,,unpublished,"Maseno University is a CUE-chartered public university and the programme is named in the KUCCPS degree programme listing, which is how a Kenyan school leaver actually reaches it. Entry is recorded at the national KUCCPS degree minimum of a C+ mean grade; placement is by cluster points that move every cycle and are set per programme, so C+ is the floor to be eligible to apply rather than a guarantee of a place - check the current cluster cut-off on the KUCCPS portal. The university does not publish a single per-programme price for this course, and that is the honest answer rather than a gap: Kenya retired the Differentiated Unit Cost in May 2023 for the Student-Centred Funding Model, under which what a student pays is set by an assessed means band - scholarship, loan and household contribution combined - rather than by one per-programme figure. No fee is shown rather than a guessed one."
c509,Bachelor of Business Studies,Maseno University,maseno,Kisumu,public,degree,business,C+,no,48,,unpublished,"Maseno University is a CUE-chartered public university and the programme is named in the KUCCPS degree programme listing, which is how a Kenyan school leaver actually reaches it. Entry is recorded at the national KUCCPS degree minimum of a C+ mean grade; placement is by cluster points that move every cycle and are set per programme, so C+ is the floor to be eligible to apply rather than a guarantee of a place - check the current cluster cut-off on the KUCCPS portal. The university does not publish a single per-programme price for this course, and that is the honest answer rather than a gap: Kenya retired the Differentiated Unit Cost in May 2023 for the Student-Centred Funding Model, under which what a student pays is set by an assessed means band - scholarship, loan and household contribution combined - rather than by one per-programme figure. No fee is shown rather than a guessed one."
c511,"Bachelor of Education (Arts, with IT)",Maseno University,maseno,Kisumu,public,degree,people,C+,no,48,,unpublished,"Maseno University is a CUE-chartered public university and the programme is named in the KUCCPS degree programme listing, which is how a Kenyan school leaver actually reaches it. Entry is recorded at the national KUCCPS degree minimum of a C+ mean grade; placement is by cluster points that move every cycle and are set per programme, so C+ is the floor to be eligible to apply rather than a guarantee of a place - check the current cluster cut-off on the KUCCPS portal. The university does not publish a single per-programme price for this course, and that is the honest answer rather than a gap: Kenya retired the Differentiated Unit Cost in May 2023 for the Student-Centred Funding Model, under which what a student pays is set by an assessed means band - scholarship, loan and household contribution combined - rather than by one per-programme figure. No fee is shown rather than a guessed one."
c510,Bachelor of Science in Earth Science,Maseno University,maseno,Kisumu,public,degree,numbers,C+,no,48,,unpublished,"Maseno University is a CUE-chartered public university and the programme is named in the KUCCPS degree programme listing, which is how a Kenyan school leaver actually reaches it. Entry is recorded at the national KUCCPS degree minimum of a C+ mean grade; placement is by cluster points that move every cycle and are set per programme, so C+ is the floor to be eligible to apply rather than a guarantee of a place - check the current cluster cut-off on the KUCCPS portal. The university does not publish a single per-programme price for this course, and that is the honest answer rather than a gap: Kenya retired the Differentiated Unit Cost in May 2023 for the Student-Centred Funding Model, under which what a student pays is set by an assessed means band - scholarship, loan and household contribution combined - rather than by one per-programme figure. No fee is shown rather than a guessed one."
c427,Bachelor of Science in Clinical Medicine and Community Health,Uzima University,uzima,Kisumu,private,degree,carer,C+,no,60,,unpublished,"Uzima University was founded by the Archdiocese of Kisumu, is affiliated to the Catholic University of Eastern Africa, and its health programmes are accredited by the Commission for University Education and the Clinical Officers Council (cross-reported August 2026). It is a private university and sets its own fees; its fee schedule could not be verified from any source reachable here, so no figure is shown rather than a guessed one. Entry to clinical programmes carries subject requirements in the sciences on top of the mean grade — confirm both with the university."
c426,Bachelor of Science in Nursing,Uzima University,uzima,Kisumu,private,degree,carer,C+,no,48,,unpublished,"Uzima University was founded by the Archdiocese of Kisumu, is affiliated to the Catholic University of Eastern Africa, and its health programmes are accredited by the Commission for University Education and the Clinical Officers Council (cross-reported August 2026). It is a private university and sets its own fees; its fee schedule could not be verified from any source reachable here, so no figure is shown rather than a guessed one. Entry to clinical programmes carries subject requirements in the sciences on top of the mean grade — confirm both with the university."
c425,Diploma in Clinical Medicine,Uzima University,uzima,Kisumu,private,diploma,carer,C+,no,36,,unpublished,"Uzima University was founded by the Archdiocese of Kisumu, is affiliated to the Catholic University of Eastern Africa, and its health programmes are accredited by the Commission for University Education and the Clinical Officers Council (cross-reported August 2026). It is a private university and sets its own fees; its fee schedule could not be verified from any source reachable here, so no figure is shown rather than a guessed one. Entry to clinical programmes carries subject requirements in the sciences on top of the mean grade — confirm both with the university."
c103,Certificate in Community Health Assistant,Kenya Medical Training College (KMTC) — Kitui Campus,kmtc_kitui,Kitui,public,certificate,carer,C-,no,24,160200,derived,"KMTC publishes one national fee structure across all campuses, so this figure does not depend on which campus you attend: Ksh 82,200 in Year 1 and Ksh 78,000 in each subsequent year for regular Kenyan students, 2025/26 structure (kmtc.ac.ke, cross-reported by Tuko, EduGuide and Education News Hub, August 2026). Totals here are that schedule multiplied out by course length. Tuition only — accommodation, meals and skills-lab charges are extra and vary by campus. A non-refundable Ksh 1,500 application fee applies. Confirm with the campus before paying. Entry was previously recorded here as a D+ mean grade. That was wrong, and the error is worth naming: D+ is the BIOLOGY SUBJECT requirement for this award, not the mean grade, and it had been written into the mean-grade field. KMTC publishes a minimum KCSE mean grade of C- for every certificate programme, with the cluster-subject requirement on top - for this course a D+ in Biology or Biological Sciences and a D in one of Mathematics, Chemistry, Physics or Physical Sciences. So the C- is needed overall AND the subject grades on top. The duration and the fee moved with it: the certificate runs two years rather than one, so the national schedule multiplies out to Ksh 160,200 instead of Ksh 82,200."
c102,Diploma in Kenya Registered Community Health Nursing (KRCHN),Kenya Medical Training College (KMTC) — Kitui Campus,kmtc_kitui,Kitui,public,diploma,carer,C+,no,36,238200,derived,"KMTC publishes one national fee structure across all campuses, so this figure does not depend on which campus you attend: Ksh 82,200 in Year 1 and Ksh 78,000 in each subsequent year for regular Kenyan students, 2025/26 structure (kmtc.ac.ke, cross-reported by Tuko, EduGuide and Education News Hub, August 2026). Totals here are that schedule multiplied out by course length. Tuition only — accommodation, meals and skills-lab charges are extra and vary by campus. A non-refundable Ksh 1,500 application fee applies. Confirm with the campus before paying."
c587,Bachelor of Arts in Social Work,South Eastern Kenya University (SEKU),seku,Kitui,public,degree,people,C+,no,48,,unpublished,"South Eastern Kenya University is a public chartered university and had not been listed here at all. Programme named in its published course listing; degrees are placed through KUCCPS at the national minimum of a KCSE mean grade of C+, with cluster-point cut-offs that move every cycle, so C+ is the floor to be eligible to apply rather than a guarantee of a place - check the current cut-off on the KUCCPS portal. It does not publish a single per-programme price: Kenya retired the Differentiated Unit Cost in May 2023 for the Student-Centred Funding Model, under which what a student pays is set by an assessed means band, so no fee is shown rather than a guessed one. SEKU also runs certificate, diploma and TVET programmes that enter below C+; their individual names were not published in any source reachable from this build, so they are not listed and are worth asking about."
c581,Bachelor of Commerce,South Eastern Kenya University (SEKU),seku,Kitui,public,degree,business,C+,no,48,,unpublished,"South Eastern Kenya University is a public chartered university and had not been listed here at all. Programme named in its published course listing; degrees are placed through KUCCPS at the national minimum of a KCSE mean grade of C+, with cluster-point cut-offs that move every cycle, so C+ is the floor to be eligible to apply rather than a guarantee of a place - check the current cut-off on the KUCCPS portal. It does not publish a single per-programme price: Kenya retired the Differentiated Unit Cost in May 2023 for the Student-Centred Funding Model, under which what a student pays is set by an assessed means band, so no fee is shown rather than a guessed one. SEKU also runs certificate, diploma and TVET programmes that enter below C+; their individual names were not published in any source reachable from this build, so they are not listed and are worth asking about."
c583,Bachelor of Economics and Statistics,South Eastern Kenya University (SEKU),seku,Kitui,public,degree,numbers,C+,no,48,,unpublished,"South Eastern Kenya University is a public chartered university and had not been listed here at all. Programme named in its published course listing; degrees are placed through KUCCPS at the national minimum of a KCSE mean grade of C+, with cluster-point cut-offs that move every cycle, so C+ is the floor to be eligible to apply rather than a guarantee of a place - check the current cut-off on the KUCCPS portal. It does not publish a single per-programme price: Kenya retired the Differentiated Unit Cost in May 2023 for the Student-Centred Funding Model, under which what a student pays is set by an assessed means band, so no fee is shown rather than a guessed one. SEKU also runs certificate, diploma and TVET programmes that enter below C+; their individual names were not published in any source reachable from this build, so they are not listed and are worth asking about."
c585,Bachelor of Education (Arts),South Eastern Kenya University (SEKU),seku,Kitui,public,degree,people,C+,no,48,,unpublished,"South Eastern Kenya University is a public chartered university and had not been listed here at all. Programme named in its published course listing; degrees are placed through KUCCPS at the national minimum of a KCSE mean grade of C+, with cluster-point cut-offs that move every cycle, so C+ is the floor to be eligible to apply rather than a guarantee of a place - check the current cut-off on the KUCCPS portal. It does not publish a single per-programme price: Kenya retired the Differentiated Unit Cost in May 2023 for the Student-Centred Funding Model, under which what a student pays is set by an assessed means band, so no fee is shown rather than a guessed one. SEKU also runs certificate, diploma and TVET programmes that enter below C+; their individual names were not published in any source reachable from this build, so they are not listed and are worth asking about."
c586,Bachelor of Education (Science),South Eastern Kenya University (SEKU),seku,Kitui,public,degree,people,C+,no,48,,unpublished,"South Eastern Kenya University is a public chartered university and had not been listed here at all. Programme named in its published course listing; degrees are placed through KUCCPS at the national minimum of a KCSE mean grade of C+, with cluster-point cut-offs that move every cycle, so C+ is the floor to be eligible to apply rather than a guarantee of a place - check the current cut-off on the KUCCPS portal. It does not publish a single per-programme price: Kenya retired the Differentiated Unit Cost in May 2023 for the Student-Centred Funding Model, under which what a student pays is set by an assessed means band, so no fee is shown rather than a guessed one. SEKU also runs certificate, diploma and TVET programmes that enter below C+; their individual names were not published in any source reachable from this build, so they are not listed and are worth asking about."
c580,Bachelor of Information Technology,South Eastern Kenya University (SEKU),seku,Kitui,public,degree,tech,C+,no,48,,unpublished,"South Eastern Kenya University is a public chartered university and had not been listed here at all. Programme named in its published course listing; degrees are placed through KUCCPS at the national minimum of a KCSE mean grade of C+, with cluster-point cut-offs that move every cycle, so C+ is the floor to be eligible to apply rather than a guarantee of a place - check the current cut-off on the KUCCPS portal. It does not publish a single per-programme price: Kenya retired the Differentiated Unit Cost in May 2023 for the Student-Centred Funding Model, under which what a student pays is set by an assessed means band, so no fee is shown rather than a guessed one. SEKU also runs certificate, diploma and TVET programmes that enter below C+; their individual names were not published in any source reachable from this build, so they are not listed and are worth asking about."
c588,Bachelor of Laws (LLB),South Eastern Kenya University (SEKU),seku,Kitui,public,degree,people,C+,no,48,,unpublished,"South Eastern Kenya University is a public chartered university and had not been listed here at all. Programme named in its published course listing; degrees are placed through KUCCPS at the national minimum of a KCSE mean grade of C+, with cluster-point cut-offs that move every cycle, so C+ is the floor to be eligible to apply rather than a guarantee of a place - check the current cut-off on the KUCCPS portal. It does not publish a single per-programme price: Kenya retired the Differentiated Unit Cost in May 2023 for the Student-Centred Funding Model, under which what a student pays is set by an assessed means band, so no fee is shown rather than a guessed one. SEKU also runs certificate, diploma and TVET programmes that enter below C+; their individual names were not published in any source reachable from this build, so they are not listed and are worth asking about."
c582,Bachelor of Procurement and Supply Chain Management,South Eastern Kenya University (SEKU),seku,Kitui,public,degree,business,C+,no,48,,unpublished,"South Eastern Kenya University is a public chartered university and had not been listed here at all. Programme named in its published course listing; degrees are placed through KUCCPS at the national minimum of a KCSE mean grade of C+, with cluster-point cut-offs that move every cycle, so C+ is the floor to be eligible to apply rather than a guarantee of a place - check the current cut-off on the KUCCPS portal. It does not publish a single per-programme price: Kenya retired the Differentiated Unit Cost in May 2023 for the Student-Centred Funding Model, under which what a student pays is set by an assessed means band, so no fee is shown rather than a guessed one. SEKU also runs certificate, diploma and TVET programmes that enter below C+; their individual names were not published in any source reachable from this build, so they are not listed and are worth asking about."
c584,Bachelor of Science in Actuarial Science,South Eastern Kenya University (SEKU),seku,Kitui,public,degree,numbers,C+,no,48,,unpublished,"South Eastern Kenya University is a public chartered university and had not been listed here at all. Programme named in its published course listing; degrees are placed through KUCCPS at the national minimum of a KCSE mean grade of C+, with cluster-point cut-offs that move every cycle, so C+ is the floor to be eligible to apply rather than a guarantee of a place - check the current cut-off on the KUCCPS portal. It does not publish a single per-programme price: Kenya retired the Differentiated Unit Cost in May 2023 for the Student-Centred Funding Model, under which what a student pays is set by an assessed means band, so no fee is shown rather than a guessed one. SEKU also runs certificate, diploma and TVET programmes that enter below C+; their individual names were not published in any source reachable from this build, so they are not listed and are worth asking about."
c571,Bachelor of Science in Agriculture,South Eastern Kenya University (SEKU),seku,Kitui,public,degree,maker,C+,no,48,,unpublished,"South Eastern Kenya University is a public chartered university and had not been listed here at all. Programme named in its published course listing; degrees are placed through KUCCPS at the national minimum of a KCSE mean grade of C+, with cluster-point cut-offs that move every cycle, so C+ is the floor to be eligible to apply rather than a guarantee of a place - check the current cut-off on the KUCCPS portal. It does not publish a single per-programme price: Kenya retired the Differentiated Unit Cost in May 2023 for the Student-Centred Funding Model, under which what a student pays is set by an assessed means band, so no fee is shown rather than a guessed one. SEKU also runs certificate, diploma and TVET programmes that enter below C+; their individual names were not published in any source reachable from this build, so they are not listed and are worth asking about."
c579,Bachelor of Science in Computer Science,South Eastern Kenya University (SEKU),seku,Kitui,public,degree,tech,C+,no,48,,unpublished,"South Eastern Kenya University is a public chartered university and had not been listed here at all. Programme named in its published course listing; degrees are placed through KUCCPS at the national minimum of a KCSE mean grade of C+, with cluster-point cut-offs that move every cycle, so C+ is the floor to be eligible to apply rather than a guarantee of a place - check the current cut-off on the KUCCPS portal. It does not publish a single per-programme price: Kenya retired the Differentiated Unit Cost in May 2023 for the Student-Centred Funding Model, under which what a student pays is set by an assessed means band, so no fee is shown rather than a guessed one. SEKU also runs certificate, diploma and TVET programmes that enter below C+; their individual names were not published in any source reachable from this build, so they are not listed and are worth asking about."
c572,Bachelor of Science in Dryland Agriculture,South Eastern Kenya University (SEKU),seku,Kitui,public,degree,maker,C+,no,48,,unpublished,"South Eastern Kenya University is a public chartered university and had not been listed here at all. Programme named in its published course listing; degrees are placed through KUCCPS at the national minimum of a KCSE mean grade of C+, with cluster-point cut-offs that move every cycle, so C+ is the floor to be eligible to apply rather than a guarantee of a place - check the current cut-off on the KUCCPS portal. It does not publish a single per-programme price: Kenya retired the Differentiated Unit Cost in May 2023 for the Student-Centred Funding Model, under which what a student pays is set by an assessed means band, so no fee is shown rather than a guessed one. SEKU also runs certificate, diploma and TVET programmes that enter below C+; their individual names were not published in any source reachable from this build, so they are not listed and are worth asking about."
c574,Bachelor of Science in Environmental Management,South Eastern Kenya University (SEKU),seku,Kitui,public,degree,numbers,C+,no,48,,unpublished,"South Eastern Kenya University is a public chartered university and had not been listed here at all. Programme named in its published course listing; degrees are placed through KUCCPS at the national minimum of a KCSE mean grade of C+, with cluster-point cut-offs that move every cycle, so C+ is the floor to be eligible to apply rather than a guarantee of a place - check the current cut-off on the KUCCPS portal. It does not publish a single per-programme price: Kenya retired the Differentiated Unit Cost in May 2023 for the Student-Centred Funding Model, under which what a student pays is set by an assessed means band, so no fee is shown rather than a guessed one. SEKU also runs certificate, diploma and TVET programmes that enter below C+; their individual names were not published in any source reachable from this build, so they are not listed and are worth asking about."
c578,"Bachelor of Science in Food, Nutrition and Dietetics",South Eastern Kenya University (SEKU),seku,Kitui,public,degree,carer,C+,no,48,,unpublished,"South Eastern Kenya University is a public chartered university and had not been listed here at all. Programme named in its published course listing; degrees are placed through KUCCPS at the national minimum of a KCSE mean grade of C+, with cluster-point cut-offs that move every cycle, so C+ is the floor to be eligible to apply rather than a guarantee of a place - check the current cut-off on the KUCCPS portal. It does not publish a single per-programme price: Kenya retired the Differentiated Unit Cost in May 2023 for the Student-Centred Funding Model, under which what a student pays is set by an assessed means band, so no fee is shown rather than a guessed one. SEKU also runs certificate, diploma and TVET programmes that enter below C+; their individual names were not published in any source reachable from this build, so they are not listed and are worth asking about."
c589,Bachelor of Science in Geology,South Eastern Kenya University (SEKU),seku,Kitui,public,degree,numbers,C+,no,48,,unpublished,"South Eastern Kenya University is a public chartered university and had not been listed here at all. Programme named in its published course listing; degrees are placed through KUCCPS at the national minimum of a KCSE mean grade of C+, with cluster-point cut-offs that move every cycle, so C+ is the floor to be eligible to apply rather than a guarantee of a place - check the current cut-off on the KUCCPS portal. It does not publish a single per-programme price: Kenya retired the Differentiated Unit Cost in May 2023 for the Student-Centred Funding Model, under which what a student pays is set by an assessed means band, so no fee is shown rather than a guessed one. SEKU also runs certificate, diploma and TVET programmes that enter below C+; their individual names were not published in any source reachable from this build, so they are not listed and are worth asking about."
c573,Bachelor of Science in Horticulture,South Eastern Kenya University (SEKU),seku,Kitui,public,degree,maker,C+,no,48,,unpublished,"South Eastern Kenya University is a public chartered university and had not been listed here at all. Programme named in its published course listing; degrees are placed through KUCCPS at the national minimum of a KCSE mean grade of C+, with cluster-point cut-offs that move every cycle, so C+ is the floor to be eligible to apply rather than a guarantee of a place - check the current cut-off on the KUCCPS portal. It does not publish a single per-programme price: Kenya retired the Differentiated Unit Cost in May 2023 for the Student-Centred Funding Model, under which what a student pays is set by an assessed means band, so no fee is shown rather than a guessed one. SEKU also runs certificate, diploma and TVET programmes that enter below C+; their individual names were not published in any source reachable from this build, so they are not listed and are worth asking about."
c570,Bachelor of Science in Hydrology and Water Resources Management,South Eastern Kenya University (SEKU),seku,Kitui,public,degree,numbers,C+,no,48,,unpublished,"South Eastern Kenya University is a public chartered university and had not been listed here at all. Programme named in its published course listing; degrees are placed through KUCCPS at the national minimum of a KCSE mean grade of C+, with cluster-point cut-offs that move every cycle, so C+ is the floor to be eligible to apply rather than a guarantee of a place - check the current cut-off on the KUCCPS portal. It does not publish a single per-programme price: Kenya retired the Differentiated Unit Cost in May 2023 for the Student-Centred Funding Model, under which what a student pays is set by an assessed means band, so no fee is shown rather than a guessed one. SEKU also runs certificate, diploma and TVET programmes that enter below C+; their individual names were not published in any source reachable from this build, so they are not listed and are worth asking about."
c577,Bachelor of Science in Nursing,South Eastern Kenya University (SEKU),seku,Kitui,public,degree,carer,C+,no,48,,unpublished,"South Eastern Kenya University is a public chartered university and had not been listed here at all. Programme named in its published course listing; degrees are placed through KUCCPS at the national minimum of a KCSE mean grade of C+, with cluster-point cut-offs that move every cycle, so C+ is the floor to be eligible to apply rather than a guarantee of a place - check the current cut-off on the KUCCPS portal. It does not publish a single per-programme price: Kenya retired the Differentiated Unit Cost in May 2023 for the Student-Centred Funding Model, under which what a student pays is set by an assessed means band, so no fee is shown rather than a guessed one. SEKU also runs certificate, diploma and TVET programmes that enter below C+; their individual names were not published in any source reachable from this build, so they are not listed and are worth asking about."
c576,Bachelor of Science in Public Health,South Eastern Kenya University (SEKU),seku,Kitui,public,degree,carer,C+,no,48,,unpublished,"South Eastern Kenya University is a public chartered university and had not been listed here at all. Programme named in its published course listing; degrees are placed through KUCCPS at the national minimum of a KCSE mean grade of C+, with cluster-point cut-offs that move every cycle, so C+ is the floor to be eligible to apply rather than a guarantee of a place - check the current cut-off on the KUCCPS portal. It does not publish a single per-programme price: Kenya retired the Differentiated Unit Cost in May 2023 for the Student-Centred Funding Model, under which what a student pays is set by an assessed means band, so no fee is shown rather than a guessed one. SEKU also runs certificate, diploma and TVET programmes that enter below C+; their individual names were not published in any source reachable from this build, so they are not listed and are worth asking about."
c575,Bachelor of Science in Range Management,South Eastern Kenya University (SEKU),seku,Kitui,public,degree,maker,C+,no,48,,unpublished,"South Eastern Kenya University is a public chartered university and had not been listed here at all. Programme named in its published course listing; degrees are placed through KUCCPS at the national minimum of a KCSE mean grade of C+, with cluster-point cut-offs that move every cycle, so C+ is the floor to be eligible to apply rather than a guarantee of a place - check the current cut-off on the KUCCPS portal. It does not publish a single per-programme price: Kenya retired the Differentiated Unit Cost in May 2023 for the Student-Centred Funding Model, under which what a student pays is set by an assessed means band, so no fee is shown rather than a guessed one. SEKU also runs certificate, diploma and TVET programmes that enter below C+; their individual names were not published in any source reachable from this build, so they are not listed and are worth asking about."
c119,Certificate in Community Health Assistant,Kenya Medical Training College (KMTC) — Msambweni Campus,kmtc_kwale,Kwale,public,certificate,carer,C-,no,24,160200,derived,"KMTC publishes one national fee structure across all campuses, so this figure does not depend on which campus you attend: Ksh 82,200 in Year 1 and Ksh 78,000 in each subsequent year for regular Kenyan students, 2025/26 structure (kmtc.ac.ke, cross-reported by Tuko, EduGuide and Education News Hub, August 2026). Totals here are that schedule multiplied out by course length. Tuition only — accommodation, meals and skills-lab charges are extra and vary by campus. A non-refundable Ksh 1,500 application fee applies. Confirm with the campus before paying. Entry was previously recorded here as a D+ mean grade. That was wrong, and the error is worth naming: D+ is the BIOLOGY SUBJECT requirement for this award, not the mean grade, and it had been written into the mean-grade field. KMTC publishes a minimum KCSE mean grade of C- for every certificate programme, with the cluster-subject requirement on top - for this course a D+ in Biology or Biological Sciences and a D in one of Mathematics, Chemistry, Physics or Physical Sciences. So the C- is needed overall AND the subject grades on top. The duration and the fee moved with it: the certificate runs two years rather than one, so the national schedule multiplies out to Ksh 160,200 instead of Ksh 82,200."
c882,Certificate in Environmental Health Sciences,Kenya Medical Training College (KMTC) — Msambweni Campus,kmtc_kwale,Kwale,public,certificate,carer,C-,no,24,160200,illustrative,"KMTC Kwale Campus serves Kwale County on the south coast. KMTC runs more than 126 programmes nationally but not every campus runs every one, so a national list is not evidence that a course is taught at this campus. This programme is one of the small number a campus-specific listing names for Kwale; a longer list appended to the same source is the national catalogue and the courses appearing on it alone were left out. KMTC publishes a minimum KCSE mean grade of C- for every certificate programme, with the cluster-subject requirement on top, so the C- is needed overall AND the subject grades. Certificate courses run two years, except nursing which runs two and a half. KMTC publishes one national fee structure across all campuses: Ksh 82,200 in Year 1 and Ksh 78,000 in each subsequent year for regular Kenyan students, 2025/26 structure. Total here is that schedule multiplied out by course length. Tuition only - accommodation, meals and skills-lab charges are extra and vary by campus. A non-refundable Ksh 1,500 application fee applies. Confirm with the campus before paying."
c884,Certificate in Nutrition and Dietetics,Kenya Medical Training College (KMTC) — Msambweni Campus,kmtc_kwale,Kwale,public,certificate,carer,C-,no,24,160200,illustrative,"KMTC Kwale Campus serves Kwale County on the south coast. KMTC runs more than 126 programmes nationally but not every campus runs every one, so a national list is not evidence that a course is taught at this campus. This programme is one of the small number a campus-specific listing names for Kwale; a longer list appended to the same source is the national catalogue and the courses appearing on it alone were left out. KMTC publishes a minimum KCSE mean grade of C- for every certificate programme, with the cluster-subject requirement on top, so the C- is needed overall AND the subject grades. Certificate courses run two years, except nursing which runs two and a half. KMTC publishes one national fee structure across all campuses: Ksh 82,200 in Year 1 and Ksh 78,000 in each subsequent year for regular Kenyan students, 2025/26 structure. Total here is that schedule multiplied out by course length. Tuition only - accommodation, meals and skills-lab charges are extra and vary by campus. A non-refundable Ksh 1,500 application fee applies. Confirm with the campus before paying."
c883,Diploma in Environmental Health Sciences,Kenya Medical Training College (KMTC) — Msambweni Campus,kmtc_kwale,Kwale,public,diploma,carer,C,no,36,238200,illustrative,"KMTC Kwale Campus serves Kwale County on the south coast. KMTC runs more than 126 programmes nationally but not every campus runs every one, so a national list is not evidence that a course is taught at this campus. This programme is one of the small number a campus-specific listing names for Kwale; a longer list appended to the same source is the national catalogue and the courses appearing on it alone were left out. KMTC publishes a minimum KCSE mean grade of C plain for its diploma programmes, with cluster subjects in English or Kiswahili, Biology or Biological Sciences, and Mathematics, Chemistry or Physics. Diploma courses run three years, except Community Health Nursing which runs three and a half. KMTC publishes one national fee structure across all campuses: Ksh 82,200 in Year 1 and Ksh 78,000 in each subsequent year for regular Kenyan students, 2025/26 structure. Total here is that schedule multiplied out by course length. Tuition only - accommodation, meals and skills-lab charges are extra and vary by campus. A non-refundable Ksh 1,500 application fee applies. Confirm with the campus before paying."
c118,Diploma in Kenya Registered Community Health Nursing (KRCHN),Kenya Medical Training College (KMTC) — Msambweni Campus,kmtc_kwale,Kwale,public,diploma,carer,C+,no,36,238200,derived,"KMTC publishes one national fee structure across all campuses, so this figure does not depend on which campus you attend: Ksh 82,200 in Year 1 and Ksh 78,000 in each subsequent year for regular Kenyan students, 2025/26 structure (kmtc.ac.ke, cross-reported by Tuko, EduGuide and Education News Hub, August 2026). Totals here are that schedule multiplied out by course length. Tuition only — accommodation, meals and skills-lab charges are extra and vary by campus. A non-refundable Ksh 1,500 application fee applies. Confirm with the campus before paying."
c705,Artisan in Electrical Installation,Kinango Technical and Vocational College,kinango_tvc,Kwale,public,artisan,maker,,yes,12,67189,derived,"Programme named as an artisan course in Kinango Technical and Vocational College's published 2025/2026 course list, cross-reported by Business Radar (June 2025) and Education News Hub, September 2026. Duration of one year is published for the programme. ENTRY IS RECORDED AS OPEN, AND THE SOURCES CONFLICT: one states a KCSE minimum of D-, while the college's own artisan requirement is given as ""a KCPE certificate or equivalent"". A KCPE certificate is an ALTERNATIVE to the KCSE grade rather than an addition to it - KCPE is not marked in letter grades at all - so a learner holding an E clears the published bar. That is the same either/or already resolved this way at Sigalagala, Siaya, Kisumu, Eldoret, Kisii, Michuki and Bureti. Quoting the stricter figure would remove the card from the screen of the reader with the fewest options, who could then not even ring up to ask. Confirm with the college before travelling. Fee derived from the government's consolidated annual public-TVET fee of Ksh 67,189 (inclusive of assessment fees, effective May 2026), scaled to the twelve-month duration. Kinango TVC is a public institution and that national rate applies; it bills per term and additional mandatory charges are reported separately (hostel Ksh 4,000 per term, library Ksh 900, student activity Ksh 1,000 a year). Confirm with the registrar."
c695,Certificate in Animal Health and Production,Animal Health and Industry Training Institute (AHITI) — Nyahururu,ahiti_nyahururu,Laikipia,public,certificate,maker,C-,no,24,136700,derived,"Entry requirement is a KCSE mean grade of C- with C- in Biology or Biological Sciences, per the Kenya Veterinary Board's published minimum entry requirements for animal health courses and the institute's own listing. The fee is the total for the two-year course as published in the Ministry of Agriculture and Livestock Development's 2026 training advertisement for the institutes of the State Department for Livestock Development, which names this course, this institute and this fee together — the same certificate runs at AHITI Ndomba, AHITI Kabete and AHITI Nyahururu at this rate. It excludes the non-refundable Ksh 1,000 application fee; confirm accommodation, examination and attachment charges with the principal. AHITI also advertises artisan and short courses at this campus, but no artisan course is named in any source reachable from this build, so none is listed here rather than a plausible name being invented."
c696,Diploma in Animal Health and Production,Animal Health and Industry Training Institute (AHITI) — Nyahururu,ahiti_nyahururu,Laikipia,public,diploma,maker,C,no,36,,unpublished,"Entry requirement is a KCSE mean grade of C with C in Biology, C- in Chemistry or Physical Science and C- in Mathematics or Agriculture, per the Kenya Veterinary Board's published minimum entry requirements for animal health courses and the institute's own listing. The institute publishes no fee for this course in any source reachable from this build: the intake advertisement states that fees vary per programme and directs applicants to the admissions office, so a per-course total could not be verified. No figure is shown rather than an invented one; ask the principal for the current rate and what it excludes. AHITI also advertises artisan and short courses at this campus, but no artisan course is named in any source reachable from this build, so none is listed here rather than a plausible name being invented."
c139,Certificate in Community Health Assistant,Kenya Medical Training College (KMTC) — Nyahururu Campus,kmtc_laikipia,Laikipia,public,certificate,carer,C-,no,24,160200,derived,"KMTC publishes one national fee structure across all campuses, so this figure does not depend on which campus you attend: Ksh 82,200 in Year 1 and Ksh 78,000 in each subsequent year for regular Kenyan students, 2025/26 structure (kmtc.ac.ke, cross-reported by Tuko, EduGuide and Education News Hub, August 2026). Totals here are that schedule multiplied out by course length. Tuition only — accommodation, meals and skills-lab charges are extra and vary by campus. A non-refundable Ksh 1,500 application fee applies. Confirm with the campus before paying. Entry was previously recorded here as a D+ mean grade. That was wrong, and the error is worth naming: D+ is the BIOLOGY SUBJECT requirement for this award, not the mean grade, and it had been written into the mean-grade field. KMTC publishes a minimum KCSE mean grade of C- for every certificate programme, with the cluster-subject requirement on top - for this course a D+ in Biology or Biological Sciences and a D in one of Mathematics, Chemistry, Physics or Physical Sciences. So the C- is needed overall AND the subject grades on top. The duration and the fee moved with it: the certificate runs two years rather than one, so the national schedule multiplies out to Ksh 160,200 instead of Ksh 82,200."
c138,Diploma in Kenya Registered Community Health Nursing (KRCHN),Kenya Medical Training College (KMTC) — Nyahururu Campus,kmtc_laikipia,Laikipia,public,diploma,carer,C+,no,36,238200,derived,"KMTC publishes one national fee structure across all campuses, so this figure does not depend on which campus you attend: Ksh 82,200 in Year 1 and Ksh 78,000 in each subsequent year for regular Kenyan students, 2025/26 structure (kmtc.ac.ke, cross-reported by Tuko, EduGuide and Education News Hub, August 2026). Totals here are that schedule multiplied out by course length. Tuition only — accommodation, meals and skills-lab charges are extra and vary by campus. A non-refundable Ksh 1,500 application fee applies. Confirm with the campus before paying."
c606,Bachelor of Agribusiness Management,Laikipia University,laikipia_uni,Laikipia,public,degree,business,C+,no,48,,unpublished,"Laikipia University is a public chartered university and had not been listed here at all. Programme named in its published course listing. It does not publish a single per-programme price: Kenya retired the Differentiated Unit Cost in May 2023 for the Student-Centred Funding Model, under which what a student pays is set by an assessed means band, so no fee is shown rather than a guessed one. Degrees are placed through KUCCPS at the national minimum of a KCSE mean grade of C+, with cluster-point cut-offs that move every cycle - so C+ is the floor to be eligible to apply rather than a guarantee of a place."
c615,Bachelor of Arts in Criminology and Security Studies,Laikipia University,laikipia_uni,Laikipia,public,degree,people,C+,no,48,,unpublished,"Laikipia University is a public chartered university and had not been listed here at all. Programme named in its published course listing. It does not publish a single per-programme price: Kenya retired the Differentiated Unit Cost in May 2023 for the Student-Centred Funding Model, under which what a student pays is set by an assessed means band, so no fee is shown rather than a guessed one. Degrees are placed through KUCCPS at the national minimum of a KCSE mean grade of C+, with cluster-point cut-offs that move every cycle - so C+ is the floor to be eligible to apply rather than a guarantee of a place."
c605,Bachelor of Commerce,Laikipia University,laikipia_uni,Laikipia,public,degree,business,C+,no,48,,unpublished,"Laikipia University is a public chartered university and had not been listed here at all. Programme named in its published course listing. It does not publish a single per-programme price: Kenya retired the Differentiated Unit Cost in May 2023 for the Student-Centred Funding Model, under which what a student pays is set by an assessed means band, so no fee is shown rather than a guessed one. Degrees are placed through KUCCPS at the national minimum of a KCSE mean grade of C+, with cluster-point cut-offs that move every cycle - so C+ is the floor to be eligible to apply rather than a guarantee of a place."
c607,Bachelor of Education (Arts),Laikipia University,laikipia_uni,Laikipia,public,degree,people,C+,no,48,,unpublished,"Laikipia University is a public chartered university and had not been listed here at all. Programme named in its published course listing. It does not publish a single per-programme price: Kenya retired the Differentiated Unit Cost in May 2023 for the Student-Centred Funding Model, under which what a student pays is set by an assessed means band, so no fee is shown rather than a guessed one. Degrees are placed through KUCCPS at the national minimum of a KCSE mean grade of C+, with cluster-point cut-offs that move every cycle - so C+ is the floor to be eligible to apply rather than a guarantee of a place."
c608,Bachelor of Education (Science),Laikipia University,laikipia_uni,Laikipia,public,degree,people,C+,no,48,,unpublished,"Laikipia University is a public chartered university and had not been listed here at all. Programme named in its published course listing. It does not publish a single per-programme price: Kenya retired the Differentiated Unit Cost in May 2023 for the Student-Centred Funding Model, under which what a student pays is set by an assessed means band, so no fee is shown rather than a guessed one. Degrees are placed through KUCCPS at the national minimum of a KCSE mean grade of C+, with cluster-point cut-offs that move every cycle - so C+ is the floor to be eligible to apply rather than a guarantee of a place."
c609,Bachelor of Library and Information Studies,Laikipia University,laikipia_uni,Laikipia,public,degree,people,C+,no,48,,unpublished,"Laikipia University is a public chartered university and had not been listed here at all. Programme named in its published course listing. It does not publish a single per-programme price: Kenya retired the Differentiated Unit Cost in May 2023 for the Student-Centred Funding Model, under which what a student pays is set by an assessed means band, so no fee is shown rather than a guessed one. Degrees are placed through KUCCPS at the national minimum of a KCSE mean grade of C+, with cluster-point cut-offs that move every cycle - so C+ is the floor to be eligible to apply rather than a guarantee of a place."
c610,Bachelor of Psychology,Laikipia University,laikipia_uni,Laikipia,public,degree,people,C+,no,48,,unpublished,"Laikipia University is a public chartered university and had not been listed here at all. Programme named in its published course listing. It does not publish a single per-programme price: Kenya retired the Differentiated Unit Cost in May 2023 for the Student-Centred Funding Model, under which what a student pays is set by an assessed means band, so no fee is shown rather than a guessed one. Degrees are placed through KUCCPS at the national minimum of a KCSE mean grade of C+, with cluster-point cut-offs that move every cycle - so C+ is the floor to be eligible to apply rather than a guarantee of a place."
c614,Bachelor of Science in Agricultural Economics,Laikipia University,laikipia_uni,Laikipia,public,degree,business,C+,no,48,,unpublished,"Laikipia University is a public chartered university and had not been listed here at all. Programme named in its published course listing. It does not publish a single per-programme price: Kenya retired the Differentiated Unit Cost in May 2023 for the Student-Centred Funding Model, under which what a student pays is set by an assessed means band, so no fee is shown rather than a guessed one. Degrees are placed through KUCCPS at the national minimum of a KCSE mean grade of C+, with cluster-point cut-offs that move every cycle - so C+ is the floor to be eligible to apply rather than a guarantee of a place."
c611,Bachelor of Science in Community Development,Laikipia University,laikipia_uni,Laikipia,public,degree,people,C+,no,48,,unpublished,"Laikipia University is a public chartered university and had not been listed here at all. Programme named in its published course listing. It does not publish a single per-programme price: Kenya retired the Differentiated Unit Cost in May 2023 for the Student-Centred Funding Model, under which what a student pays is set by an assessed means band, so no fee is shown rather than a guessed one. Degrees are placed through KUCCPS at the national minimum of a KCSE mean grade of C+, with cluster-point cut-offs that move every cycle - so C+ is the floor to be eligible to apply rather than a guarantee of a place."
c612,Bachelor of Science in Economics and Statistics,Laikipia University,laikipia_uni,Laikipia,public,degree,numbers,C+,no,48,,unpublished,"Laikipia University is a public chartered university and had not been listed here at all. Programme named in its published course listing. It does not publish a single per-programme price: Kenya retired the Differentiated Unit Cost in May 2023 for the Student-Centred Funding Model, under which what a student pays is set by an assessed means band, so no fee is shown rather than a guessed one. Degrees are placed through KUCCPS at the national minimum of a KCSE mean grade of C+, with cluster-point cut-offs that move every cycle - so C+ is the floor to be eligible to apply rather than a guarantee of a place."
c613,Bachelor of Science in Environmental Science,Laikipia University,laikipia_uni,Laikipia,public,degree,numbers,C+,no,48,,unpublished,"Laikipia University is a public chartered university and had not been listed here at all. Programme named in its published course listing. It does not publish a single per-programme price: Kenya retired the Differentiated Unit Cost in May 2023 for the Student-Centred Funding Model, under which what a student pays is set by an assessed means band, so no fee is shown rather than a guessed one. Degrees are placed through KUCCPS at the national minimum of a KCSE mean grade of C+, with cluster-point cut-offs that move every cycle - so C+ is the floor to be eligible to apply rather than a guarantee of a place."
c616,Bachelor of Sports Science and Management,Laikipia University,laikipia_uni,Laikipia,public,degree,people,C+,no,48,,unpublished,"Laikipia University is a public chartered university and had not been listed here at all. Programme named in its published course listing. It does not publish a single per-programme price: Kenya retired the Differentiated Unit Cost in May 2023 for the Student-Centred Funding Model, under which what a student pays is set by an assessed means band, so no fee is shown rather than a guessed one. Degrees are placed through KUCCPS at the national minimum of a KCSE mean grade of C+, with cluster-point cut-offs that move every cycle - so C+ is the floor to be eligible to apply rather than a guarantee of a place."
c619,Certificate in Computer Applications,Laikipia University,laikipia_uni,Laikipia,public,certificate,tech,D,no,12,,unpublished,"Laikipia University is a public chartered university and had not been listed here at all. Programme named in its published course listing. It does not publish a single per-programme price: Kenya retired the Differentiated Unit Cost in May 2023 for the Student-Centred Funding Model, under which what a student pays is set by an assessed means band, so no fee is shown rather than a guessed one. This is a certificate, and it is listed because a university certificate is unusual and reaches far lower than a degree does. No certificate-specific minimum grade was published in any source reachable from this build, so the national KUCCPS certificate floor of D plain is recorded rather than a stricter figure invented for it - confirm with admissions."
c621,Certificate in Computer Repair and Maintenance,Laikipia University,laikipia_uni,Laikipia,public,certificate,tech,D,no,12,,unpublished,"Laikipia University is a public chartered university and had not been listed here at all. Programme named in its published course listing. It does not publish a single per-programme price: Kenya retired the Differentiated Unit Cost in May 2023 for the Student-Centred Funding Model, under which what a student pays is set by an assessed means band, so no fee is shown rather than a guessed one. This is a certificate, and it is listed because a university certificate is unusual and reaches far lower than a degree does. No certificate-specific minimum grade was published in any source reachable from this build, so the national KUCCPS certificate floor of D plain is recorded rather than a stricter figure invented for it - confirm with admissions."
c620,Certificate in Information Communication Technology,Laikipia University,laikipia_uni,Laikipia,public,certificate,tech,D,no,12,,unpublished,"Laikipia University is a public chartered university and had not been listed here at all. Programme named in its published course listing. It does not publish a single per-programme price: Kenya retired the Differentiated Unit Cost in May 2023 for the Student-Centred Funding Model, under which what a student pays is set by an assessed means band, so no fee is shown rather than a guessed one. This is a certificate, and it is listed because a university certificate is unusual and reaches far lower than a degree does. No certificate-specific minimum grade was published in any source reachable from this build, so the national KUCCPS certificate floor of D plain is recorded rather than a stricter figure invented for it - confirm with admissions."
c618,Certificate in Public Administration and County Governance,Laikipia University,laikipia_uni,Laikipia,public,certificate,people,D,no,12,,unpublished,"Laikipia University is a public chartered university and had not been listed here at all. Programme named in its published course listing. It does not publish a single per-programme price: Kenya retired the Differentiated Unit Cost in May 2023 for the Student-Centred Funding Model, under which what a student pays is set by an assessed means band, so no fee is shown rather than a guessed one. This is a certificate, and it is listed because a university certificate is unusual and reaches far lower than a degree does. No certificate-specific minimum grade was published in any source reachable from this build, so the national KUCCPS certificate floor of D plain is recorded rather than a stricter figure invented for it - confirm with admissions."
c622,Certificate in Sports Science and Management,Laikipia University,laikipia_uni,Laikipia,public,certificate,people,D,no,12,,unpublished,"Laikipia University is a public chartered university and had not been listed here at all. Programme named in its published course listing. It does not publish a single per-programme price: Kenya retired the Differentiated Unit Cost in May 2023 for the Student-Centred Funding Model, under which what a student pays is set by an assessed means band, so no fee is shown rather than a guessed one. This is a certificate, and it is listed because a university certificate is unusual and reaches far lower than a degree does. No certificate-specific minimum grade was published in any source reachable from this build, so the national KUCCPS certificate floor of D plain is recorded rather than a stricter figure invented for it - confirm with admissions."
c617,Diploma in Education (Arts),Laikipia University,laikipia_uni,Laikipia,public,diploma,people,C-,no,24,,unpublished,"Laikipia University is a public chartered university and had not been listed here at all. Programme named in its published course listing. It does not publish a single per-programme price: Kenya retired the Differentiated Unit Cost in May 2023 for the Student-Centred Funding Model, under which what a student pays is set by an assessed means band, so no fee is shown rather than a guessed one. This is a diploma. The university publishes no diploma-specific minimum grade in any source reachable from this build, so the national KUCCPS diploma floor of C- is recorded rather than a stricter figure invented for it - confirm with admissions. A diploma at a university is one of the few routes that later opens a degree at the same institution."
c121,Certificate in Community Health Assistant,Kenya Medical Training College (KMTC) — Lamu Campus,kmtc_lamu,Lamu,public,certificate,carer,C-,no,24,160200,derived,"KMTC publishes one national fee structure across all campuses, so this figure does not depend on which campus you attend: Ksh 82,200 in Year 1 and Ksh 78,000 in each subsequent year for regular Kenyan students, 2025/26 structure (kmtc.ac.ke, cross-reported by Tuko, EduGuide and Education News Hub, August 2026). Totals here are that schedule multiplied out by course length. Tuition only — accommodation, meals and skills-lab charges are extra and vary by campus. A non-refundable Ksh 1,500 application fee applies. Confirm with the campus before paying. Entry was previously recorded here as a D+ mean grade. That was wrong, and the error is worth naming: D+ is the BIOLOGY SUBJECT requirement for this award, not the mean grade, and it had been written into the mean-grade field. KMTC publishes a minimum KCSE mean grade of C- for every certificate programme, with the cluster-subject requirement on top - for this course a D+ in Biology or Biological Sciences and a D in one of Mathematics, Chemistry, Physics or Physical Sciences. So the C- is needed overall AND the subject grades on top. The duration and the fee moved with it: the certificate runs two years rather than one, so the national schedule multiplies out to Ksh 160,200 instead of Ksh 82,200."
c876,Certificate in Health Records and Information Technology,Kenya Medical Training College (KMTC) — Lamu Campus,kmtc_lamu,Lamu,public,certificate,numbers,C-,no,24,160200,illustrative,"KMTC Lamu Campus serves Lamu County, where it is the main provider of health training. This programme is named on the campus’s own published course list - KMTC runs more than 126 programmes nationally but not every campus runs every one, so a national list is not evidence that a course is taught at this campus. KMTC publishes a minimum KCSE mean grade of C- for every certificate programme, with the cluster-subject requirement on top, so the C- is needed overall AND the subject grades. Certificate courses run two years, except nursing which runs two and a half. KMTC publishes one national fee structure across all campuses: Ksh 82,200 in Year 1 and Ksh 78,000 in each subsequent year for regular Kenyan students, 2025/26 structure. Total here is that schedule multiplied out by course length. Tuition only - accommodation, meals and skills-lab charges are extra and vary by campus. A non-refundable Ksh 1,500 application fee applies. Confirm with the campus before paying."
c877,Certificate in Orthopaedic Plaster Technology,Kenya Medical Training College (KMTC) — Lamu Campus,kmtc_lamu,Lamu,public,certificate,carer,C-,no,24,160200,illustrative,"KMTC Lamu Campus serves Lamu County, where it is the main provider of health training. This programme is named on the campus’s own published course list - KMTC runs more than 126 programmes nationally but not every campus runs every one, so a national list is not evidence that a course is taught at this campus. KMTC publishes a minimum KCSE mean grade of C- for every certificate programme, with the cluster-subject requirement on top, so the C- is needed overall AND the subject grades. Certificate courses run two years, except nursing which runs two and a half. KMTC publishes one national fee structure across all campuses: Ksh 82,200 in Year 1 and Ksh 78,000 in each subsequent year for regular Kenyan students, 2025/26 structure. Total here is that schedule multiplied out by course length. Tuition only - accommodation, meals and skills-lab charges are extra and vary by campus. A non-refundable Ksh 1,500 application fee applies. Confirm with the campus before paying."
c878,Diploma in Clinical Medicine and Surgery,Kenya Medical Training College (KMTC) — Lamu Campus,kmtc_lamu,Lamu,public,diploma,carer,C,no,36,238200,illustrative,"KMTC Lamu Campus serves Lamu County, where it is the main provider of health training. This programme is named on the campus’s own published course list - KMTC runs more than 126 programmes nationally but not every campus runs every one, so a national list is not evidence that a course is taught at this campus. KMTC publishes a minimum KCSE mean grade of C plain for its diploma programmes, with cluster subjects in English or Kiswahili, Biology or Biological Sciences, and Mathematics, Chemistry or Physics. Diploma courses run three years, except Community Health Nursing which runs three and a half. KMTC publishes one national fee structure across all campuses: Ksh 82,200 in Year 1 and Ksh 78,000 in each subsequent year for regular Kenyan students, 2025/26 structure. Total here is that schedule multiplied out by course length. Tuition only - accommodation, meals and skills-lab charges are extra and vary by campus. A non-refundable Ksh 1,500 application fee applies. Confirm with the campus before paying."
c120,Diploma in Kenya Registered Community Health Nursing (KRCHN),Kenya Medical Training College (KMTC) — Lamu Campus,kmtc_lamu,Lamu,public,diploma,carer,C+,no,36,238200,derived,"KMTC publishes one national fee structure across all campuses, so this figure does not depend on which campus you attend: Ksh 82,200 in Year 1 and Ksh 78,000 in each subsequent year for regular Kenyan students, 2025/26 structure (kmtc.ac.ke, cross-reported by Tuko, EduGuide and Education News Hub, August 2026). Totals here are that schedule multiplied out by course length. Tuition only — accommodation, meals and skills-lab charges are extra and vary by campus. A non-refundable Ksh 1,500 application fee applies. Confirm with the campus before paying."
c049,Bachelor of Arts in Communication and Public Relations,Daystar University,daystar,Machakos,private,degree,people,C+,no,48,,unpublished,"This course previously displayed a precise-looking tuition figure that was never observed anywhere. An audit found the same value repeated across unrelated institutions - Ksh 420,000 appeared on twelve different degrees at twelve different universities, public and private, from nursing to design to actuarial science - which is not what real fee data looks like. It was a placeholder, so it has been removed rather than left wearing a caveat. The figure could not be verified against any source reachable here, so nothing is shown. Ask the institution directly; if it is a public university, note that a single per-programme price no longer exists."
c746,Bachelor of Arts in Community Development,Daystar University,daystar,Machakos,private,degree,people,C+,no,48,,unpublished,"Daystar University is a CUE-chartered Christian private university with campuses at Athi River and Nairobi. Programme named in the university's own published academic programmes listing. A bachelor degree there is a minimum of four academic years, eight semesters, on a trimester fee cycle. Entry is recorded at the national CUE and KUCCPS degree minimum of a C+ mean grade; confirm the exact requirement with admissions, because a private university sets its own bar and may ask for more. The university publishes a fee schedule, but its figure for this named programme could not be verified against any source reachable from this build, so none is shown rather than a guessed one. Ring admissions for the current schedule."
c747,Bachelor of Arts in Psychology and Counseling,Daystar University,daystar,Machakos,private,degree,people,C+,no,48,,unpublished,"Daystar University is a CUE-chartered Christian private university with campuses at Athi River and Nairobi. Programme named in the university's own published academic programmes listing. A bachelor degree there is a minimum of four academic years, eight semesters, on a trimester fee cycle. Entry is recorded at the national CUE and KUCCPS degree minimum of a C+ mean grade; confirm the exact requirement with admissions, because a private university sets its own bar and may ask for more. The university publishes a fee schedule, but its figure for this named programme could not be verified against any source reachable from this build, so none is shown rather than a guessed one. Ring admissions for the current schedule."
c748,Bachelor of Arts in Social Work,Daystar University,daystar,Machakos,private,degree,people,C+,no,48,,unpublished,"Daystar University is a CUE-chartered Christian private university with campuses at Athi River and Nairobi. Programme named in the university's own published academic programmes listing. A bachelor degree there is a minimum of four academic years, eight semesters, on a trimester fee cycle. Entry is recorded at the national CUE and KUCCPS degree minimum of a C+ mean grade; confirm the exact requirement with admissions, because a private university sets its own bar and may ask for more. The university publishes a fee schedule, but its figure for this named programme could not be verified against any source reachable from this build, so none is shown rather than a guessed one. Ring admissions for the current schedule."
c745,Bachelor of Commerce,Daystar University,daystar,Machakos,private,degree,business,C+,no,48,,unpublished,"Daystar University is a CUE-chartered Christian private university with campuses at Athi River and Nairobi. Programme named in the university's own published academic programmes listing. A bachelor degree there is a minimum of four academic years, eight semesters, on a trimester fee cycle. Entry is recorded at the national CUE and KUCCPS degree minimum of a C+ mean grade; confirm the exact requirement with admissions, because a private university sets its own bar and may ask for more. The university publishes a fee schedule, but its figure for this named programme could not be verified against any source reachable from this build, so none is shown rather than a guessed one. Ring admissions for the current schedule."
c750,Bachelor of Education (Early Childhood Development),Daystar University,daystar,Machakos,private,degree,people,C+,no,48,,unpublished,"Daystar University is a CUE-chartered Christian private university with campuses at Athi River and Nairobi. Programme named in the university's own published academic programmes listing. A bachelor degree there is a minimum of four academic years, eight semesters, on a trimester fee cycle. Entry is recorded at the national CUE and KUCCPS degree minimum of a C+ mean grade; confirm the exact requirement with admissions, because a private university sets its own bar and may ask for more. The university publishes a fee schedule, but its figure for this named programme could not be verified against any source reachable from this build, so none is shown rather than a guessed one. Ring admissions for the current schedule."
c749,Bachelor of Science in Applied Computer Science,Daystar University,daystar,Machakos,private,degree,tech,C+,no,48,,unpublished,"Daystar University is a CUE-chartered Christian private university with campuses at Athi River and Nairobi. Programme named in the university's own published academic programmes listing. A bachelor degree there is a minimum of four academic years, eight semesters, on a trimester fee cycle. Entry is recorded at the national CUE and KUCCPS degree minimum of a C+ mean grade; confirm the exact requirement with admissions, because a private university sets its own bar and may ask for more. The university publishes a fee schedule, but its figure for this named programme could not be verified against any source reachable from this build, so none is shown rather than a guessed one. Ring admissions for the current schedule."
c161,Certificate in Community Health Assistant,Kenya Medical Training College (KMTC) — Machakos Campus,kmtc_machakos,Machakos,public,certificate,carer,C-,no,24,160200,derived,"KMTC publishes one national fee structure across all campuses, so this figure does not depend on which campus you attend: Ksh 82,200 in Year 1 and Ksh 78,000 in each subsequent year for regular Kenyan students, 2025/26 structure (kmtc.ac.ke, cross-reported by Tuko, EduGuide and Education News Hub, August 2026). Totals here are that schedule multiplied out by course length. Tuition only — accommodation, meals and skills-lab charges are extra and vary by campus. A non-refundable Ksh 1,500 application fee applies. Confirm with the campus before paying. Entry was previously recorded here as a D+ mean grade. That was wrong, and the error is worth naming: D+ is the BIOLOGY SUBJECT requirement for this award, not the mean grade, and it had been written into the mean-grade field. KMTC publishes a minimum KCSE mean grade of C- for every certificate programme, with the cluster-subject requirement on top - for this course a D+ in Biology or Biological Sciences and a D in one of Mathematics, Chemistry, Physics or Physical Sciences. So the C- is needed overall AND the subject grades on top. The duration and the fee moved with it: the certificate runs two years rather than one, so the national schedule multiplies out to Ksh 160,200 instead of Ksh 82,200."
c160,Diploma in Kenya Registered Community Health Nursing (KRCHN),Kenya Medical Training College (KMTC) — Machakos Campus,kmtc_machakos,Machakos,public,diploma,carer,C+,no,36,238200,derived,"KMTC publishes one national fee structure across all campuses, so this figure does not depend on which campus you attend: Ksh 82,200 in Year 1 and Ksh 78,000 in each subsequent year for regular Kenyan students, 2025/26 structure (kmtc.ac.ke, cross-reported by Tuko, EduGuide and Education News Hub, August 2026). Totals here are that schedule multiplied out by course length. Tuition only — accommodation, meals and skills-lab charges are extra and vary by campus. A non-refundable Ksh 1,500 application fee applies. Confirm with the campus before paying."
c032,Bachelor of Education (Primary Option),Machakos University,machakos_uni,Machakos,public,degree,carer,C+,no,48,,unpublished,"This course previously displayed a precise-looking tuition figure that was never observed anywhere. An audit found the same value repeated across unrelated institutions - Ksh 420,000 appeared on twelve different degrees at twelve different universities, public and private, from nursing to design to actuarial science - which is not what real fee data looks like. It was a placeholder, so it has been removed rather than left wearing a caveat. The figure could not be verified against any source reachable here, so nothing is shown. Ask the institution directly; if it is a public university, note that a single per-programme price no longer exists."
c050,Diploma in Human Resource Management,Machakos University,machakos_uni,Machakos,public,diploma,people,C-,no,24,,unpublished,"This course previously displayed a precise-looking tuition figure that was never observed anywhere. An audit found the same value repeated across unrelated institutions - Ksh 420,000 appeared on twelve different degrees at twelve different universities, public and private, from nursing to design to actuarial science - which is not what real fee data looks like. It was a placeholder, so it has been removed rather than left wearing a caveat. The figure could not be verified against any source reachable here, so nothing is shown. Ask the institution directly; if it is a public university, note that a single per-programme price no longer exists."
c704,Certificate in Abattoir Instruction,"Meat Training Institute (MTI), Athi River",mti_athiriver,Machakos,public,certificate,maker,D,no,12,45000,derived,"The institute publishes its ladder as ""C- and above for Diploma; D plain and above for Certificate; other course categories are open"", so a KCSE mean grade of D plain is recorded for the certificate tier. Course named in the State Department for Livestock Development 2026 training intake advertisement (Ministry of Agriculture and Livestock Development), reported by The Kenya Times and Education News Hub, and cross-read against the institute course listings on colleges.co.ke and Elimu Centre, September 2026. The fee is the course fee published in the Ministry of Agriculture and Livestock Development's 2026 training advertisement for the institutes of the State Department for Livestock Development, which names this course, this institute and this fee together. It excludes the non-refundable Ksh 1,000 application fee; confirm with the institute what else it covers and how long the course runs, since the advertisement prices the course without stating its duration. The open tier is real but no artisan course is named in any reachable source, so none is listed."
c703,Certificate in Abattoir Operation,"Meat Training Institute (MTI), Athi River",mti_athiriver,Machakos,public,certificate,maker,D,no,12,,unpublished,"The institute publishes its ladder as ""C- and above for Diploma; D plain and above for Certificate; other course categories are open"", so a KCSE mean grade of D plain is recorded for the certificate tier. Course named in the State Department for Livestock Development 2026 training intake advertisement (Ministry of Agriculture and Livestock Development), reported by The Kenya Times and Education News Hub, and cross-read against the institute course listings on colleges.co.ke and Elimu Centre, September 2026. The institute publishes no fee for this course in any source reachable from this build: the intake advertisement states that fees vary per programme and directs applicants to the admissions office, so a per-course total could not be verified. No figure is shown rather than an invented one; ask the principal for the current rate and what it excludes. The open tier is real but no artisan course is named in any reachable source, so none is listed."
c702,Certificate in Meat Grading,"Meat Training Institute (MTI), Athi River",mti_athiriver,Machakos,public,certificate,maker,D,no,12,45000,derived,"The institute publishes its ladder as ""C- and above for Diploma; D plain and above for Certificate; other course categories are open"", so a KCSE mean grade of D plain is recorded for the certificate tier. Course named in the State Department for Livestock Development 2026 training intake advertisement (Ministry of Agriculture and Livestock Development), reported by The Kenya Times and Education News Hub, and cross-read against the institute course listings on colleges.co.ke and Elimu Centre, September 2026. The fee is the course fee published in the Ministry of Agriculture and Livestock Development's 2026 training advertisement for the institutes of the State Department for Livestock Development, which names this course, this institute and this fee together. It excludes the non-refundable Ksh 1,000 application fee; confirm with the institute what else it covers and how long the course runs, since the advertisement prices the course without stating its duration. The open tier is real but no artisan course is named in any reachable source, so none is listed."
c699,Certificate in Meat Inspection,"Meat Training Institute (MTI), Athi River",mti_athiriver,Machakos,public,certificate,maker,D,no,12,,unpublished,"The institute publishes its ladder as ""C- and above for Diploma; D plain and above for Certificate; other course categories are open"", so a KCSE mean grade of D plain is recorded for the certificate tier. Course named in the State Department for Livestock Development 2026 training intake advertisement (Ministry of Agriculture and Livestock Development), reported by The Kenya Times and Education News Hub, and cross-read against the institute course listings on colleges.co.ke and Elimu Centre, September 2026. The institute publishes no fee for this course in any source reachable from this build: the intake advertisement states that fees vary per programme and directs applicants to the admissions office, so a per-course total could not be verified. No figure is shown rather than an invented one; ask the principal for the current rate and what it excludes. The open tier is real but no artisan course is named in any reachable source, so none is listed."
c700,Certificate in Meat Processing,"Meat Training Institute (MTI), Athi River",mti_athiriver,Machakos,public,certificate,maker,D,no,12,,unpublished,"The institute publishes its ladder as ""C- and above for Diploma; D plain and above for Certificate; other course categories are open"", so a KCSE mean grade of D plain is recorded for the certificate tier. Course named in the State Department for Livestock Development 2026 training intake advertisement (Ministry of Agriculture and Livestock Development), reported by The Kenya Times and Education News Hub, and cross-read against the institute course listings on colleges.co.ke and Elimu Centre, September 2026. The institute publishes no fee for this course in any source reachable from this build: the intake advertisement states that fees vary per programme and directs applicants to the admissions office, so a per-course total could not be verified. No figure is shown rather than an invented one; ask the principal for the current rate and what it excludes. The open tier is real but no artisan course is named in any reachable source, so none is listed."
c701,Certificate in Meat-based Products Processing,"Meat Training Institute (MTI), Athi River",mti_athiriver,Machakos,public,certificate,maker,D,no,12,,unpublished,"The institute publishes its ladder as ""C- and above for Diploma; D plain and above for Certificate; other course categories are open"", so a KCSE mean grade of D plain is recorded for the certificate tier. Course named in the State Department for Livestock Development 2026 training intake advertisement (Ministry of Agriculture and Livestock Development), reported by The Kenya Times and Education News Hub, and cross-read against the institute course listings on colleges.co.ke and Elimu Centre, September 2026. The institute publishes no fee for this course in any source reachable from this build: the intake advertisement states that fees vary per programme and directs applicants to the admissions office, so a per-course total could not be verified. No figure is shown rather than an invented one; ask the principal for the current rate and what it excludes. The open tier is real but no artisan course is named in any reachable source, so none is listed."
c537,Bachelor of Arts in Community Development,Scott Christian University,scott,Machakos,private,degree,people,C+,no,48,,unpublished,"Scott Christian University is a CUE-chartered private university at Machakos, and had not been listed here at all. Programme named in the university's published programme list. Published entry is a KCSE mean grade of C+, or a diploma from a recognised institution - that second route is the door for a reader who did not reach C+ at school, and it is why it is recorded here rather than left in a prospectus. The university also runs diploma and certificate programmes at lower entry requirements which no reachable source names individually, so they are not listed and are worth asking about directly. Fees are set by the university and no figure was reachable from this build, so the fee could not be verified and none is shown."
c536,Bachelor of Education (Arts),Scott Christian University,scott,Machakos,private,degree,people,C+,no,48,,unpublished,"Scott Christian University is a CUE-chartered private university at Machakos, and had not been listed here at all. Programme named in the university's published programme list. Published entry is a KCSE mean grade of C+, or a diploma from a recognised institution - that second route is the door for a reader who did not reach C+ at school, and it is why it is recorded here rather than left in a prospectus. The university also runs diploma and certificate programmes at lower entry requirements which no reachable source names individually, so they are not listed and are worth asking about directly. Fees are set by the university and no figure was reachable from this build, so the fee could not be verified and none is shown."
c064,Bachelor of Education (Arts),The Open University of Kenya (OUK),ouk,Machakos,public,degree,carer,C+,no,48,316000,derived,"Open University of Kenya undergraduate fees are published at roughly Ksh 79,000-86,000 per year for the 2025/26 cycle (OUK fee announcement, reported by The Kenya Times and Eastleigh Voice, August 2026); the figure here is that annual rate across the course duration. OUK is fully online with year-round applications - confirm the current rate at ouk.ac.ke before enrolling. Outcome figures were removed rather than left as estimates: with roughly 369,000 TSC-registered teachers unemployed, an employment rate in the seventies is not an unmeasured guess but one the evidence contradicts. See TEACHER_LABOUR_MARKET in data/labour-market.js."
c078,Bachelor of Interactive Media Technologies,The Open University of Kenya (OUK),ouk,Machakos,public,degree,creator,C+,no,48,316000,derived,"OUK 2025/26 fee structure as announced by the university and cross-reported by Kenya Times, Eastleigh Voice, The Standard, Tuko and Kenya Education Guide (Aug 2026): most bachelor programmes reduced to Ksh 79,000/yr (from 105,000); Technology Education and Agri-Technology to Ksh 86,000/yr (from 115,000). Total here = annual fee x 4 years. OUK is CUE-accredited and its students are eligible for KUCCPS placement, government scholarship and HELB. Confirm at ouk.ac.ke before paying."
c063,Bachelor of Public Administration,The Open University of Kenya (OUK),ouk,Machakos,public,degree,people,C+,no,48,316000,derived,"Open University of Kenya undergraduate fees are published at roughly Ksh 79,000-86,000 per year for the 2025/26 cycle (OUK fee announcement, reported by The Kenya Times and Eastleigh Voice, August 2026); the figure here is that annual rate across the course duration. OUK is fully online with year-round applications - confirm the current rate at ouk.ac.ke before enrolling."
c062,Bachelor of Public Communication,The Open University of Kenya (OUK),ouk,Machakos,public,degree,creator,C+,no,48,316000,derived,"Open University of Kenya undergraduate fees are published at roughly Ksh 79,000-86,000 per year for the 2025/26 cycle (OUK fee announcement, reported by The Kenya Times and Eastleigh Voice, August 2026); the figure here is that annual rate across the course duration. OUK is fully online with year-round applications - confirm the current rate at ouk.ac.ke before enrolling."
c061,Bachelor of Science in Agri-Technology,The Open University of Kenya (OUK),ouk,Machakos,public,degree,business,C+,no,48,316000,derived,"Open University of Kenya undergraduate fees are published at roughly Ksh 79,000-86,000 per year for the 2025/26 cycle (OUK fee announcement, reported by The Kenya Times and Eastleigh Voice, August 2026); the figure here is that annual rate across the course duration. OUK is fully online with year-round applications - confirm the current rate at ouk.ac.ke before enrolling."
c060,Bachelor of Science in Computer Science,The Open University of Kenya (OUK),ouk,Machakos,public,degree,tech,C+,no,48,316000,derived,"Open University of Kenya undergraduate fees are published at roughly Ksh 79,000-86,000 per year for the 2025/26 cycle (OUK fee announcement, reported by The Kenya Times and Eastleigh Voice, August 2026); the figure here is that annual rate across the course duration. OUK is fully online with year-round applications - confirm the current rate at ouk.ac.ke before enrolling."
c059,Bachelor of Science in Cyber Security and Digital Forensics,The Open University of Kenya (OUK),ouk,Machakos,public,degree,tech,C+,no,48,316000,derived,"Open University of Kenya undergraduate fees are published at roughly Ksh 79,000-86,000 per year for the 2025/26 cycle (OUK fee announcement, reported by The Kenya Times and Eastleigh Voice, August 2026); the figure here is that annual rate across the course duration. OUK is fully online with year-round applications - confirm the current rate at ouk.ac.ke before enrolling."
c058,Bachelor of Science in Data Science,The Open University of Kenya (OUK),ouk,Machakos,public,degree,tech,C+,no,48,316000,derived,"Open University of Kenya undergraduate fees are published at roughly Ksh 79,000-86,000 per year for the 2025/26 cycle (OUK fee announcement, reported by The Kenya Times and Eastleigh Voice, August 2026); the figure here is that annual rate across the course duration. OUK is fully online with year-round applications - confirm the current rate at ouk.ac.ke before enrolling."
c076,Bachelor of Science in Mathematics and Computing,The Open University of Kenya (OUK),ouk,Machakos,public,degree,numbers,C+,no,48,316000,derived,"OUK 2025/26 fee structure as announced by the university and cross-reported by Kenya Times, Eastleigh Voice, The Standard, Tuko and Kenya Education Guide (Aug 2026): most bachelor programmes reduced to Ksh 79,000/yr (from 105,000); Technology Education and Agri-Technology to Ksh 86,000/yr (from 115,000). Total here = annual fee x 4 years. OUK is CUE-accredited and its students are eligible for KUCCPS placement, government scholarship and HELB. Confirm at ouk.ac.ke before paying."
c065,Bachelor of Science in Nursing (Upgrading),The Open University of Kenya (OUK),ouk,Machakos,public,degree,carer,C+,no,36,237000,derived,"Open University of Kenya undergraduate fees are published at roughly Ksh 79,000-86,000 per year for the 2025/26 cycle (OUK fee announcement, reported by The Kenya Times and Eastleigh Voice, August 2026); the figure here is that annual rate across the course duration. OUK is fully online with year-round applications - confirm the current rate at ouk.ac.ke before enrolling."
c079,Bachelor of Technology Education,The Open University of Kenya (OUK),ouk,Machakos,public,degree,carer,C+,no,48,344000,derived,"OUK 2025/26 fee structure as announced by the university and cross-reported by Kenya Times, Eastleigh Voice, The Standard, Tuko and Kenya Education Guide (Aug 2026): most bachelor programmes reduced to Ksh 79,000/yr (from 105,000); Technology Education and Agri-Technology to Ksh 86,000/yr (from 115,000). Total here = annual fee x 4 years. OUK is CUE-accredited and its students are eligible for KUCCPS placement, government scholarship and HELB. Confirm at ouk.ac.ke before paying."
c084,"Business Modelling for Entrepreneurs (OUK, free)",The Open University of Kenya (OUK),ouk,Machakos,public,certificate,business,,yes,1,0,published,"OUK professional development and short-course fees as announced by the university and cross-reported (Kenya Times, Pulse Kenya, Tuko, Aug 2026). Professional courses run six weeks at Ksh 10,000; ICDL runs two weeks at Ksh 12,000; some courses carry only a Ksh 500 registration fee and a few are free. These carry no restrictive academic entry requirement. Confirm at ouk.ac.ke."
c081,ICDL Digital Literacy Certification (OUK),The Open University of Kenya (OUK),ouk,Machakos,public,certificate,tech,,yes,1,12000,published,"OUK professional development and short-course fees as announced by the university and cross-reported (Kenya Times, Pulse Kenya, Tuko, Aug 2026). Professional courses run six weeks at Ksh 10,000; ICDL runs two weeks at Ksh 12,000; some courses carry only a Ksh 500 registration fee and a few are free. These carry no restrictive academic entry requirement. Confirm at ouk.ac.ke."
c085,"Mental Health Awareness (OUK, free)",The Open University of Kenya (OUK),ouk,Machakos,public,certificate,carer,,yes,1,0,published,"OUK professional development and short-course fees as announced by the university and cross-reported (Kenya Times, Pulse Kenya, Tuko, Aug 2026). Professional courses run six weeks at Ksh 10,000; ICDL runs two weeks at Ksh 12,000; some courses carry only a Ksh 500 registration fee and a few are free. These carry no restrictive academic entry requirement. Confirm at ouk.ac.ke."
c082,Professional Certificate in Corporate Governance (OUK),The Open University of Kenya (OUK),ouk,Machakos,public,certificate,business,,yes,2,10000,published,"OUK professional development and short-course fees as announced by the university and cross-reported (Kenya Times, Pulse Kenya, Tuko, Aug 2026). Professional courses run six weeks at Ksh 10,000; ICDL runs two weeks at Ksh 12,000; some courses carry only a Ksh 500 registration fee and a few are free. These carry no restrictive academic entry requirement. Confirm at ouk.ac.ke."
c083,Professional Certificate in Emotional Intelligence (OUK),The Open University of Kenya (OUK),ouk,Machakos,public,certificate,people,,yes,2,10000,published,"OUK professional development and short-course fees as announced by the university and cross-reported (Kenya Times, Pulse Kenya, Tuko, Aug 2026). Professional courses run six weeks at Ksh 10,000; ICDL runs two weeks at Ksh 12,000; some courses carry only a Ksh 500 registration fee and a few are free. These carry no restrictive academic entry requirement. Confirm at ouk.ac.ke."
c135,Certificate in Community Health Assistant,Kenya Medical Training College (KMTC) — Makueni Campus,kmtc_makueni,Makueni,public,certificate,carer,C-,no,24,160200,derived,"KMTC publishes one national fee structure across all campuses, so this figure does not depend on which campus you attend: Ksh 82,200 in Year 1 and Ksh 78,000 in each subsequent year for regular Kenyan students, 2025/26 structure (kmtc.ac.ke, cross-reported by Tuko, EduGuide and Education News Hub, August 2026). Totals here are that schedule multiplied out by course length. Tuition only — accommodation, meals and skills-lab charges are extra and vary by campus. A non-refundable Ksh 1,500 application fee applies. Confirm with the campus before paying. Entry was previously recorded here as a D+ mean grade. That was wrong, and the error is worth naming: D+ is the BIOLOGY SUBJECT requirement for this award, not the mean grade, and it had been written into the mean-grade field. KMTC publishes a minimum KCSE mean grade of C- for every certificate programme, with the cluster-subject requirement on top - for this course a D+ in Biology or Biological Sciences and a D in one of Mathematics, Chemistry, Physics or Physical Sciences. So the C- is needed overall AND the subject grades on top. The duration and the fee moved with it: the certificate runs two years rather than one, so the national schedule multiplies out to Ksh 160,200 instead of Ksh 82,200."
c134,Diploma in Kenya Registered Community Health Nursing (KRCHN),Kenya Medical Training College (KMTC) — Makueni Campus,kmtc_makueni,Makueni,public,diploma,carer,C+,no,36,238200,derived,"KMTC publishes one national fee structure across all campuses, so this figure does not depend on which campus you attend: Ksh 82,200 in Year 1 and Ksh 78,000 in each subsequent year for regular Kenyan students, 2025/26 structure (kmtc.ac.ke, cross-reported by Tuko, EduGuide and Education News Hub, August 2026). Totals here are that schedule multiplied out by course length. Tuition only — accommodation, meals and skills-lab charges are extra and vary by campus. A non-refundable Ksh 1,500 application fee applies. Confirm with the campus before paying."
c731,Bachelor of Arts in Community Development,Lukenya University,lukenya,Makueni,private,degree,people,C+,no,48,,unpublished,"Lukenya University is a CUE-chartered private university whose main campus is at Mtito Andei in Makueni County, which is where its 2022 charter places it - not the Lukenya area of Machakos County, a different place with a similar name that several course aggregators give as its address. Programme named in the university's own published course listing and approved by the Commission for University Education. Entry is recorded at the national CUE and KUCCPS degree minimum of a C+ mean grade; confirm the exact requirement with admissions, because a private university sets its own bar and may ask for more. The university publishes a fee schedule, but its figure for this named programme could not be verified against any source reachable from this build, so none is shown rather than a guessed one. Ring admissions for the current schedule."
c729,Bachelor of Commerce,Lukenya University,lukenya,Makueni,private,degree,business,C+,no,48,,unpublished,"Lukenya University is a CUE-chartered private university whose main campus is at Mtito Andei in Makueni County, which is where its 2022 charter places it - not the Lukenya area of Machakos County, a different place with a similar name that several course aggregators give as its address. Programme named in the university's own published course listing and approved by the Commission for University Education. Entry is recorded at the national CUE and KUCCPS degree minimum of a C+ mean grade; confirm the exact requirement with admissions, because a private university sets its own bar and may ask for more. The university publishes a fee schedule, but its figure for this named programme could not be verified against any source reachable from this build, so none is shown rather than a guessed one. Ring admissions for the current schedule."
c732,Bachelor of Education in Arts,Lukenya University,lukenya,Makueni,private,degree,people,C+,no,48,,unpublished,"Lukenya University is a CUE-chartered private university whose main campus is at Mtito Andei in Makueni County, which is where its 2022 charter places it - not the Lukenya area of Machakos County, a different place with a similar name that several course aggregators give as its address. Programme named in the university's own published course listing and approved by the Commission for University Education. Entry is recorded at the national CUE and KUCCPS degree minimum of a C+ mean grade; confirm the exact requirement with admissions, because a private university sets its own bar and may ask for more. The university publishes a fee schedule, but its figure for this named programme could not be verified against any source reachable from this build, so none is shown rather than a guessed one. Ring admissions for the current schedule."
c734,Bachelor of Education in Early Childhood Education,Lukenya University,lukenya,Makueni,private,degree,people,C+,no,48,,unpublished,"Lukenya University is a CUE-chartered private university whose main campus is at Mtito Andei in Makueni County, which is where its 2022 charter places it - not the Lukenya area of Machakos County, a different place with a similar name that several course aggregators give as its address. Programme named in the university's own published course listing and approved by the Commission for University Education. Entry is recorded at the national CUE and KUCCPS degree minimum of a C+ mean grade; confirm the exact requirement with admissions, because a private university sets its own bar and may ask for more. The university publishes a fee schedule, but its figure for this named programme could not be verified against any source reachable from this build, so none is shown rather than a guessed one. Ring admissions for the current schedule."
c733,Bachelor of Education in Science,Lukenya University,lukenya,Makueni,private,degree,people,C+,no,48,,unpublished,"Lukenya University is a CUE-chartered private university whose main campus is at Mtito Andei in Makueni County, which is where its 2022 charter places it - not the Lukenya area of Machakos County, a different place with a similar name that several course aggregators give as its address. Programme named in the university's own published course listing and approved by the Commission for University Education. Entry is recorded at the national CUE and KUCCPS degree minimum of a C+ mean grade; confirm the exact requirement with admissions, because a private university sets its own bar and may ask for more. The university publishes a fee schedule, but its figure for this named programme could not be verified against any source reachable from this build, so none is shown rather than a guessed one. Ring admissions for the current schedule."
c730,Bachelor of Science in Dryland Agriculture,Lukenya University,lukenya,Makueni,private,degree,maker,C+,no,48,,unpublished,"Lukenya University is a CUE-chartered private university whose main campus is at Mtito Andei in Makueni County, which is where its 2022 charter places it - not the Lukenya area of Machakos County, a different place with a similar name that several course aggregators give as its address. Programme named in the university's own published course listing and approved by the Commission for University Education. Entry is recorded at the national CUE and KUCCPS degree minimum of a C+ mean grade; confirm the exact requirement with admissions, because a private university sets its own bar and may ask for more. The university publishes a fee schedule, but its figure for this named programme could not be verified against any source reachable from this build, so none is shown rather than a guessed one. Ring admissions for the current schedule."
c095,Certificate in Community Health Assistant,Kenya Medical Training College (KMTC) — Mandera Campus,kmtc_mandera,Mandera,public,certificate,carer,C-,no,24,160200,derived,"KMTC publishes one national fee structure across all campuses, so this figure does not depend on which campus you attend: Ksh 82,200 in Year 1 and Ksh 78,000 in each subsequent year for regular Kenyan students, 2025/26 structure (kmtc.ac.ke, cross-reported by Tuko, EduGuide and Education News Hub, August 2026). Totals here are that schedule multiplied out by course length. Tuition only — accommodation, meals and skills-lab charges are extra and vary by campus. A non-refundable Ksh 1,500 application fee applies. Confirm with the campus before paying. Entry was previously recorded here as a D+ mean grade. That was wrong, and the error is worth naming: D+ is the BIOLOGY SUBJECT requirement for this award, not the mean grade, and it had been written into the mean-grade field. KMTC publishes a minimum KCSE mean grade of C- for every certificate programme, with the cluster-subject requirement on top - for this course a D+ in Biology or Biological Sciences and a D in one of Mathematics, Chemistry, Physics or Physical Sciences. So the C- is needed overall AND the subject grades on top. The duration and the fee moved with it: the certificate runs two years rather than one, so the national schedule multiplies out to Ksh 160,200 instead of Ksh 82,200."
c094,Diploma in Kenya Registered Community Health Nursing (KRCHN),Kenya Medical Training College (KMTC) — Mandera Campus,kmtc_mandera,Mandera,public,diploma,carer,C+,no,36,238200,derived,"KMTC publishes one national fee structure across all campuses, so this figure does not depend on which campus you attend: Ksh 82,200 in Year 1 and Ksh 78,000 in each subsequent year for regular Kenyan students, 2025/26 structure (kmtc.ac.ke, cross-reported by Tuko, EduGuide and Education News Hub, August 2026). Totals here are that schedule multiplied out by course length. Tuition only — accommodation, meals and skills-lab charges are extra and vary by campus. A non-refundable Ksh 1,500 application fee applies. Confirm with the campus before paying."
c445,Artisan Certificate in Dressmaking and Tailoring,Mandera Technical Training Institute,mandera_tti,Mandera,public,artisan,maker,E,no,12,67189,derived,"Fee derived from the government's consolidated annual public-TVET fee of Ksh 67,189 (inclusive of assessment fees, effective May 2026, as announced by government and reported by Eastleigh Voice/sector coverage, August 2026), scaled to course duration. Institutes bill per term/year and per-course amounts can differ - confirm with the registrar. Mandera Technical Training Institute is a public institute examined by KNEC, running craft, certificate and diploma courses across engineering, ICT and hospitality plus artisan awards (Kenyan education-sector coverage and course listings, cross-checked August 2026). Published entry: C- and above for diplomas, D plain and above for certificate and craft courses, and artisan courses open-ended."
c446,Artisan Certificate in Hairdressing and Beauty Therapy,Mandera Technical Training Institute,mandera_tti,Mandera,public,artisan,creator,E,no,12,67189,derived,"Fee derived from the government's consolidated annual public-TVET fee of Ksh 67,189 (inclusive of assessment fees, effective May 2026, as announced by government and reported by Eastleigh Voice/sector coverage, August 2026), scaled to course duration. Institutes bill per term/year and per-course amounts can differ - confirm with the registrar. Mandera Technical Training Institute is a public institute examined by KNEC, running craft, certificate and diploma courses across engineering, ICT and hospitality plus artisan awards (Kenyan education-sector coverage and course listings, cross-checked August 2026). Published entry: C- and above for diplomas, D plain and above for certificate and craft courses, and artisan courses open-ended."
c441,Craft Certificate in Carpentry and Joinery,Mandera Technical Training Institute,mandera_tti,Mandera,public,certificate,maker,D,no,24,134378,derived,"Fee derived from the government's consolidated annual public-TVET fee of Ksh 67,189 (inclusive of assessment fees, effective May 2026, as announced by government and reported by Eastleigh Voice/sector coverage, August 2026), scaled to course duration. Institutes bill per term/year and per-course amounts can differ - confirm with the registrar. Mandera Technical Training Institute is a public institute examined by KNEC, running craft, certificate and diploma courses across engineering, ICT and hospitality plus artisan awards (Kenyan education-sector coverage and course listings, cross-checked August 2026). Published entry: C- and above for diplomas, D plain and above for certificate and craft courses, and artisan courses open-ended."
c442,Craft Certificate in Information Communication Technology,Mandera Technical Training Institute,mandera_tti,Mandera,public,certificate,tech,D,no,24,134378,derived,"Fee derived from the government's consolidated annual public-TVET fee of Ksh 67,189 (inclusive of assessment fees, effective May 2026, as announced by government and reported by Eastleigh Voice/sector coverage, August 2026), scaled to course duration. Institutes bill per term/year and per-course amounts can differ - confirm with the registrar. Mandera Technical Training Institute is a public institute examined by KNEC, running craft, certificate and diploma courses across engineering, ICT and hospitality plus artisan awards (Kenyan education-sector coverage and course listings, cross-checked August 2026). Published entry: C- and above for diplomas, D plain and above for certificate and craft courses, and artisan courses open-ended."
c440,Craft Certificate in Welding and Fabrication,Mandera Technical Training Institute,mandera_tti,Mandera,public,certificate,maker,D,no,24,134378,derived,"Fee derived from the government's consolidated annual public-TVET fee of Ksh 67,189 (inclusive of assessment fees, effective May 2026, as announced by government and reported by Eastleigh Voice/sector coverage, August 2026), scaled to course duration. Institutes bill per term/year and per-course amounts can differ - confirm with the registrar. Mandera Technical Training Institute is a public institute examined by KNEC, running craft, certificate and diploma courses across engineering, ICT and hospitality plus artisan awards (Kenyan education-sector coverage and course listings, cross-checked August 2026). Published entry: C- and above for diplomas, D plain and above for certificate and craft courses, and artisan courses open-ended."
c444,Diploma in Automotive Engineering,Mandera Technical Training Institute,mandera_tti,Mandera,public,diploma,maker,C-,no,36,201567,derived,"Fee derived from the government's consolidated annual public-TVET fee of Ksh 67,189 (inclusive of assessment fees, effective May 2026, as announced by government and reported by Eastleigh Voice/sector coverage, August 2026), scaled to course duration. Institutes bill per term/year and per-course amounts can differ - confirm with the registrar. Mandera Technical Training Institute is a public institute examined by KNEC, running craft, certificate and diploma courses across engineering, ICT and hospitality plus artisan awards (Kenyan education-sector coverage and course listings, cross-checked August 2026). Published entry: C- and above for diplomas, D plain and above for certificate and craft courses, and artisan courses open-ended."
c443,Diploma in Information Communication Technology,Mandera Technical Training Institute,mandera_tti,Mandera,public,diploma,tech,C-,no,36,201567,derived,"Fee derived from the government's consolidated annual public-TVET fee of Ksh 67,189 (inclusive of assessment fees, effective May 2026, as announced by government and reported by Eastleigh Voice/sector coverage, August 2026), scaled to course duration. Institutes bill per term/year and per-course amounts can differ - confirm with the registrar. Mandera Technical Training Institute is a public institute examined by KNEC, running craft, certificate and diploma courses across engineering, ICT and hospitality plus artisan awards (Kenyan education-sector coverage and course listings, cross-checked August 2026). Published entry: C- and above for diplomas, D plain and above for certificate and craft courses, and artisan courses open-ended."
c091,Certificate in Community Health Assistant,Kenya Medical Training College (KMTC) — Marsabit Campus,kmtc_marsabit,Marsabit,public,certificate,carer,C-,no,24,160200,derived,"KMTC publishes one national fee structure across all campuses, so this figure does not depend on which campus you attend: Ksh 82,200 in Year 1 and Ksh 78,000 in each subsequent year for regular Kenyan students, 2025/26 structure (kmtc.ac.ke, cross-reported by Tuko, EduGuide and Education News Hub, August 2026). Totals here are that schedule multiplied out by course length. Tuition only — accommodation, meals and skills-lab charges are extra and vary by campus. A non-refundable Ksh 1,500 application fee applies. Confirm with the campus before paying. Entry was previously recorded here as a D+ mean grade. That was wrong, and the error is worth naming: D+ is the BIOLOGY SUBJECT requirement for this award, not the mean grade, and it had been written into the mean-grade field. KMTC publishes a minimum KCSE mean grade of C- for every certificate programme, with the cluster-subject requirement on top - for this course a D+ in Biology or Biological Sciences and a D in one of Mathematics, Chemistry, Physics or Physical Sciences. So the C- is needed overall AND the subject grades on top. The duration and the fee moved with it: the certificate runs two years rather than one, so the national schedule multiplies out to Ksh 160,200 instead of Ksh 82,200."
c090,Diploma in Kenya Registered Community Health Nursing (KRCHN),Kenya Medical Training College (KMTC) — Marsabit Campus,kmtc_marsabit,Marsabit,public,diploma,carer,C+,no,36,238200,derived,"KMTC publishes one national fee structure across all campuses, so this figure does not depend on which campus you attend: Ksh 82,200 in Year 1 and Ksh 78,000 in each subsequent year for regular Kenyan students, 2025/26 structure (kmtc.ac.ke, cross-reported by Tuko, EduGuide and Education News Hub, August 2026). Totals here are that schedule multiplied out by course length. Tuition only — accommodation, meals and skills-lab charges are extra and vary by campus. A non-refundable Ksh 1,500 application fee applies. Confirm with the campus before paying."
c451,Artisan Certificate in Building Technology,Laisamis Technical and Vocational College,laisamis_tvc,Marsabit,public,artisan,maker,E,no,12,67189,derived,"Fee derived from the government's consolidated annual public-TVET fee of Ksh 67,189 (inclusive of assessment fees, effective May 2026, as announced by government and reported by Eastleigh Voice/sector coverage, August 2026), scaled to course duration. Institutes bill per term/year and per-course amounts can differ - confirm with the registrar. Laisamis Technical and Vocational College is a public institution established and registered under the TVET Act, on the Isiolo-Marsabit highway, with departments in applied sciences, automotive, electrical and electronics, ICT, business and mechanical, building and civil engineering (laisamistech.ac.ke and Kenyan education-sector coverage, cross-checked August 2026). Published entry: C- and above for diplomas, D+ and above for certificates, and artisan courses open-ended."
c449,Artisan Certificate in Electrical Installation,Laisamis Technical and Vocational College,laisamis_tvc,Marsabit,public,artisan,maker,E,no,12,67189,derived,"Fee derived from the government's consolidated annual public-TVET fee of Ksh 67,189 (inclusive of assessment fees, effective May 2026, as announced by government and reported by Eastleigh Voice/sector coverage, August 2026), scaled to course duration. Institutes bill per term/year and per-course amounts can differ - confirm with the registrar. Laisamis Technical and Vocational College is a public institution established and registered under the TVET Act, on the Isiolo-Marsabit highway, with departments in applied sciences, automotive, electrical and electronics, ICT, business and mechanical, building and civil engineering (laisamistech.ac.ke and Kenyan education-sector coverage, cross-checked August 2026). Published entry: C- and above for diplomas, D+ and above for certificates, and artisan courses open-ended."
c448,Artisan Certificate in Motor Vehicle Mechanics,Laisamis Technical and Vocational College,laisamis_tvc,Marsabit,public,artisan,maker,E,no,12,67189,derived,"Fee derived from the government's consolidated annual public-TVET fee of Ksh 67,189 (inclusive of assessment fees, effective May 2026, as announced by government and reported by Eastleigh Voice/sector coverage, August 2026), scaled to course duration. Institutes bill per term/year and per-course amounts can differ - confirm with the registrar. Laisamis Technical and Vocational College is a public institution established and registered under the TVET Act, on the Isiolo-Marsabit highway, with departments in applied sciences, automotive, electrical and electronics, ICT, business and mechanical, building and civil engineering (laisamistech.ac.ke and Kenyan education-sector coverage, cross-checked August 2026). Published entry: C- and above for diplomas, D+ and above for certificates, and artisan courses open-ended."
c450,Artisan Certificate in Welding and Fabrication,Laisamis Technical and Vocational College,laisamis_tvc,Marsabit,public,artisan,maker,E,no,12,67189,derived,"Fee derived from the government's consolidated annual public-TVET fee of Ksh 67,189 (inclusive of assessment fees, effective May 2026, as announced by government and reported by Eastleigh Voice/sector coverage, August 2026), scaled to course duration. Institutes bill per term/year and per-course amounts can differ - confirm with the registrar. Laisamis Technical and Vocational College is a public institution established and registered under the TVET Act, on the Isiolo-Marsabit highway, with departments in applied sciences, automotive, electrical and electronics, ICT, business and mechanical, building and civil engineering (laisamistech.ac.ke and Kenyan education-sector coverage, cross-checked August 2026). Published entry: C- and above for diplomas, D+ and above for certificates, and artisan courses open-ended."
c452,Craft Certificate in Automotive Engineering,Laisamis Technical and Vocational College,laisamis_tvc,Marsabit,public,certificate,maker,D+,no,24,134378,derived,"Fee derived from the government's consolidated annual public-TVET fee of Ksh 67,189 (inclusive of assessment fees, effective May 2026, as announced by government and reported by Eastleigh Voice/sector coverage, August 2026), scaled to course duration. Institutes bill per term/year and per-course amounts can differ - confirm with the registrar. Laisamis Technical and Vocational College is a public institution established and registered under the TVET Act, on the Isiolo-Marsabit highway, with departments in applied sciences, automotive, electrical and electronics, ICT, business and mechanical, building and civil engineering (laisamistech.ac.ke and Kenyan education-sector coverage, cross-checked August 2026). Published entry: C- and above for diplomas, D+ and above for certificates, and artisan courses open-ended."
c453,Diploma in Building Technology,Laisamis Technical and Vocational College,laisamis_tvc,Marsabit,public,diploma,maker,C-,no,36,201567,derived,"Fee derived from the government's consolidated annual public-TVET fee of Ksh 67,189 (inclusive of assessment fees, effective May 2026, as announced by government and reported by Eastleigh Voice/sector coverage, August 2026), scaled to course duration. Institutes bill per term/year and per-course amounts can differ - confirm with the registrar. Laisamis Technical and Vocational College is a public institution established and registered under the TVET Act, on the Isiolo-Marsabit highway, with departments in applied sciences, automotive, electrical and electronics, ICT, business and mechanical, building and civil engineering (laisamistech.ac.ke and Kenyan education-sector coverage, cross-checked August 2026). Published entry: C- and above for diplomas, D+ and above for certificates, and artisan courses open-ended."
c163,Certificate in Community Health Assistant,Kenya Medical Training College (KMTC) — Meru Campus,kmtc_meru,Meru,public,certificate,carer,C-,no,24,160200,derived,"KMTC publishes one national fee structure across all campuses, so this figure does not depend on which campus you attend: Ksh 82,200 in Year 1 and Ksh 78,000 in each subsequent year for regular Kenyan students, 2025/26 structure (kmtc.ac.ke, cross-reported by Tuko, EduGuide and Education News Hub, August 2026). Totals here are that schedule multiplied out by course length. Tuition only — accommodation, meals and skills-lab charges are extra and vary by campus. A non-refundable Ksh 1,500 application fee applies. Confirm with the campus before paying. Entry was previously recorded here as a D+ mean grade. That was wrong, and the error is worth naming: D+ is the BIOLOGY SUBJECT requirement for this award, not the mean grade, and it had been written into the mean-grade field. KMTC publishes a minimum KCSE mean grade of C- for every certificate programme, with the cluster-subject requirement on top - for this course a D+ in Biology or Biological Sciences and a D in one of Mathematics, Chemistry, Physics or Physical Sciences. So the C- is needed overall AND the subject grades on top. The duration and the fee moved with it: the certificate runs two years rather than one, so the national schedule multiplies out to Ksh 160,200 instead of Ksh 82,200."
c162,Diploma in Kenya Registered Community Health Nursing (KRCHN),Kenya Medical Training College (KMTC) — Meru Campus,kmtc_meru,Meru,public,diploma,carer,C+,no,36,238200,derived,"KMTC publishes one national fee structure across all campuses, so this figure does not depend on which campus you attend: Ksh 82,200 in Year 1 and Ksh 78,000 in each subsequent year for regular Kenyan students, 2025/26 structure (kmtc.ac.ke, cross-reported by Tuko, EduGuide and Education News Hub, August 2026). Totals here are that schedule multiplied out by course length. Tuition only — accommodation, meals and skills-lab charges are extra and vary by campus. A non-refundable Ksh 1,500 application fee applies. Confirm with the campus before paying."
c761,Bachelor of Arts in Counselling Psychology,Kenya Methodist University (KeMU),kemu,Meru,private,degree,people,C+,no,48,,unpublished,"Kenya Methodist University is a CUE-chartered private university with its main campus in Meru and campuses in Nairobi and Nakuru. Programme named in the university's own published programmes listing. It runs a three-trimester year. Entry is recorded at the national CUE and KUCCPS degree minimum of a C+ mean grade; confirm the exact requirement with admissions, because a private university sets its own bar and may ask for more. The university publishes a fee schedule, but its figure for this named programme could not be verified against any source reachable from this build, so none is shown rather than a guessed one. Ring admissions for the current schedule."
c044,Bachelor of Commerce (Accounting),Kenya Methodist University (KeMU),kemu,Meru,private,degree,business,C+,no,48,,unpublished,"This course previously displayed a precise-looking tuition figure that was never observed anywhere. An audit found the same value repeated across unrelated institutions - Ksh 420,000 appeared on twelve different degrees at twelve different universities, public and private, from nursing to design to actuarial science - which is not what real fee data looks like. It was a placeholder, so it has been removed rather than left wearing a caveat. The figure could not be verified against any source reachable here, so nothing is shown. Ask the institution directly; if it is a public university, note that a single per-programme price no longer exists."
c758,Bachelor of Education (Arts),Kenya Methodist University (KeMU),kemu,Meru,private,degree,people,C+,no,48,,unpublished,"Kenya Methodist University is a CUE-chartered private university with its main campus in Meru and campuses in Nairobi and Nakuru. Programme named in the university's own published programmes listing. It runs a three-trimester year. Entry is recorded at the national CUE and KUCCPS degree minimum of a C+ mean grade; confirm the exact requirement with admissions, because a private university sets its own bar and may ask for more. The university publishes a fee schedule, but its figure for this named programme could not be verified against any source reachable from this build, so none is shown rather than a guessed one. Ring admissions for the current schedule."
c760,Bachelor of Education (Early Childhood Development),Kenya Methodist University (KeMU),kemu,Meru,private,degree,people,C+,no,48,,unpublished,"Kenya Methodist University is a CUE-chartered private university with its main campus in Meru and campuses in Nairobi and Nakuru. Programme named in the university's own published programmes listing. It runs a three-trimester year. Entry is recorded at the national CUE and KUCCPS degree minimum of a C+ mean grade; confirm the exact requirement with admissions, because a private university sets its own bar and may ask for more. The university publishes a fee schedule, but its figure for this named programme could not be verified against any source reachable from this build, so none is shown rather than a guessed one. Ring admissions for the current schedule."
c759,Bachelor of Education (Science),Kenya Methodist University (KeMU),kemu,Meru,private,degree,people,C+,no,48,,unpublished,"Kenya Methodist University is a CUE-chartered private university with its main campus in Meru and campuses in Nairobi and Nakuru. Programme named in the university's own published programmes listing. It runs a three-trimester year. Entry is recorded at the national CUE and KUCCPS degree minimum of a C+ mean grade; confirm the exact requirement with admissions, because a private university sets its own bar and may ask for more. The university publishes a fee schedule, but its figure for this named programme could not be verified against any source reachable from this build, so none is shown rather than a guessed one. Ring admissions for the current schedule."
c240,Artisan Certificate in Electrical Installation,Meru National Polytechnic,meru_poly,Meru,public,artisan,maker,,yes,12,67189,derived,"Programme named in Meru National Polytechnic's published course list. The institution states artisan is KNQF Level 4 with entry at KCSE mean grade D- or completion of KCPE — corroborating KUCCPS on the level. Because anyone who sat KCSE has necessarily completed KCPE, the published KCPE route makes this open entry, so min_grade is null. Fee derived from the government's consolidated annual public-TVET fee of Ksh 67,189 (effective May 2026). Confirm with the registrar."
c241,Artisan in Electrical Installation Instrumentation and Control,Meru National Polytechnic,meru_poly,Meru,public,artisan,maker,,yes,12,67189,derived,"Programme named in Meru National Polytechnic's published course list. The institution states artisan is KNQF Level 4 with entry at KCSE mean grade D- or completion of KCPE — corroborating KUCCPS on the level. Because anyone who sat KCSE has necessarily completed KCPE, the published KCPE route makes this open entry, so min_grade is null. Fee derived from the government's consolidated annual public-TVET fee of Ksh 67,189 (effective May 2026). Confirm with the registrar."
c242,Artisan in Food and Beverage,Meru National Polytechnic,meru_poly,Meru,public,artisan,creator,,yes,12,67189,derived,"Programme named in Meru National Polytechnic's published course list. The institution states artisan is KNQF Level 4 with entry at KCSE mean grade D- or completion of KCPE — corroborating KUCCPS on the level. Because anyone who sat KCSE has necessarily completed KCPE, the published KCPE route makes this open entry, so min_grade is null. Fee derived from the government's consolidated annual public-TVET fee of Ksh 67,189 (effective May 2026). Confirm with the registrar."
c031,Certificate in Community Health Assistant,Meru National Polytechnic,meru_poly,Meru,public,certificate,carer,D+,no,12,67189,derived,"Fee derived from the government's consolidated annual public-TVET fee of Ksh 67,189 (inclusive of assessment fees, effective May 2026, as announced by government and reported by Eastleigh Voice/sector coverage, August 2026), scaled to course duration. Institutes bill per term/year and per-course amounts can differ - confirm with the registrar."
c267,Certificate in Credit Management (CDACC Level 5),Meru National Polytechnic,meru_poly,Meru,public,certificate,numbers,D,no,12,67189,derived,"Qualification is a TVET CDACC national curriculum at Level 5, so the same competencies and external assessment apply wherever it is taught. Entry at Level 4/5 is a KCSE mean grade of D plain — the reason this record exists, since Njia's business and finance clusters were until now almost entirely closed below C-. Fee derived from the government's consolidated annual public-TVET fee of Ksh 67,189 (inclusive of assessment fees, effective May 2026, announced by Education CS Julius Migos Ogamba on 6 March 2026 and reported across Kenyan sector coverage), scaled to course duration. Institutes bill per term and per-course amounts differ — confirm with the registrar, and confirm the college is currently accredited to assess this qualification."
c279,Certificate in Office Administration (CDACC Level 5),Meru National Polytechnic,meru_poly,Meru,public,certificate,people,D,no,12,67189,derived,"Qualification is a TVET CDACC national curriculum at Level 5, so the same competencies and external assessment apply wherever it is taught. Entry at Level 4/5 is a KCSE mean grade of D plain — the reason this record exists, since Njia's business and finance clusters were until now almost entirely closed below C-. Fee derived from the government's consolidated annual public-TVET fee of Ksh 67,189 (inclusive of assessment fees, effective May 2026, announced by Education CS Julius Migos Ogamba on 6 March 2026 and reported across Kenyan sector coverage), scaled to course duration. Institutes bill per term and per-course amounts differ — confirm with the registrar, and confirm the college is currently accredited to assess this qualification."
c290,Certificate in Supply Chain Management (CDACC Level 5),Meru National Polytechnic,meru_poly,Meru,public,certificate,business,D,no,12,67189,derived,"Qualification is a TVET CDACC national curriculum at Level 5, so the same competencies and external assessment apply wherever it is taught. Entry at Level 4/5 is a KCSE mean grade of D plain — the reason this record exists, since Njia's business and finance clusters were until now almost entirely closed below C-. Fee derived from the government's consolidated annual public-TVET fee of Ksh 67,189 (inclusive of assessment fees, effective May 2026, announced by Education CS Julius Migos Ogamba on 6 March 2026 and reported across Kenyan sector coverage), scaled to course duration. Institutes bill per term and per-course amounts differ — confirm with the registrar, and confirm the college is currently accredited to assess this qualification."
c271,Diploma in Accountancy (CDACC Level 6),Meru National Polytechnic,meru_poly,Meru,public,diploma,numbers,C-,no,24,134378,derived,"Qualification is a TVET CDACC national curriculum at Level 6, so the same competencies and external assessment apply wherever it is taught. Entry is a KCSE mean grade of C- and above, or completion of the Level 5 certificate in the same field — which is the ladder out of a D grade rather than a dead end. Fee derived from the government's consolidated annual public-TVET fee of Ksh 67,189 (inclusive of assessment fees, effective May 2026, announced by Education CS Julius Migos Ogamba on 6 March 2026 and reported across Kenyan sector coverage), scaled to course duration. Institutes bill per term and per-course amounts differ — confirm with the registrar, and confirm the college is currently accredited to assess this qualification."
c051,Diploma in Community Development and Social Work,Meru National Polytechnic,meru_poly,Meru,public,diploma,people,D+,no,24,134378,derived,"Fee derived from the government's consolidated annual public-TVET fee of Ksh 67,189 (inclusive of assessment fees, effective May 2026, as announced by government and reported by Eastleigh Voice/sector coverage, August 2026), scaled to course duration. Institutes bill per term/year and per-course amounts can differ - confirm with the registrar."
c304,Diploma in Information Communication Technology (CDACC Level 6),Meru National Polytechnic,meru_poly,Meru,public,diploma,tech,C-,no,24,134378,derived,"Qualification is a TVET CDACC national curriculum at Level 6, so the same competencies and external assessment apply wherever it is taught. Entry is a KCSE mean grade of C- and above, or completion of the Level 5 certificate in the same field — which is the ladder out of a D grade rather than a dead end. Fee derived from the government's consolidated annual public-TVET fee of Ksh 67,189 (inclusive of assessment fees, effective May 2026, announced by Education CS Julius Migos Ogamba on 6 March 2026 and reported across Kenyan sector coverage), scaled to course duration. Institutes bill per term and per-course amounts differ — confirm with the registrar, and confirm the college is currently accredited to assess this qualification."
c710,Grade III-I Arc Welding,Kakrao Technical and Vocational College,kakrao_tvc,Migori,public,artisan,maker,E,no,,,unpublished,"TVETA-registered as a public technical and vocational college at Suna East, Migori (licence TVETA/PUBLIC/TVC/0031/2017), which runs 36 KUCCPS-listed programmes alongside NITA trade-test courses; this trade is named in its licensed trade-test list with a maximum of 15 trainees. The college publishes its artisan bar as a KCSE mean grade of D- or below, so an E clears it and E is recorded. NO DURATION IS PUBLISHED for this award and none is invented: KNEC and NITA publish no single artisan duration, and 12 months is the catalogue's commonest value rather than this college's fact. The college publishes no fee that can be attributed to this course: the consolidated public-TVET rate of Ksh 67,189 is annual and cannot be scaled without a duration, so no figure is shown rather than a derived one. The NITA trade test is charged separately from tuition."
c709,Grade III-I Masonry,Kakrao Technical and Vocational College,kakrao_tvc,Migori,public,artisan,maker,E,no,,,unpublished,"TVETA-registered as a public technical and vocational college at Suna East, Migori (licence TVETA/PUBLIC/TVC/0031/2017), which runs 36 KUCCPS-listed programmes alongside NITA trade-test courses; this trade is named in its licensed trade-test list with a maximum of 20 trainees. The college publishes its artisan bar as a KCSE mean grade of D- or below, so an E clears it and E is recorded. NO DURATION IS PUBLISHED for this award and none is invented: KNEC and NITA publish no single artisan duration, and 12 months is the catalogue's commonest value rather than this college's fact. The college publishes no fee that can be attributed to this course: the consolidated public-TVET rate of Ksh 67,189 is annual and cannot be scaled without a duration, so no figure is shown rather than a derived one. The NITA trade test is charged separately from tuition."
c115,Certificate in Community Health Assistant,Kenya Medical Training College (KMTC) — Migori Campus,kmtc_migori,Migori,public,certificate,carer,C-,no,24,160200,derived,"KMTC publishes one national fee structure across all campuses, so this figure does not depend on which campus you attend: Ksh 82,200 in Year 1 and Ksh 78,000 in each subsequent year for regular Kenyan students, 2025/26 structure (kmtc.ac.ke, cross-reported by Tuko, EduGuide and Education News Hub, August 2026). Totals here are that schedule multiplied out by course length. Tuition only — accommodation, meals and skills-lab charges are extra and vary by campus. A non-refundable Ksh 1,500 application fee applies. Confirm with the campus before paying. Entry was previously recorded here as a D+ mean grade. That was wrong, and the error is worth naming: D+ is the BIOLOGY SUBJECT requirement for this award, not the mean grade, and it had been written into the mean-grade field. KMTC publishes a minimum KCSE mean grade of C- for every certificate programme, with the cluster-subject requirement on top - for this course a D+ in Biology or Biological Sciences and a D in one of Mathematics, Chemistry, Physics or Physical Sciences. So the C- is needed overall AND the subject grades on top. The duration and the fee moved with it: the certificate runs two years rather than one, so the national schedule multiplies out to Ksh 160,200 instead of Ksh 82,200."
c114,Diploma in Kenya Registered Community Health Nursing (KRCHN),Kenya Medical Training College (KMTC) — Migori Campus,kmtc_migori,Migori,public,diploma,carer,C+,no,36,238200,derived,"KMTC publishes one national fee structure across all campuses, so this figure does not depend on which campus you attend: Ksh 82,200 in Year 1 and Ksh 78,000 in each subsequent year for regular Kenyan students, 2025/26 structure (kmtc.ac.ke, cross-reported by Tuko, EduGuide and Education News Hub, August 2026). Totals here are that schedule multiplied out by course length. Tuition only — accommodation, meals and skills-lab charges are extra and vary by campus. A non-refundable Ksh 1,500 application fee applies. Confirm with the campus before paying."
c628,Bachelor of Arts in International Relations with IT,Rongo University,rongo_uni,Migori,public,degree,people,C+,no,48,,unpublished,"Rongo University is a public chartered university and had not been listed here at all. Programme named in its published course listing. It does not publish a single per-programme price: Kenya retired the Differentiated Unit Cost in May 2023 for the Student-Centred Funding Model, under which what a student pays is set by an assessed means band, so no fee is shown rather than a guessed one. Degrees are placed through KUCCPS at the national minimum of a KCSE mean grade of C+, with cluster-point cut-offs that move every cycle - so C+ is the floor to be eligible to apply rather than a guarantee of a place."
c623,Bachelor of Education (Early Childhood and Primary Education),Rongo University,rongo_uni,Migori,public,degree,people,C+,no,48,,unpublished,"Rongo University is a public chartered university and had not been listed here at all. Programme named in its published course listing. It does not publish a single per-programme price: Kenya retired the Differentiated Unit Cost in May 2023 for the Student-Centred Funding Model, under which what a student pays is set by an assessed means band, so no fee is shown rather than a guessed one. Degrees are placed through KUCCPS at the national minimum of a KCSE mean grade of C+, with cluster-point cut-offs that move every cycle - so C+ is the floor to be eligible to apply rather than a guarantee of a place."
c624,Bachelor of Education (Guidance and Counselling),Rongo University,rongo_uni,Migori,public,degree,people,C+,no,48,,unpublished,"Rongo University is a public chartered university and had not been listed here at all. Programme named in its published course listing. It does not publish a single per-programme price: Kenya retired the Differentiated Unit Cost in May 2023 for the Student-Centred Funding Model, under which what a student pays is set by an assessed means band, so no fee is shown rather than a guessed one. Degrees are placed through KUCCPS at the national minimum of a KCSE mean grade of C+, with cluster-point cut-offs that move every cycle - so C+ is the floor to be eligible to apply rather than a guarantee of a place."
c625,Bachelor of Education (Special Needs Education),Rongo University,rongo_uni,Migori,public,degree,people,C+,no,48,,unpublished,"Rongo University is a public chartered university and had not been listed here at all. Programme named in its published course listing. It does not publish a single per-programme price: Kenya retired the Differentiated Unit Cost in May 2023 for the Student-Centred Funding Model, under which what a student pays is set by an assessed means band, so no fee is shown rather than a guessed one. Degrees are placed through KUCCPS at the national minimum of a KCSE mean grade of C+, with cluster-point cut-offs that move every cycle - so C+ is the floor to be eligible to apply rather than a guarantee of a place."
c627,Bachelor of Science in Communication and Journalism,Rongo University,rongo_uni,Migori,public,degree,creator,C+,no,48,,unpublished,"Rongo University is a public chartered university and had not been listed here at all. Programme named in its published course listing. It does not publish a single per-programme price: Kenya retired the Differentiated Unit Cost in May 2023 for the Student-Centred Funding Model, under which what a student pays is set by an assessed means band, so no fee is shown rather than a guessed one. Degrees are placed through KUCCPS at the national minimum of a KCSE mean grade of C+, with cluster-point cut-offs that move every cycle - so C+ is the floor to be eligible to apply rather than a guarantee of a place."
c626,Bachelor of Science in Communication and Public Relations,Rongo University,rongo_uni,Migori,public,degree,creator,C+,no,48,,unpublished,"Rongo University is a public chartered university and had not been listed here at all. Programme named in its published course listing. It does not publish a single per-programme price: Kenya retired the Differentiated Unit Cost in May 2023 for the Student-Centred Funding Model, under which what a student pays is set by an assessed means band, so no fee is shown rather than a guessed one. Degrees are placed through KUCCPS at the national minimum of a KCSE mean grade of C+, with cluster-point cut-offs that move every cycle - so C+ is the floor to be eligible to apply rather than a guarantee of a place."
c642,Certificate in Health Records and Information Technology,Rongo University,rongo_uni,Migori,public,certificate,people,D,no,12,,unpublished,"Rongo University is a public chartered university and had not been listed here at all. Programme named in its published course listing. It does not publish a single per-programme price: Kenya retired the Differentiated Unit Cost in May 2023 for the Student-Centred Funding Model, under which what a student pays is set by an assessed means band, so no fee is shown rather than a guessed one. This is a certificate, and it is listed because a university certificate is unusual and reaches far lower than a degree does. No certificate-specific minimum grade was published in any source reachable from this build, so the national KUCCPS certificate floor of D plain is recorded rather than a stricter figure invented for it - confirm with admissions."
c643,Certificate in Library and Information Studies,Rongo University,rongo_uni,Migori,public,certificate,people,D,no,12,,unpublished,"Rongo University is a public chartered university and had not been listed here at all. Programme named in its published course listing. It does not publish a single per-programme price: Kenya retired the Differentiated Unit Cost in May 2023 for the Student-Centred Funding Model, under which what a student pays is set by an assessed means band, so no fee is shown rather than a guessed one. This is a certificate, and it is listed because a university certificate is unusual and reaches far lower than a degree does. No certificate-specific minimum grade was published in any source reachable from this build, so the national KUCCPS certificate floor of D plain is recorded rather than a stricter figure invented for it - confirm with admissions."
c639,Diploma in Automotive Engineering,Rongo University,rongo_uni,Migori,public,diploma,maker,C-,no,24,,unpublished,"Rongo University is a public chartered university and had not been listed here at all. Programme named in its published course listing. It does not publish a single per-programme price: Kenya retired the Differentiated Unit Cost in May 2023 for the Student-Centred Funding Model, under which what a student pays is set by an assessed means band, so no fee is shown rather than a guessed one. This is a diploma. The university publishes no diploma-specific minimum grade in any source reachable from this build, so the national KUCCPS diploma floor of C- is recorded rather than a stricter figure invented for it - confirm with admissions. A diploma at a university is one of the few routes that later opens a degree at the same institution."
c638,Diploma in Building Technology,Rongo University,rongo_uni,Migori,public,diploma,maker,C-,no,24,,unpublished,"Rongo University is a public chartered university and had not been listed here at all. Programme named in its published course listing. It does not publish a single per-programme price: Kenya retired the Differentiated Unit Cost in May 2023 for the Student-Centred Funding Model, under which what a student pays is set by an assessed means band, so no fee is shown rather than a guessed one. This is a diploma. The university publishes no diploma-specific minimum grade in any source reachable from this build, so the national KUCCPS diploma floor of C- is recorded rather than a stricter figure invented for it - confirm with admissions. A diploma at a university is one of the few routes that later opens a degree at the same institution."
c636,Diploma in Civil Engineering,Rongo University,rongo_uni,Migori,public,diploma,maker,C-,no,24,,unpublished,"Rongo University is a public chartered university and had not been listed here at all. Programme named in its published course listing. It does not publish a single per-programme price: Kenya retired the Differentiated Unit Cost in May 2023 for the Student-Centred Funding Model, under which what a student pays is set by an assessed means band, so no fee is shown rather than a guessed one. This is a diploma. The university publishes no diploma-specific minimum grade in any source reachable from this build, so the national KUCCPS diploma floor of C- is recorded rather than a stricter figure invented for it - confirm with admissions. A diploma at a university is one of the few routes that later opens a degree at the same institution."
c641,Diploma in Computer Science,Rongo University,rongo_uni,Migori,public,diploma,tech,C-,no,24,,unpublished,"Rongo University is a public chartered university and had not been listed here at all. Programme named in its published course listing. It does not publish a single per-programme price: Kenya retired the Differentiated Unit Cost in May 2023 for the Student-Centred Funding Model, under which what a student pays is set by an assessed means band, so no fee is shown rather than a guessed one. This is a diploma. The university publishes no diploma-specific minimum grade in any source reachable from this build, so the national KUCCPS diploma floor of C- is recorded rather than a stricter figure invented for it - confirm with admissions. A diploma at a university is one of the few routes that later opens a degree at the same institution."
c631,Diploma in County Governance,Rongo University,rongo_uni,Migori,public,diploma,people,C-,no,24,,unpublished,"Rongo University is a public chartered university and had not been listed here at all. Programme named in its published course listing. It does not publish a single per-programme price: Kenya retired the Differentiated Unit Cost in May 2023 for the Student-Centred Funding Model, under which what a student pays is set by an assessed means band, so no fee is shown rather than a guessed one. This is a diploma. The university publishes no diploma-specific minimum grade in any source reachable from this build, so the national KUCCPS diploma floor of C- is recorded rather than a stricter figure invented for it - confirm with admissions. A diploma at a university is one of the few routes that later opens a degree at the same institution."
c630,Diploma in Criminology,Rongo University,rongo_uni,Migori,public,diploma,people,C-,no,24,,unpublished,"Rongo University is a public chartered university and had not been listed here at all. Programme named in its published course listing. It does not publish a single per-programme price: Kenya retired the Differentiated Unit Cost in May 2023 for the Student-Centred Funding Model, under which what a student pays is set by an assessed means band, so no fee is shown rather than a guessed one. This is a diploma. The university publishes no diploma-specific minimum grade in any source reachable from this build, so the national KUCCPS diploma floor of C- is recorded rather than a stricter figure invented for it - confirm with admissions. A diploma at a university is one of the few routes that later opens a degree at the same institution."
c637,Diploma in Electrical and Electronic Engineering,Rongo University,rongo_uni,Migori,public,diploma,maker,C-,no,24,,unpublished,"Rongo University is a public chartered university and had not been listed here at all. Programme named in its published course listing. It does not publish a single per-programme price: Kenya retired the Differentiated Unit Cost in May 2023 for the Student-Centred Funding Model, under which what a student pays is set by an assessed means band, so no fee is shown rather than a guessed one. This is a diploma. The university publishes no diploma-specific minimum grade in any source reachable from this build, so the national KUCCPS diploma floor of C- is recorded rather than a stricter figure invented for it - confirm with admissions. A diploma at a university is one of the few routes that later opens a degree at the same institution."
c632,Diploma in Health Records and Information Technology,Rongo University,rongo_uni,Migori,public,diploma,people,C-,no,24,,unpublished,"Rongo University is a public chartered university and had not been listed here at all. Programme named in its published course listing. It does not publish a single per-programme price: Kenya retired the Differentiated Unit Cost in May 2023 for the Student-Centred Funding Model, under which what a student pays is set by an assessed means band, so no fee is shown rather than a guessed one. This is a diploma. The university publishes no diploma-specific minimum grade in any source reachable from this build, so the national KUCCPS diploma floor of C- is recorded rather than a stricter figure invented for it - confirm with admissions. A diploma at a university is one of the few routes that later opens a degree at the same institution."
c633,Diploma in Information Communication Technology,Rongo University,rongo_uni,Migori,public,diploma,tech,C-,no,24,,unpublished,"Rongo University is a public chartered university and had not been listed here at all. Programme named in its published course listing. It does not publish a single per-programme price: Kenya retired the Differentiated Unit Cost in May 2023 for the Student-Centred Funding Model, under which what a student pays is set by an assessed means band, so no fee is shown rather than a guessed one. This is a diploma. The university publishes no diploma-specific minimum grade in any source reachable from this build, so the national KUCCPS diploma floor of C- is recorded rather than a stricter figure invented for it - confirm with admissions. A diploma at a university is one of the few routes that later opens a degree at the same institution."
c634,Diploma in Library and Information Studies,Rongo University,rongo_uni,Migori,public,diploma,people,C-,no,24,,unpublished,"Rongo University is a public chartered university and had not been listed here at all. Programme named in its published course listing. It does not publish a single per-programme price: Kenya retired the Differentiated Unit Cost in May 2023 for the Student-Centred Funding Model, under which what a student pays is set by an assessed means band, so no fee is shown rather than a guessed one. This is a diploma. The university publishes no diploma-specific minimum grade in any source reachable from this build, so the national KUCCPS diploma floor of C- is recorded rather than a stricter figure invented for it - confirm with admissions. A diploma at a university is one of the few routes that later opens a degree at the same institution."
c635,Diploma in Public Health,Rongo University,rongo_uni,Migori,public,diploma,carer,C-,no,24,,unpublished,"Rongo University is a public chartered university and had not been listed here at all. Programme named in its published course listing. It does not publish a single per-programme price: Kenya retired the Differentiated Unit Cost in May 2023 for the Student-Centred Funding Model, under which what a student pays is set by an assessed means band, so no fee is shown rather than a guessed one. This is a diploma. The university publishes no diploma-specific minimum grade in any source reachable from this build, so the national KUCCPS diploma floor of C- is recorded rather than a stricter figure invented for it - confirm with admissions. A diploma at a university is one of the few routes that later opens a degree at the same institution."
c640,Diploma in Science Laboratory Technology,Rongo University,rongo_uni,Migori,public,diploma,numbers,C-,no,24,,unpublished,"Rongo University is a public chartered university and had not been listed here at all. Programme named in its published course listing. It does not publish a single per-programme price: Kenya retired the Differentiated Unit Cost in May 2023 for the Student-Centred Funding Model, under which what a student pays is set by an assessed means band, so no fee is shown rather than a guessed one. This is a diploma. The university publishes no diploma-specific minimum grade in any source reachable from this build, so the national KUCCPS diploma floor of C- is recorded rather than a stricter figure invented for it - confirm with admissions. A diploma at a university is one of the few routes that later opens a degree at the same institution."
c629,Diploma in Social Work,Rongo University,rongo_uni,Migori,public,diploma,people,C-,no,24,,unpublished,"Rongo University is a public chartered university and had not been listed here at all. Programme named in its published course listing. It does not publish a single per-programme price: Kenya retired the Differentiated Unit Cost in May 2023 for the Student-Centred Funding Model, under which what a student pays is set by an assessed means band, so no fee is shown rather than a guessed one. This is a diploma. The university publishes no diploma-specific minimum grade in any source reachable from this build, so the national KUCCPS diploma floor of C- is recorded rather than a stricter figure invented for it - confirm with admissions. A diploma at a university is one of the few routes that later opens a degree at the same institution."
c353,Certificate in Able Seafarer (Deck),Bandari Maritime Academy,bandari,Mombasa,public,certificate,maker,D,no,12,95000,illustrative,"Bandari Maritime Academy is the Kenya Ports Authority's maritime training arm and central to the blue economy agenda, setting its own fees. Published sources give tuition of about Ksh 95,000 for a one-year module, and entry from a KCSE D plain to D+ depending on programme. The figure shown is that published module fee multiplied by course length. Maritime certification also carries separate statutory and medical costs — confirm the full picture with the academy."
c352,Certificate in Port Operations,Bandari Maritime Academy,bandari,Mombasa,public,certificate,business,D,no,12,95000,illustrative,"Bandari Maritime Academy is the Kenya Ports Authority's maritime training arm and central to the blue economy agenda, setting its own fees. Published sources give tuition of about Ksh 95,000 for a one-year module, and entry from a KCSE D plain to D+ depending on programme. The figure shown is that published module fee multiplied by course length. Maritime certification also carries separate statutory and medical costs — confirm the full picture with the academy."
c350,Diploma in Marine Engineering,Bandari Maritime Academy,bandari,Mombasa,public,diploma,maker,C-,no,24,190000,illustrative,"Bandari Maritime Academy is the Kenya Ports Authority's maritime training arm and central to the blue economy agenda, setting its own fees. Published sources give tuition of about Ksh 95,000 for a one-year module, and entry from a KCSE D plain to D+ depending on programme. The figure shown is that published module fee multiplied by course length. Maritime certification also carries separate statutory and medical costs — confirm the full picture with the academy."
c351,Diploma in Port Operations and Shipping Logistics,Bandari Maritime Academy,bandari,Mombasa,public,diploma,business,C-,no,24,190000,illustrative,"Bandari Maritime Academy is the Kenya Ports Authority's maritime training arm and central to the blue economy agenda, setting its own fees. Published sources give tuition of about Ksh 95,000 for a one-year module, and entry from a KCSE D plain to D+ depending on programme. The figure shown is that published module fee multiplied by course length. Maritime certification also carries separate statutory and medical costs — confirm the full picture with the academy."
c207,Artisan in Electrical Installation,Christian Industrial Training Centre (CITC) Mombasa,citc_mombasa,Mombasa,private,artisan,maker,,yes,12,,unpublished,"Private technical and vocational centre in Mombasa County, accredited as both a training and examination centre by KNEC and NITA. Same Christian Industrial Training Centre network as the Pumwani campus, which admits on a KCPE certificate, so min_grade is null. The centre publishes no fee structure, so no figure is shown rather than a guessed one."
c208,Artisan in Motor Vehicle Mechanics,Christian Industrial Training Centre (CITC) Mombasa,citc_mombasa,Mombasa,private,artisan,maker,,yes,12,,unpublished,"Private technical and vocational centre in Mombasa County, accredited as both a training and examination centre by KNEC and NITA. Same Christian Industrial Training Centre network as the Pumwani campus, which admits on a KCPE certificate, so min_grade is null. The centre publishes no fee structure, so no figure is shown rather than a guessed one."
c212,Grade III Hairdressing and Beauty Therapy,Christian Industrial Training Centre (CITC) Mombasa,citc_mombasa,Mombasa,private,artisan,creator,,yes,12,,unpublished,"Private technical and vocational centre in Mombasa County, accredited as both a training and examination centre by KNEC and NITA. Same Christian Industrial Training Centre network as the Pumwani campus, which admits on a KCPE certificate, so min_grade is null. The centre publishes no fee structure, so no figure is shown rather than a guessed one."
c211,Grade III Welding,Christian Industrial Training Centre (CITC) Mombasa,citc_mombasa,Mombasa,private,artisan,maker,,yes,12,,unpublished,"Private technical and vocational centre in Mombasa County, accredited as both a training and examination centre by KNEC and NITA. Same Christian Industrial Training Centre network as the Pumwani campus, which admits on a KCPE certificate, so min_grade is null. The centre publishes no fee structure, so no figure is shown rather than a guessed one."
c209,Grade III-I Electrical Wireman,Christian Industrial Training Centre (CITC) Mombasa,citc_mombasa,Mombasa,private,artisan,maker,,yes,15,,unpublished,"Private technical and vocational centre in Mombasa County, accredited as both a training and examination centre by KNEC and NITA. Same Christian Industrial Training Centre network as the Pumwani campus, which admits on a KCPE certificate, so min_grade is null. The centre publishes no fee structure, so no figure is shown rather than a guessed one."
c210,Grade III-I Garment Making,Christian Industrial Training Centre (CITC) Mombasa,citc_mombasa,Mombasa,private,artisan,maker,,yes,15,,unpublished,"Private technical and vocational centre in Mombasa County, accredited as both a training and examination centre by KNEC and NITA. Same Christian Industrial Training Centre network as the Pumwani campus, which admits on a KCPE certificate, so min_grade is null. The centre publishes no fee structure, so no figure is shown rather than a guessed one."
c155,Certificate in Community Health Assistant,"Kenya Medical Training College (KMTC) — Port Reitz, Mombasa Campus",kmtc_mombasa,Mombasa,public,certificate,carer,C-,no,24,160200,derived,"KMTC publishes one national fee structure across all campuses, so this figure does not depend on which campus you attend: Ksh 82,200 in Year 1 and Ksh 78,000 in each subsequent year for regular Kenyan students, 2025/26 structure (kmtc.ac.ke, cross-reported by Tuko, EduGuide and Education News Hub, August 2026). Totals here are that schedule multiplied out by course length. Tuition only — accommodation, meals and skills-lab charges are extra and vary by campus. A non-refundable Ksh 1,500 application fee applies. Confirm with the campus before paying. Entry was previously recorded here as a D+ mean grade. That was wrong, and the error is worth naming: D+ is the BIOLOGY SUBJECT requirement for this award, not the mean grade, and it had been written into the mean-grade field. KMTC publishes a minimum KCSE mean grade of C- for every certificate programme, with the cluster-subject requirement on top - for this course a D+ in Biology or Biological Sciences and a D in one of Mathematics, Chemistry, Physics or Physical Sciences. So the C- is needed overall AND the subject grades on top. The duration and the fee moved with it: the certificate runs two years rather than one, so the national schedule multiplies out to Ksh 160,200 instead of Ksh 82,200."
c154,Diploma in Kenya Registered Community Health Nursing (KRCHN),"Kenya Medical Training College (KMTC) — Port Reitz, Mombasa Campus",kmtc_mombasa,Mombasa,public,diploma,carer,C+,no,36,238200,derived,"KMTC publishes one national fee structure across all campuses, so this figure does not depend on which campus you attend: Ksh 82,200 in Year 1 and Ksh 78,000 in each subsequent year for regular Kenyan students, 2025/26 structure (kmtc.ac.ke, cross-reported by Tuko, EduGuide and Education News Hub, August 2026). Totals here are that schedule multiplied out by course length. Tuition only — accommodation, meals and skills-lab charges are extra and vary by campus. A non-refundable Ksh 1,500 application fee applies. Confirm with the campus before paying."
c429,East Africa Customs and Freight Forwarding Practicing Certificate (EACFFPC),Kenya School of Revenue Administration (KESRA) — Mombasa Campus,kesra_mombasa,Mombasa,public,certificate,business,C-,no,6,35000,published,"The East Africa Customs and Freight Forwarding Practicing Certificate is a MANDATORY licence for customs agents, run jointly by the East African revenue authorities, the EAC Directorate of Customs and the Federation of East African Freight Forwarders Associations, and taught in Kenya through KESRA. Entry is a KCSE C- with at least D+ in Mathematics and English; there is a non-refundable application fee of Ksh 500 and tuition of Ksh 35,000 per semester (kra.go.ke/KESRA programme requirements, cross-reported August 2026). The figure shown is one semester. Sources describe the programme as six months but do not state unambiguously whether that is one semester or two, so budget for the possibility of a second semester at the same rate and confirm with KESRA before enrolling."
c278,Certificate in Human Resource Management (CDACC Level 5),Mombasa Technical Training Institute,mombasa_poly,Mombasa,public,certificate,people,D,no,12,67189,derived,"Qualification is a TVET CDACC national curriculum at Level 5, so the same competencies and external assessment apply wherever it is taught. Entry at Level 4/5 is a KCSE mean grade of D plain — the reason this record exists, since Njia's business and finance clusters were until now almost entirely closed below C-. Fee derived from the government's consolidated annual public-TVET fee of Ksh 67,189 (inclusive of assessment fees, effective May 2026, announced by Education CS Julius Migos Ogamba on 6 March 2026 and reported across Kenyan sector coverage), scaled to course duration. Institutes bill per term and per-course amounts differ — confirm with the registrar, and confirm the college is currently accredited to assess this qualification."
c301,Certificate in Information Communication Technology (CDACC Level 5),Mombasa Technical Training Institute,mombasa_poly,Mombasa,public,certificate,tech,D,no,12,67189,derived,"Qualification is a TVET CDACC national curriculum at Level 5, so the same competencies and external assessment apply wherever it is taught. Entry at Level 4/5 is a KCSE mean grade of D plain — the reason this record exists, since Njia's business and finance clusters were until now almost entirely closed below C-. Fee derived from the government's consolidated annual public-TVET fee of Ksh 67,189 (inclusive of assessment fees, effective May 2026, announced by Education CS Julius Migos Ogamba on 6 March 2026 and reported across Kenyan sector coverage), scaled to course duration. Institutes bill per term and per-course amounts differ — confirm with the registrar, and confirm the college is currently accredited to assess this qualification."
c270,Diploma in Accountancy (CDACC Level 6),Mombasa Technical Training Institute,mombasa_poly,Mombasa,public,diploma,numbers,C-,no,24,134378,derived,"Qualification is a TVET CDACC national curriculum at Level 6, so the same competencies and external assessment apply wherever it is taught. Entry is a KCSE mean grade of C- and above, or completion of the Level 5 certificate in the same field — which is the ladder out of a D grade rather than a dead end. Fee derived from the government's consolidated annual public-TVET fee of Ksh 67,189 (inclusive of assessment fees, effective May 2026, announced by Education CS Julius Migos Ogamba on 6 March 2026 and reported across Kenyan sector coverage), scaled to course duration. Institutes bill per term and per-course amounts differ — confirm with the registrar, and confirm the college is currently accredited to assess this qualification."
c008,Diploma in Fashion Design and Merchandising,Mombasa Technical Training Institute,mombasa_poly,Mombasa,public,diploma,maker,D+,no,24,134378,derived,"Fee derived from the government's consolidated annual public-TVET fee of Ksh 67,189 (inclusive of assessment fees, effective May 2026, as announced by government and reported by Eastleigh Voice/sector coverage, August 2026), scaled to course duration. Institutes bill per term/year and per-course amounts can differ - confirm with the registrar. This record previously carried an uncited figure; it now derives from the same national rate its 200 siblings use."
c303,Diploma in Information Communication Technology (CDACC Level 6),Mombasa Technical Training Institute,mombasa_poly,Mombasa,public,diploma,tech,C-,no,24,134378,derived,"Qualification is a TVET CDACC national curriculum at Level 6, so the same competencies and external assessment apply wherever it is taught. Entry is a KCSE mean grade of C- and above, or completion of the Level 5 certificate in the same field — which is the ladder out of a D grade rather than a dead end. Fee derived from the government's consolidated annual public-TVET fee of Ksh 67,189 (inclusive of assessment fees, effective May 2026, announced by Education CS Julius Migos Ogamba on 6 March 2026 and reported across Kenyan sector coverage), scaled to course duration. Institutes bill per term and per-course amounts differ — confirm with the registrar, and confirm the college is currently accredited to assess this qualification."
c294,Diploma in Supply Chain Management (CDACC Level 6),Mombasa Technical Training Institute,mombasa_poly,Mombasa,public,diploma,business,C-,no,24,134378,derived,"Qualification is a TVET CDACC national curriculum at Level 6, so the same competencies and external assessment apply wherever it is taught. Entry is a KCSE mean grade of C- and above, or completion of the Level 5 certificate in the same field — which is the ladder out of a D grade rather than a dead end. Fee derived from the government's consolidated annual public-TVET fee of Ksh 67,189 (inclusive of assessment fees, effective May 2026, announced by Education CS Julius Migos Ogamba on 6 March 2026 and reported across Kenyan sector coverage), scaled to course duration. Institutes bill per term and per-course amounts differ — confirm with the registrar, and confirm the college is currently accredited to assess this qualification."
c263,Tax Clerk Certificate (CDACC Level 5),Mombasa Technical Training Institute,mombasa_poly,Mombasa,public,certificate,numbers,D,no,12,67189,derived,"Qualification is a TVET CDACC national curriculum at Level 5, so the same competencies and external assessment apply wherever it is taught. Entry at Level 4/5 is a KCSE mean grade of D plain — the reason this record exists, since Njia's business and finance clusters were until now almost entirely closed below C-. Fee derived from the government's consolidated annual public-TVET fee of Ksh 67,189 (inclusive of assessment fees, effective May 2026, announced by Education CS Julius Migos Ogamba on 6 March 2026 and reported across Kenyan sector coverage), scaled to course duration. Institutes bill per term and per-course amounts differ — confirm with the registrar, and confirm the college is currently accredited to assess this qualification."
c036,Bachelor of Arts in Design,Technical University of Mombasa (TUM),tum,Mombasa,public,degree,creator,C+,no,48,,unpublished,"This course previously displayed a precise-looking tuition figure that was never observed anywhere. An audit found the same value repeated across unrelated institutions - Ksh 420,000 appeared on twelve different degrees at twelve different universities, public and private, from nursing to design to actuarial science - which is not what real fee data looks like. It was a placeholder, so it has been removed rather than left wearing a caveat. The figure could not be verified against any source reachable here, so nothing is shown. Ask the institution directly; if it is a public university, note that a single per-programme price no longer exists."
c871,Bachelor of Business Administration,Technical University of Mombasa (TUM),tum,Mombasa,public,degree,business,C+,no,48,,unpublished,"The Technical University of Mombasa is a public technical university at Tudor in Mombasa, the coast's main engineering, maritime and applied-sciences institution, and a KUCCPS placement institution. Programme named against the university's own published school structure - five schools and two institutes, including the School of Engineering and Technology and the School of Applied and Health Sciences. Entry is recorded at the national CUE and KUCCPS degree minimum of a C+ mean grade, which is the bar that decides whether this card can appear for you at all. Confirm the programme code and the current cluster cut-off on the KUCCPS portal for the cycle you are applying in, because placement is competitive and cut-offs move every year. This is a public university, so there is no per-programme price to show: Kenya retired the Differentiated Unit Cost in May 2023 for the Student-Centred Funding Model, under which the university does not publish a single figure for a course - what you pay is set by the band a HELB means test places you in. /help/ explains the five bands and what each leaves the household to find."
c862,Bachelor of Commerce,Technical University of Mombasa (TUM),tum,Mombasa,public,degree,business,C+,no,48,,unpublished,"The Technical University of Mombasa is a public technical university at Tudor in Mombasa, the coast's main engineering, maritime and applied-sciences institution, and a KUCCPS placement institution. Programme named against the university's own published school structure - five schools and two institutes, including the School of Engineering and Technology and the School of Applied and Health Sciences. Entry is recorded at the national CUE and KUCCPS degree minimum of a C+ mean grade, which is the bar that decides whether this card can appear for you at all. Confirm the programme code and the current cluster cut-off on the KUCCPS portal for the cycle you are applying in, because placement is competitive and cut-offs move every year. This is a public university, so there is no per-programme price to show: Kenya retired the Differentiated Unit Cost in May 2023 for the Student-Centred Funding Model, under which the university does not publish a single figure for a course - what you pay is set by the band a HELB means test places you in. /help/ explains the five bands and what each leaves the household to find."
c857,Bachelor of Engineering in Electrical and Electronic Engineering,Technical University of Mombasa (TUM),tum,Mombasa,public,degree,tech,C+,no,60,,unpublished,"The Technical University of Mombasa is a public technical university at Tudor in Mombasa, the coast's main engineering, maritime and applied-sciences institution, and a KUCCPS placement institution. Programme named against the university's own published school structure - five schools and two institutes, including the School of Engineering and Technology and the School of Applied and Health Sciences. Entry is recorded at the national CUE and KUCCPS degree minimum of a C+ mean grade, which is the bar that decides whether this card can appear for you at all. The published subject requirement is a C+ in Mathematics, Physics, Chemistry and English or Kiswahili. Engineering cut-offs sit well above the mean-grade minimum and the programme is accredited by the Engineers Board of Kenya. Confirm the programme code and the current cluster cut-off on the KUCCPS portal for the cycle you are applying in, because placement is competitive and cut-offs move every year. This is a public university, so there is no per-programme price to show: Kenya retired the Differentiated Unit Cost in May 2023 for the Student-Centred Funding Model, under which the university does not publish a single figure for a course - what you pay is set by the band a HELB means test places you in. /help/ explains the five bands and what each leaves the household to find."
c872,Bachelor of Information Science,Technical University of Mombasa (TUM),tum,Mombasa,public,degree,tech,C+,no,48,,unpublished,"The Technical University of Mombasa is a public technical university at Tudor in Mombasa, the coast's main engineering, maritime and applied-sciences institution, and a KUCCPS placement institution. Programme named against the university's own published school structure - five schools and two institutes, including the School of Engineering and Technology and the School of Applied and Health Sciences. Entry is recorded at the national CUE and KUCCPS degree minimum of a C+ mean grade, which is the bar that decides whether this card can appear for you at all. Confirm the programme code and the current cluster cut-off on the KUCCPS portal for the cycle you are applying in, because placement is competitive and cut-offs move every year. This is a public university, so there is no per-programme price to show: Kenya retired the Differentiated Unit Cost in May 2023 for the Student-Centred Funding Model, under which the university does not publish a single figure for a course - what you pay is set by the band a HELB means test places you in. /help/ explains the five bands and what each leaves the household to find."
c866,Bachelor of Medicine and Bachelor of Surgery (MBChB),Technical University of Mombasa (TUM),tum,Mombasa,public,degree,carer,C+,no,72,,unpublished,"The Technical University of Mombasa is a public technical university at Tudor in Mombasa, the coast's main engineering, maritime and applied-sciences institution, and a KUCCPS placement institution. Programme named against the university's own published school structure - five schools and two institutes, including the School of Engineering and Technology and the School of Applied and Health Sciences. Entry is recorded at the national CUE and KUCCPS degree minimum of a C+ mean grade, which is the bar that decides whether this card can appear for you at all. The published subject requirement is a B plain in Biology, a B plain in Chemistry, a B plain in Mathematics or Physics and a B plain in English or Kiswahili - well above the mean-grade minimum - and placement runs at the very top of the cluster range. Treat the C+ as the door, not the queue. Confirm the programme code and the current cluster cut-off on the KUCCPS portal for the cycle you are applying in, because placement is competitive and cut-offs move every year. This is a public university, so there is no per-programme price to show: Kenya retired the Differentiated Unit Cost in May 2023 for the Student-Centred Funding Model, under which the university does not publish a single figure for a course - what you pay is set by the band a HELB means test places you in. /help/ explains the five bands and what each leaves the household to find."
c864,Bachelor of Science in Building Construction and Construction Management,Technical University of Mombasa (TUM),tum,Mombasa,public,degree,tech,C+,no,48,,unpublished,"The Technical University of Mombasa is a public technical university at Tudor in Mombasa, the coast's main engineering, maritime and applied-sciences institution, and a KUCCPS placement institution. Programme named against the university's own published school structure - five schools and two institutes, including the School of Engineering and Technology and the School of Applied and Health Sciences. Entry is recorded at the national CUE and KUCCPS degree minimum of a C+ mean grade, which is the bar that decides whether this card can appear for you at all. Confirm the programme code and the current cluster cut-off on the KUCCPS portal for the cycle you are applying in, because placement is competitive and cut-offs move every year. This is a public university, so there is no per-programme price to show: Kenya retired the Differentiated Unit Cost in May 2023 for the Student-Centred Funding Model, under which the university does not publish a single figure for a course - what you pay is set by the band a HELB means test places you in. /help/ explains the five bands and what each leaves the household to find."
c856,Bachelor of Science in Civil Engineering,Technical University of Mombasa (TUM),tum,Mombasa,public,degree,tech,C+,no,60,,unpublished,"The Technical University of Mombasa is a public technical university at Tudor in Mombasa, the coast's main engineering, maritime and applied-sciences institution, and a KUCCPS placement institution. Programme named against the university's own published school structure - five schools and two institutes, including the School of Engineering and Technology and the School of Applied and Health Sciences. Entry is recorded at the national CUE and KUCCPS degree minimum of a C+ mean grade, which is the bar that decides whether this card can appear for you at all. The published subject requirement is a C+ in Mathematics, Physics, Chemistry and English or Kiswahili. Engineering cut-offs sit well above the mean-grade minimum and the programme is accredited by the Engineers Board of Kenya. Confirm the programme code and the current cluster cut-off on the KUCCPS portal for the cycle you are applying in, because placement is competitive and cut-offs move every year. This is a public university, so there is no per-programme price to show: Kenya retired the Differentiated Unit Cost in May 2023 for the Student-Centred Funding Model, under which the university does not publish a single figure for a course - what you pay is set by the band a HELB means test places you in. /help/ explains the five bands and what each leaves the household to find."
c869,Bachelor of Science in Community Health,Technical University of Mombasa (TUM),tum,Mombasa,public,degree,carer,C+,no,48,,unpublished,"The Technical University of Mombasa is a public technical university at Tudor in Mombasa, the coast's main engineering, maritime and applied-sciences institution, and a KUCCPS placement institution. Programme named against the university's own published school structure - five schools and two institutes, including the School of Engineering and Technology and the School of Applied and Health Sciences. Entry is recorded at the national CUE and KUCCPS degree minimum of a C+ mean grade, which is the bar that decides whether this card can appear for you at all. The published subject requirement is a C+ in Biology, Chemistry and Mathematics or Physics. Confirm the programme code and the current cluster cut-off on the KUCCPS portal for the cycle you are applying in, because placement is competitive and cut-offs move every year. This is a public university, so there is no per-programme price to show: Kenya retired the Differentiated Unit Cost in May 2023 for the Student-Centred Funding Model, under which the university does not publish a single figure for a course - what you pay is set by the band a HELB means test places you in. /help/ explains the five bands and what each leaves the household to find."
c860,Bachelor of Science in Computer Science,Technical University of Mombasa (TUM),tum,Mombasa,public,degree,tech,C+,no,48,,unpublished,"The Technical University of Mombasa is a public technical university at Tudor in Mombasa, the coast's main engineering, maritime and applied-sciences institution, and a KUCCPS placement institution. Programme named against the university's own published school structure - five schools and two institutes, including the School of Engineering and Technology and the School of Applied and Health Sciences. Entry is recorded at the national CUE and KUCCPS degree minimum of a C+ mean grade, which is the bar that decides whether this card can appear for you at all. Confirm the programme code and the current cluster cut-off on the KUCCPS portal for the cycle you are applying in, because placement is competitive and cut-offs move every year. This is a public university, so there is no per-programme price to show: Kenya retired the Differentiated Unit Cost in May 2023 for the Student-Centred Funding Model, under which the university does not publish a single figure for a course - what you pay is set by the band a HELB means test places you in. /help/ explains the five bands and what each leaves the household to find."
c870,Bachelor of Science in Environmental Health Science,Technical University of Mombasa (TUM),tum,Mombasa,public,degree,carer,C+,no,48,,unpublished,"The Technical University of Mombasa is a public technical university at Tudor in Mombasa, the coast's main engineering, maritime and applied-sciences institution, and a KUCCPS placement institution. Programme named against the university's own published school structure - five schools and two institutes, including the School of Engineering and Technology and the School of Applied and Health Sciences. Entry is recorded at the national CUE and KUCCPS degree minimum of a C+ mean grade, which is the bar that decides whether this card can appear for you at all. The published subject requirement is a C+ in Biology, Chemistry and Mathematics or Physics. Confirm the programme code and the current cluster cut-off on the KUCCPS portal for the cycle you are applying in, because placement is competitive and cut-offs move every year. This is a public university, so there is no per-programme price to show: Kenya retired the Differentiated Unit Cost in May 2023 for the Student-Centred Funding Model, under which the university does not publish a single figure for a course - what you pay is set by the band a HELB means test places you in. /help/ explains the five bands and what each leaves the household to find."
c863,Bachelor of Science in Hospitality and Tourism Management,Technical University of Mombasa (TUM),tum,Mombasa,public,degree,business,C+,no,48,,unpublished,"The Technical University of Mombasa is a public technical university at Tudor in Mombasa, the coast's main engineering, maritime and applied-sciences institution, and a KUCCPS placement institution. Programme named against the university's own published school structure - five schools and two institutes, including the School of Engineering and Technology and the School of Applied and Health Sciences. Entry is recorded at the national CUE and KUCCPS degree minimum of a C+ mean grade, which is the bar that decides whether this card can appear for you at all. Confirm the programme code and the current cluster cut-off on the KUCCPS portal for the cycle you are applying in, because placement is competitive and cut-offs move every year. This is a public university, so there is no per-programme price to show: Kenya retired the Differentiated Unit Cost in May 2023 for the Student-Centred Funding Model, under which the university does not publish a single figure for a course - what you pay is set by the band a HELB means test places you in. /help/ explains the five bands and what each leaves the household to find."
c861,Bachelor of Science in Information Technology,Technical University of Mombasa (TUM),tum,Mombasa,public,degree,tech,C+,no,48,,unpublished,"The Technical University of Mombasa is a public technical university at Tudor in Mombasa, the coast's main engineering, maritime and applied-sciences institution, and a KUCCPS placement institution. Programme named against the university's own published school structure - five schools and two institutes, including the School of Engineering and Technology and the School of Applied and Health Sciences. Entry is recorded at the national CUE and KUCCPS degree minimum of a C+ mean grade, which is the bar that decides whether this card can appear for you at all. Confirm the programme code and the current cluster cut-off on the KUCCPS portal for the cycle you are applying in, because placement is competitive and cut-offs move every year. This is a public university, so there is no per-programme price to show: Kenya retired the Differentiated Unit Cost in May 2023 for the Student-Centred Funding Model, under which the university does not publish a single figure for a course - what you pay is set by the band a HELB means test places you in. /help/ explains the five bands and what each leaves the household to find."
c859,Bachelor of Science in Marine Engineering,Technical University of Mombasa (TUM),tum,Mombasa,public,degree,tech,C+,no,60,,unpublished,"The Technical University of Mombasa is a public technical university at Tudor in Mombasa, the coast's main engineering, maritime and applied-sciences institution, and a KUCCPS placement institution. Programme named against the university's own published school structure - five schools and two institutes, including the School of Engineering and Technology and the School of Applied and Health Sciences. Entry is recorded at the national CUE and KUCCPS degree minimum of a C+ mean grade, which is the bar that decides whether this card can appear for you at all. The published subject requirement is a C+ in Mathematics, Physics, Chemistry and English or Kiswahili. Engineering cut-offs sit well above the mean-grade minimum and the programme is accredited by the Engineers Board of Kenya. Confirm the programme code and the current cluster cut-off on the KUCCPS portal for the cycle you are applying in, because placement is competitive and cut-offs move every year. This is a public university, so there is no per-programme price to show: Kenya retired the Differentiated Unit Cost in May 2023 for the Student-Centred Funding Model, under which the university does not publish a single figure for a course - what you pay is set by the band a HELB means test places you in. /help/ explains the five bands and what each leaves the household to find."
c867,Bachelor of Science in Marine Resource Management,Technical University of Mombasa (TUM),tum,Mombasa,public,degree,maker,C+,no,48,,unpublished,"The Technical University of Mombasa is a public technical university at Tudor in Mombasa, the coast's main engineering, maritime and applied-sciences institution, and a KUCCPS placement institution. Programme named against the university's own published school structure - five schools and two institutes, including the School of Engineering and Technology and the School of Applied and Health Sciences. Entry is recorded at the national CUE and KUCCPS degree minimum of a C+ mean grade, which is the bar that decides whether this card can appear for you at all. Confirm the programme code and the current cluster cut-off on the KUCCPS portal for the cycle you are applying in, because placement is competitive and cut-offs move every year. This is a public university, so there is no per-programme price to show: Kenya retired the Differentiated Unit Cost in May 2023 for the Student-Centred Funding Model, under which the university does not publish a single figure for a course - what you pay is set by the band a HELB means test places you in. /help/ explains the five bands and what each leaves the household to find."
c858,Bachelor of Science in Mechanical Engineering,Technical University of Mombasa (TUM),tum,Mombasa,public,degree,tech,C+,no,60,,unpublished,"The Technical University of Mombasa is a public technical university at Tudor in Mombasa, the coast's main engineering, maritime and applied-sciences institution, and a KUCCPS placement institution. Programme named against the university's own published school structure - five schools and two institutes, including the School of Engineering and Technology and the School of Applied and Health Sciences. Entry is recorded at the national CUE and KUCCPS degree minimum of a C+ mean grade, which is the bar that decides whether this card can appear for you at all. The published subject requirement is a C+ in Mathematics, Physics, Chemistry and English or Kiswahili. Engineering cut-offs sit well above the mean-grade minimum and the programme is accredited by the Engineers Board of Kenya. Confirm the programme code and the current cluster cut-off on the KUCCPS portal for the cycle you are applying in, because placement is competitive and cut-offs move every year. This is a public university, so there is no per-programme price to show: Kenya retired the Differentiated Unit Cost in May 2023 for the Student-Centred Funding Model, under which the university does not publish a single figure for a course - what you pay is set by the band a HELB means test places you in. /help/ explains the five bands and what each leaves the household to find."
c865,Bachelor of Science in Medical Laboratory Sciences,Technical University of Mombasa (TUM),tum,Mombasa,public,degree,carer,C+,no,48,,unpublished,"The Technical University of Mombasa is a public technical university at Tudor in Mombasa, the coast's main engineering, maritime and applied-sciences institution, and a KUCCPS placement institution. Programme named against the university's own published school structure - five schools and two institutes, including the School of Engineering and Technology and the School of Applied and Health Sciences. Entry is recorded at the national CUE and KUCCPS degree minimum of a C+ mean grade, which is the bar that decides whether this card can appear for you at all. The published subject requirement is a C+ in Biology, Chemistry and Mathematics or Physics. Confirm the programme code and the current cluster cut-off on the KUCCPS portal for the cycle you are applying in, because placement is competitive and cut-offs move every year. This is a public university, so there is no per-programme price to show: Kenya retired the Differentiated Unit Cost in May 2023 for the Student-Centred Funding Model, under which the university does not publish a single figure for a course - what you pay is set by the band a HELB means test places you in. /help/ explains the five bands and what each leaves the household to find."
c868,Bachelor of Science in Public Health,Technical University of Mombasa (TUM),tum,Mombasa,public,degree,carer,C+,no,48,,unpublished,"The Technical University of Mombasa is a public technical university at Tudor in Mombasa, the coast's main engineering, maritime and applied-sciences institution, and a KUCCPS placement institution. Programme named against the university's own published school structure - five schools and two institutes, including the School of Engineering and Technology and the School of Applied and Health Sciences. Entry is recorded at the national CUE and KUCCPS degree minimum of a C+ mean grade, which is the bar that decides whether this card can appear for you at all. The published subject requirement is a C+ in Biology, Chemistry and Mathematics or Physics. Confirm the programme code and the current cluster cut-off on the KUCCPS portal for the cycle you are applying in, because placement is competitive and cut-offs move every year. This is a public university, so there is no per-programme price to show: Kenya retired the Differentiated Unit Cost in May 2023 for the Student-Centred Funding Model, under which the university does not publish a single figure for a course - what you pay is set by the band a HELB means test places you in. /help/ explains the five bands and what each leaves the household to find."
c123,Certificate in Community Health Assistant,Kenya Medical Training College (KMTC) — Murang'a Campus,kmtc_muranga,Murang'a,public,certificate,carer,C-,no,24,160200,derived,"KMTC publishes one national fee structure across all campuses, so this figure does not depend on which campus you attend: Ksh 82,200 in Year 1 and Ksh 78,000 in each subsequent year for regular Kenyan students, 2025/26 structure (kmtc.ac.ke, cross-reported by Tuko, EduGuide and Education News Hub, August 2026). Totals here are that schedule multiplied out by course length. Tuition only — accommodation, meals and skills-lab charges are extra and vary by campus. A non-refundable Ksh 1,500 application fee applies. Confirm with the campus before paying. Entry was previously recorded here as a D+ mean grade. That was wrong, and the error is worth naming: D+ is the BIOLOGY SUBJECT requirement for this award, not the mean grade, and it had been written into the mean-grade field. KMTC publishes a minimum KCSE mean grade of C- for every certificate programme, with the cluster-subject requirement on top - for this course a D+ in Biology or Biological Sciences and a D in one of Mathematics, Chemistry, Physics or Physical Sciences. So the C- is needed overall AND the subject grades on top. The duration and the fee moved with it: the certificate runs two years rather than one, so the national schedule multiplies out to Ksh 160,200 instead of Ksh 82,200."
c122,Diploma in Kenya Registered Community Health Nursing (KRCHN),Kenya Medical Training College (KMTC) — Murang'a Campus,kmtc_muranga,Murang'a,public,diploma,carer,C+,no,36,238200,derived,"KMTC publishes one national fee structure across all campuses, so this figure does not depend on which campus you attend: Ksh 82,200 in Year 1 and Ksh 78,000 in each subsequent year for regular Kenyan students, 2025/26 structure (kmtc.ac.ke, cross-reported by Tuko, EduGuide and Education News Hub, August 2026). Totals here are that schedule multiplied out by course length. Tuition only — accommodation, meals and skills-lab charges are extra and vary by campus. A non-refundable Ksh 1,500 application fee applies. Confirm with the campus before paying."
c479,Artisan Craft in Electrical Installation,Michuki National Polytechnic,michuki_poly,Murang'a,public,artisan,maker,E,no,12,67189,derived,"Programme named in Michuki National Polytechnic's published artisan course list (formerly Michuki Technical Training Institute, Kangema). The polytechnic publishes its artisan (Level 4) entry as KCPE or a KCSE mean grade of D- or E, so E is recorded from the institution's own statement rather than inferred. Fee derived from the government's consolidated annual public-TVET fee of Ksh 67,189 (effective May 2026). Artisan fees vary more than diploma fees and published per-institution figures conflict, so treat this as an order of magnitude and confirm with the registrar."
c478,Artisan Craft in Food and Beverage,Michuki National Polytechnic,michuki_poly,Murang'a,public,artisan,creator,E,no,12,67189,derived,"Programme named in Michuki National Polytechnic's published artisan course list (formerly Michuki Technical Training Institute, Kangema). The polytechnic publishes its artisan (Level 4) entry as KCPE or a KCSE mean grade of D- or E, so E is recorded from the institution's own statement rather than inferred. Fee derived from the government's consolidated annual public-TVET fee of Ksh 67,189 (effective May 2026). Artisan fees vary more than diploma fees and published per-institution figures conflict, so treat this as an order of magnitude and confirm with the registrar."
c481,Artisan Craft in Garment Making,Michuki National Polytechnic,michuki_poly,Murang'a,public,artisan,creator,E,no,12,67189,derived,"Programme named in Michuki National Polytechnic's published artisan course list (formerly Michuki Technical Training Institute, Kangema). The polytechnic publishes its artisan (Level 4) entry as KCPE or a KCSE mean grade of D- or E, so E is recorded from the institution's own statement rather than inferred. Fee derived from the government's consolidated annual public-TVET fee of Ksh 67,189 (effective May 2026). Artisan fees vary more than diploma fees and published per-institution figures conflict, so treat this as an order of magnitude and confirm with the registrar."
c477,Artisan Craft in Motor Vehicle Mechanics,Michuki National Polytechnic,michuki_poly,Murang'a,public,artisan,maker,E,no,12,67189,derived,"Programme named in Michuki National Polytechnic's published artisan course list (formerly Michuki Technical Training Institute, Kangema). The polytechnic publishes its artisan (Level 4) entry as KCPE or a KCSE mean grade of D- or E, so E is recorded from the institution's own statement rather than inferred. Fee derived from the government's consolidated annual public-TVET fee of Ksh 67,189 (effective May 2026). Artisan fees vary more than diploma fees and published per-institution figures conflict, so treat this as an order of magnitude and confirm with the registrar."
c480,Artisan Craft in Welding and Fabrication,Michuki National Polytechnic,michuki_poly,Murang'a,public,artisan,maker,E,no,12,67189,derived,"Programme named in Michuki National Polytechnic's published artisan course list (formerly Michuki Technical Training Institute, Kangema). The polytechnic publishes its artisan (Level 4) entry as KCPE or a KCSE mean grade of D- or E, so E is recorded from the institution's own statement rather than inferred. Fee derived from the government's consolidated annual public-TVET fee of Ksh 67,189 (effective May 2026). Artisan fees vary more than diploma fees and published per-institution figures conflict, so treat this as an order of magnitude and confirm with the registrar."
c684,Bachelor of Commerce,Murang'a University of Technology,mut,Murang'a,public,degree,business,C+,no,48,,unpublished,"Murang'a University of Technology is a public chartered university and had not been listed here at all. Programme named in its published course listing. It does not publish a single per-programme price: Kenya retired the Differentiated Unit Cost in May 2023 for the Student-Centred Funding Model, under which what a student pays is set by an assessed means band, so no fee is shown rather than a guessed one. Degrees are placed through KUCCPS at a KCSE mean grade of C+ with the programme's subject requirements - for the education degrees the university additionally asks a C plain in Mathematics and a C+ in each of the two teaching subjects."
c685,Bachelor of Education (Arts),Murang'a University of Technology,mut,Murang'a,public,degree,people,C+,no,48,,unpublished,"Murang'a University of Technology is a public chartered university and had not been listed here at all. Programme named in its published course listing. It does not publish a single per-programme price: Kenya retired the Differentiated Unit Cost in May 2023 for the Student-Centred Funding Model, under which what a student pays is set by an assessed means band, so no fee is shown rather than a guessed one. Degrees are placed through KUCCPS at a KCSE mean grade of C+ with the programme's subject requirements - for the education degrees the university additionally asks a C plain in Mathematics and a C+ in each of the two teaching subjects."
c686,Bachelor of Technology Education,Murang'a University of Technology,mut,Murang'a,public,degree,people,C+,no,48,,unpublished,"Murang'a University of Technology is a public chartered university and had not been listed here at all. Programme named in its published course listing. It does not publish a single per-programme price: Kenya retired the Differentiated Unit Cost in May 2023 for the Student-Centred Funding Model, under which what a student pays is set by an assessed means band, so no fee is shown rather than a guessed one. Degrees are placed through KUCCPS at a KCSE mean grade of C+ with the programme's subject requirements - for the education degrees the university additionally asks a C plain in Mathematics and a C+ in each of the two teaching subjects."
c687,Bachelor of Technology in Electrical and Electronic Engineering,Murang'a University of Technology,mut,Murang'a,public,degree,maker,C+,no,48,,unpublished,"Murang'a University of Technology is a public chartered university and had not been listed here at all. Programme named in its published course listing. It does not publish a single per-programme price: Kenya retired the Differentiated Unit Cost in May 2023 for the Student-Centred Funding Model, under which what a student pays is set by an assessed means band, so no fee is shown rather than a guessed one. Degrees are placed through KUCCPS at a KCSE mean grade of C+ with the programme's subject requirements - for the education degrees the university additionally asks a C plain in Mathematics and a C+ in each of the two teaching subjects."
c689,Diploma in Information Technology,Murang'a University of Technology,mut,Murang'a,public,diploma,tech,C-,no,24,,unpublished,"Murang'a University of Technology is a public chartered university and had not been listed here at all. Programme named in its published course listing. It does not publish a single per-programme price: Kenya retired the Differentiated Unit Cost in May 2023 for the Student-Centred Funding Model, under which what a student pays is set by an assessed means band, so no fee is shown rather than a guessed one. This is a diploma. The university publishes its own ladder: C- and above for all diploma courses, D plain and above for certificates. It also runs craft courses. Only the programmes a reachable source names are listed, so ask what else is running at the lower tiers."
c428,Ajira Digital — online work and digital skills training,Ajira Digital Programme (ICT Authority),ajira,Nairobi,public,short_course,tech,,yes,1,0,published,"Ajira Digital is a Government of Kenya programme run by the ICT Authority under the Ministry of ICT, with free walk-in Youth Empowerment Centres at county level and Ajira clubs inside universities and TVET institutes; it is delivered with the Mastercard Foundation and states a target of reaching one million young people a year (cross-reported August 2026). The training is free — the zero here is the actual price, not an unknown. IMPORTANT: what you receive is a programme certificate, NOT a KNQF-awarded qualification, so it does not ladder into a diploma the way a KNEC certificate does. Its value is the skills and the platform access, not the paper. Centres and intake vary by county — confirm your nearest centre before travelling."
c365,Bachelor of Science in Nursing,Amref International University (AMIU),amiu,Nairobi,private,degree,carer,C,no,48,,unpublished,"Amref International University is a CUE-chartered private university run by Amref Health Africa, with a School of Medical Sciences and a School of Public Health. Entry is a KCSE mean grade of C plain or equivalent. The university does not publish a per-programme fee schedule in any source available here — fees are set by the university and vary by citizenship — so no figure is shown rather than a guessed one — confirm with the admissions office."
c366,Diploma in Community Health and Development,Amref International University (AMIU),amiu,Nairobi,private,diploma,carer,C,no,24,,unpublished,"Amref International University is a CUE-chartered private university run by Amref Health Africa, with a School of Medical Sciences and a School of Public Health. Entry is a KCSE mean grade of C plain or equivalent. The university does not publish a per-programme fee schedule in any source available here — fees are set by the university and vary by citizenship — so no figure is shown rather than a guessed one — confirm with the admissions office."
c052,Bachelor of Arts in Counselling Psychology,Catholic University of Eastern Africa (CUEA),cuea,Nairobi,private,degree,people,C+,no,48,,unpublished,"This course previously displayed a precise-looking tuition figure that was never observed anywhere. An audit found the same value repeated across unrelated institutions - Ksh 420,000 appeared on twelve different degrees at twelve different universities, public and private, from nursing to design to actuarial science - which is not what real fee data looks like. It was a placeholder, so it has been removed rather than left wearing a caveat. The figure could not be verified against any source reachable here, so nothing is shown. Ask the institution directly; if it is a public university, note that a single per-programme price no longer exists."
c739,Bachelor of Arts in Social Sciences,Catholic University of Eastern Africa (CUEA),cuea,Nairobi,private,degree,people,C+,no,48,,unpublished,"The Catholic University of Eastern Africa is a CUE-chartered private university in Langata, Nairobi, serving the AMECEA region. Programme named in the university's own published undergraduate listing. Entry is recorded at the national CUE and KUCCPS degree minimum of a C+ mean grade. CUEA publishes a lower general floor of D+ for its certificate and diploma entry, which does not reach a degree, so the degree bar is what is recorded here. The university publishes a fee schedule, but its figure for this named programme could not be verified against any source reachable from this build, so none is shown rather than a guessed one. Ring admissions for the current schedule."
c737,Bachelor of Commerce,Catholic University of Eastern Africa (CUEA),cuea,Nairobi,private,degree,business,C+,no,48,,unpublished,"The Catholic University of Eastern Africa is a CUE-chartered private university in Langata, Nairobi, serving the AMECEA region. Programme named in the university's own published undergraduate listing. Entry is recorded at the national CUE and KUCCPS degree minimum of a C+ mean grade. CUEA publishes a lower general floor of D+ for its certificate and diploma entry, which does not reach a degree, so the degree bar is what is recorded here. CUEA additionally requires a C plain in both Mathematics and English, so the mean grade alone is not enough. The university publishes a fee schedule, but its figure for this named programme could not be verified against any source reachable from this build, so none is shown rather than a guessed one. Ring admissions for the current schedule."
c735,Bachelor of Education (Arts),Catholic University of Eastern Africa (CUEA),cuea,Nairobi,private,degree,people,C+,no,48,,unpublished,"The Catholic University of Eastern Africa is a CUE-chartered private university in Langata, Nairobi, serving the AMECEA region. Programme named in the university's own published undergraduate listing. Entry is recorded at the national CUE and KUCCPS degree minimum of a C+ mean grade. CUEA publishes a lower general floor of D+ for its certificate and diploma entry, which does not reach a degree, so the degree bar is what is recorded here. CUEA additionally requires a C+ in the two teaching subjects, so the mean grade alone is not enough. The university publishes a fee schedule, but its figure for this named programme could not be verified against any source reachable from this build, so none is shown rather than a guessed one. Ring admissions for the current schedule."
c738,Bachelor of Laws,Catholic University of Eastern Africa (CUEA),cuea,Nairobi,private,degree,people,C+,no,48,,unpublished,"The Catholic University of Eastern Africa is a CUE-chartered private university in Langata, Nairobi, serving the AMECEA region. Programme named in the university's own published undergraduate listing. Entry is recorded at the national CUE and KUCCPS degree minimum of a C+ mean grade. CUEA publishes a lower general floor of D+ for its certificate and diploma entry, which does not reach a degree, so the degree bar is what is recorded here. CUEA additionally requires a B plain in English or Kiswahili, which is the Council of Legal Education subject bar, so the mean grade alone does not open this programme. The university publishes a fee schedule, but its figure for this named programme could not be verified against any source reachable from this build, so none is shown rather than a guessed one. Ring admissions for the current schedule."
c736,Bachelor of Science in Computer Science,Catholic University of Eastern Africa (CUEA),cuea,Nairobi,private,degree,tech,C+,no,48,,unpublished,"The Catholic University of Eastern Africa is a CUE-chartered private university in Langata, Nairobi, serving the AMECEA region. Programme named in the university's own published undergraduate listing. Entry is recorded at the national CUE and KUCCPS degree minimum of a C+ mean grade. CUEA publishes a lower general floor of D+ for its certificate and diploma entry, which does not reach a degree, so the degree bar is what is recorded here. CUEA additionally requires a C plain in Mathematics at KCSE, so the mean grade alone is not enough. The university publishes a fee schedule, but its figure for this named programme could not be verified against any source reachable from this build, so none is shown rather than a guessed one. Ring admissions for the current schedule."
c203,Artisan Certificate in Carpentry and Joinery,Christian Industrial Training Centre (CITC) Nairobi,citc_nairobi,Nairobi,private,artisan,maker,,yes,12,,unpublished,"Technical training institute of the Anglican Church of Kenya, Diocese of Nairobi, at Pumwani. Accredited as both a training and examination centre by KNEC and NITA. Entry is by KCPE or KCSE, so min_grade is null - a learner who never sat KCSE, or did not finish Form Four, qualifies. KNEC artisan programmes run one year; the NITA route runs five terms. The centre publishes no fee structure, so no figure is shown rather than a guessed one."
c205,Artisan Certificate in Electrical Installation,Christian Industrial Training Centre (CITC) Nairobi,citc_nairobi,Nairobi,private,artisan,maker,,yes,12,,unpublished,"Technical training institute of the Anglican Church of Kenya, Diocese of Nairobi, at Pumwani. Accredited as both a training and examination centre by KNEC and NITA. Entry is by KCPE or KCSE, so min_grade is null - a learner who never sat KCSE, or did not finish Form Four, qualifies. KNEC artisan programmes run one year; the NITA route runs five terms. The centre publishes no fee structure, so no figure is shown rather than a guessed one."
c206,Artisan Certificate in Plumbing,Christian Industrial Training Centre (CITC) Nairobi,citc_nairobi,Nairobi,private,artisan,maker,,yes,12,,unpublished,"Technical training institute of the Anglican Church of Kenya, Diocese of Nairobi, at Pumwani. Accredited as both a training and examination centre by KNEC and NITA. Entry is by KCPE or KCSE, so min_grade is null - a learner who never sat KCSE, or did not finish Form Four, qualifies. KNEC artisan programmes run one year; the NITA route runs five terms. The centre publishes no fee structure, so no figure is shown rather than a guessed one."
c204,Artisan Certificate in Welding and Fabrication,Christian Industrial Training Centre (CITC) Nairobi,citc_nairobi,Nairobi,private,artisan,maker,,yes,12,,unpublished,"Technical training institute of the Anglican Church of Kenya, Diocese of Nairobi, at Pumwani. Accredited as both a training and examination centre by KNEC and NITA. Entry is by KCPE or KCSE, so min_grade is null - a learner who never sat KCSE, or did not finish Form Four, qualifies. KNEC artisan programmes run one year; the NITA route runs five terms. The centre publishes no fee structure, so no figure is shown rather than a guessed one."
c432,Certificate Course in Insurance (CCI),College of Insurance,coi,Nairobi,private,certificate,numbers,C,no,12,30000,illustrative,"The College of Insurance was established in 1990 and is the insurance industry's own training college for East and Central Africa (coi.ac.ke, cross-reported August 2026). Published entry is a KCSE D- for the Certificate of Proficiency and a C for the Certificate Course in Insurance, which the college describes as designed for O-level school leavers. Fees are published as a BAND rather than a single price — roughly Ksh 20,000-40,000 for certificate courses and Ksh 30,000-60,000 per module at diploma level — so the figure shown is the middle of the certificate band and is illustrative, not a quote. Confirm the current fee and intake with the college before you commit."
c431,Certificate of Proficiency in Insurance (COP),College of Insurance,coi,Nairobi,private,certificate,numbers,D-,no,6,30000,illustrative,"The College of Insurance was established in 1990 and is the insurance industry's own training college for East and Central Africa (coi.ac.ke, cross-reported August 2026). Published entry is a KCSE D- for the Certificate of Proficiency and a C for the Certificate Course in Insurance, which the college describes as designed for O-level school leavers. Fees are published as a BAND rather than a single price — roughly Ksh 20,000-40,000 for certificate courses and Ksh 30,000-60,000 per module at diploma level — so the figure shown is the middle of the certificate band and is illustrative, not a quote. Confirm the current fee and intake with the college before you commit."
c198,Grade III-I Carpentry and Joinery,Don Bosco Boys Technical Training Centre,donbosco_karen,Nairobi,private,artisan,maker,,yes,24,,unpublished,"Private TVETA-registered vocational training centre run by the Salesians of Don Bosco; this trade is offered at Grade III-I and accredited by NITA, with a stated maximum of 90 trainees. Admission is by interview rather than a KCSE grade, so min_grade is null - the centre recruits from very poor households and takes learners without a KCSE. Boys only, with 168 hostel places. The centre publishes no fee structure, so no figure is shown rather than a guessed one; ask admissions what is charged and what is sponsored."
c200,Grade III-I Electrical Wireman,Don Bosco Boys Technical Training Centre,donbosco_karen,Nairobi,private,artisan,maker,,yes,24,,unpublished,"Private TVETA-registered vocational training centre run by the Salesians of Don Bosco; this trade is offered at Grade III-I and accredited by NITA, with a stated maximum of 90 trainees. Admission is by interview rather than a KCSE grade, so min_grade is null - the centre recruits from very poor households and takes learners without a KCSE. Boys only, with 168 hostel places. The centre publishes no fee structure, so no figure is shown rather than a guessed one; ask admissions what is charged and what is sponsored."
c201,Grade III-I Fitting and Welding,Don Bosco Boys Technical Training Centre,donbosco_karen,Nairobi,private,artisan,maker,,yes,24,,unpublished,"Private TVETA-registered vocational training centre run by the Salesians of Don Bosco; this trade is offered at Grade III-I and accredited by NITA, with a stated maximum of 90 trainees. Admission is by interview rather than a KCSE grade, so min_grade is null - the centre recruits from very poor households and takes learners without a KCSE. Boys only, with 168 hostel places. The centre publishes no fee structure, so no figure is shown rather than a guessed one; ask admissions what is charged and what is sponsored."
c197,Grade III-I Masonry,Don Bosco Boys Technical Training Centre,donbosco_karen,Nairobi,private,artisan,maker,,yes,24,,unpublished,"Private TVETA-registered vocational training centre run by the Salesians of Don Bosco; this trade is offered at Grade III-I and accredited by NITA, with a stated maximum of 90 trainees. Admission is by interview rather than a KCSE grade, so min_grade is null - the centre recruits from very poor households and takes learners without a KCSE. Boys only, with 168 hostel places. The centre publishes no fee structure, so no figure is shown rather than a guessed one; ask admissions what is charged and what is sponsored."
c199,Grade III-I Motor Vehicle Mechanic,Don Bosco Boys Technical Training Centre,donbosco_karen,Nairobi,private,artisan,maker,,yes,24,,unpublished,"Private TVETA-registered vocational training centre run by the Salesians of Don Bosco; this trade is offered at Grade III-I and accredited by NITA, with a stated maximum of 90 trainees. Admission is by interview rather than a KCSE grade, so min_grade is null - the centre recruits from very poor households and takes learners without a KCSE. Boys only, with 168 hostel places. The centre publishes no fee structure, so no figure is shown rather than a guessed one; ask admissions what is charged and what is sponsored."
c202,Grade III-I Tailoring,Don Bosco Boys Technical Training Centre,donbosco_karen,Nairobi,private,artisan,maker,,yes,24,,unpublished,"Private TVETA-registered vocational training centre run by the Salesians of Don Bosco; this trade is offered at Grade III-I and accredited by NITA, with a stated maximum of 90 trainees. Admission is by interview rather than a KCSE grade, so min_grade is null - the centre recruits from very poor households and takes learners without a KCSE. Boys only, with 168 hostel places. The centre publishes no fee structure, so no figure is shown rather than a guessed one; ask admissions what is charged and what is sponsored."
c371,Certificate in Aeronautical Communication Operations,East African School of Aviation (EASA),easa,Nairobi,public,certificate,tech,C-,no,12,,unpublished,"East African School of Aviation is the training directorate of the Kenya Civil Aviation Authority, a state corporation that sets its own fees rather than sitting on the consolidated public-TVET rate. Published 2026 figures give a diploma range of roughly Ksh 115,950 to 226,700 and IATA programmes from Ksh 125,900 to 197,700, with accommodation about Ksh 18,000 a month and a Ksh 1,000 application fee. EASA does not publish a per-course fee in any source reachable from here, only those institution-wide ranges, so no figure is shown. A midpoint of a band that spans nearly two to one is not a fee: Ksh 171,000 appears in no source, and it was displayed identically on a 36-month diploma and an 18-month one - a number a reader would budget against, against a duration it does not describe. The sentence that carried it also claimed 'the middle of the published diploma range' while the certificates showed the bottom of the IATA range instead, so the note did not describe its own records. Ring the school for the fee for your specific programme, and budget separately for accommodation at about Ksh 18,000 a month and the Ksh 1,000 application fee."
c370,Certificate in Aeronautical Information Services,East African School of Aviation (EASA),easa,Nairobi,public,certificate,tech,C-,no,12,,unpublished,"East African School of Aviation is the training directorate of the Kenya Civil Aviation Authority, a state corporation that sets its own fees rather than sitting on the consolidated public-TVET rate. Published 2026 figures give a diploma range of roughly Ksh 115,950 to 226,700 and IATA programmes from Ksh 125,900 to 197,700, with accommodation about Ksh 18,000 a month and a Ksh 1,000 application fee. EASA does not publish a per-course fee in any source reachable from here, only those institution-wide ranges, so no figure is shown. A midpoint of a band that spans nearly two to one is not a fee: Ksh 171,000 appears in no source, and it was displayed identically on a 36-month diploma and an 18-month one - a number a reader would budget against, against a duration it does not describe. The sentence that carried it also claimed 'the middle of the published diploma range' while the certificates showed the bottom of the IATA range instead, so the note did not describe its own records. Ring the school for the fee for your specific programme, and budget separately for accommodation at about Ksh 18,000 a month and the Ksh 1,000 application fee."
c373,Certificate in Air Passenger Handling,East African School of Aviation (EASA),easa,Nairobi,public,certificate,people,D+,no,6,,unpublished,"East African School of Aviation is the training directorate of the Kenya Civil Aviation Authority, a state corporation that sets its own fees rather than sitting on the consolidated public-TVET rate. Published 2026 figures give a diploma range of roughly Ksh 115,950 to 226,700 and IATA programmes from Ksh 125,900 to 197,700, with accommodation about Ksh 18,000 a month and a Ksh 1,000 application fee. EASA does not publish a per-course fee in any source reachable from here, only those institution-wide ranges, so no figure is shown. A midpoint of a band that spans nearly two to one is not a fee: Ksh 171,000 appears in no source, and it was displayed identically on a 36-month diploma and an 18-month one - a number a reader would budget against, against a duration it does not describe. The sentence that carried it also claimed 'the middle of the published diploma range' while the certificates showed the bottom of the IATA range instead, so the note did not describe its own records. Ring the school for the fee for your specific programme, and budget separately for accommodation at about Ksh 18,000 a month and the Ksh 1,000 application fee."
c372,Certificate in Airport Operations,East African School of Aviation (EASA),easa,Nairobi,public,certificate,business,C-,no,12,,unpublished,"East African School of Aviation is the training directorate of the Kenya Civil Aviation Authority, a state corporation that sets its own fees rather than sitting on the consolidated public-TVET rate. Published 2026 figures give a diploma range of roughly Ksh 115,950 to 226,700 and IATA programmes from Ksh 125,900 to 197,700, with accommodation about Ksh 18,000 a month and a Ksh 1,000 application fee. EASA does not publish a per-course fee in any source reachable from here, only those institution-wide ranges, so no figure is shown. A midpoint of a band that spans nearly two to one is not a fee: Ksh 171,000 appears in no source, and it was displayed identically on a 36-month diploma and an 18-month one - a number a reader would budget against, against a duration it does not describe. The sentence that carried it also claimed 'the middle of the published diploma range' while the certificates showed the bottom of the IATA range instead, so the note did not describe its own records. Ring the school for the fee for your specific programme, and budget separately for accommodation at about Ksh 18,000 a month and the Ksh 1,000 application fee."
c374,Certificate in Aviation Safety Management Systems,East African School of Aviation (EASA),easa,Nairobi,public,certificate,tech,C-,no,6,,unpublished,"East African School of Aviation is the training directorate of the Kenya Civil Aviation Authority, a state corporation that sets its own fees rather than sitting on the consolidated public-TVET rate. Published 2026 figures give a diploma range of roughly Ksh 115,950 to 226,700 and IATA programmes from Ksh 125,900 to 197,700, with accommodation about Ksh 18,000 a month and a Ksh 1,000 application fee. EASA does not publish a per-course fee in any source reachable from here, only those institution-wide ranges, so no figure is shown. A midpoint of a band that spans nearly two to one is not a fee: Ksh 171,000 appears in no source, and it was displayed identically on a 36-month diploma and an 18-month one - a number a reader would budget against, against a duration it does not describe. The sentence that carried it also claimed 'the middle of the published diploma range' while the certificates showed the bottom of the IATA range instead, so the note did not describe its own records. Ring the school for the fee for your specific programme, and budget separately for accommodation at about Ksh 18,000 a month and the Ksh 1,000 application fee."
c329,Certificate in Aviation Security,East African School of Aviation (EASA),easa,Nairobi,public,certificate,people,D+,no,12,,unpublished,"East African School of Aviation is the training directorate of the Kenya Civil Aviation Authority, a state corporation that sets its own fees rather than sitting on the consolidated public-TVET rate. Published 2026 figures give a diploma range of roughly Ksh 115,950 to 226,700 and IATA programmes from Ksh 125,900 to 197,700, with accommodation about Ksh 18,000 a month and a Ksh 1,000 application fee. EASA does not publish a per-course fee in any source reachable from here, only those institution-wide ranges, so no figure is shown. A midpoint of a band that spans nearly two to one is not a fee: Ksh 171,000 appears in no source, and it was displayed identically on a 36-month diploma and an 18-month one - a number a reader would budget against, against a duration it does not describe. The sentence that carried it also claimed 'the middle of the published diploma range' while the certificates showed the bottom of the IATA range instead, so the note did not describe its own records. Ring the school for the fee for your specific programme, and budget separately for accommodation at about Ksh 18,000 a month and the Ksh 1,000 application fee."
c325,Diploma in Aeronautical Engineering,East African School of Aviation (EASA),easa,Nairobi,public,diploma,maker,C-,no,36,,unpublished,"East African School of Aviation is the training directorate of the Kenya Civil Aviation Authority, a state corporation that sets its own fees rather than sitting on the consolidated public-TVET rate. Published 2026 figures give a diploma range of roughly Ksh 115,950 to 226,700 and IATA programmes from Ksh 125,900 to 197,700, with accommodation about Ksh 18,000 a month and a Ksh 1,000 application fee. EASA does not publish a per-course fee in any source reachable from here, only those institution-wide ranges, so no figure is shown. A midpoint of a band that spans nearly two to one is not a fee: Ksh 171,000 appears in no source, and it was displayed identically on a 36-month diploma and an 18-month one - a number a reader would budget against, against a duration it does not describe. The sentence that carried it also claimed 'the middle of the published diploma range' while the certificates showed the bottom of the IATA range instead, so the note did not describe its own records. Ring the school for the fee for your specific programme, and budget separately for accommodation at about Ksh 18,000 a month and the Ksh 1,000 application fee."
c327,Diploma in Air Cargo Management,East African School of Aviation (EASA),easa,Nairobi,public,diploma,business,C-,no,24,,unpublished,"East African School of Aviation is the training directorate of the Kenya Civil Aviation Authority, a state corporation that sets its own fees rather than sitting on the consolidated public-TVET rate. Published 2026 figures give a diploma range of roughly Ksh 115,950 to 226,700 and IATA programmes from Ksh 125,900 to 197,700, with accommodation about Ksh 18,000 a month and a Ksh 1,000 application fee. EASA does not publish a per-course fee in any source reachable from here, only those institution-wide ranges, so no figure is shown. A midpoint of a band that spans nearly two to one is not a fee: Ksh 171,000 appears in no source, and it was displayed identically on a 36-month diploma and an 18-month one - a number a reader would budget against, against a duration it does not describe. The sentence that carried it also claimed 'the middle of the published diploma range' while the certificates showed the bottom of the IATA range instead, so the note did not describe its own records. Ring the school for the fee for your specific programme, and budget separately for accommodation at about Ksh 18,000 a month and the Ksh 1,000 application fee."
c368,Diploma in Air Traffic Services (Air Traffic Control),East African School of Aviation (EASA),easa,Nairobi,public,diploma,tech,C-,no,24,,unpublished,"East African School of Aviation is the training directorate of the Kenya Civil Aviation Authority, a state corporation that sets its own fees rather than sitting on the consolidated public-TVET rate. Published 2026 figures give a diploma range of roughly Ksh 115,950 to 226,700 and IATA programmes from Ksh 125,900 to 197,700, with accommodation about Ksh 18,000 a month and a Ksh 1,000 application fee. EASA does not publish a per-course fee in any source reachable from here, only those institution-wide ranges, so no figure is shown. A midpoint of a band that spans nearly two to one is not a fee: Ksh 171,000 appears in no source, and it was displayed identically on a 36-month diploma and an 18-month one - a number a reader would budget against, against a duration it does not describe. The sentence that carried it also claimed 'the middle of the published diploma range' while the certificates showed the bottom of the IATA range instead, so the note did not describe its own records. Ring the school for the fee for your specific programme, and budget separately for accommodation at about Ksh 18,000 a month and the Ksh 1,000 application fee."
c326,Diploma in Aircraft Maintenance Engineering,East African School of Aviation (EASA),easa,Nairobi,public,diploma,maker,C-,no,36,,unpublished,"East African School of Aviation is the training directorate of the Kenya Civil Aviation Authority, a state corporation that sets its own fees rather than sitting on the consolidated public-TVET rate. Published 2026 figures give a diploma range of roughly Ksh 115,950 to 226,700 and IATA programmes from Ksh 125,900 to 197,700, with accommodation about Ksh 18,000 a month and a Ksh 1,000 application fee. EASA does not publish a per-course fee in any source reachable from here, only those institution-wide ranges, so no figure is shown. A midpoint of a band that spans nearly two to one is not a fee: Ksh 171,000 appears in no source, and it was displayed identically on a 36-month diploma and an 18-month one - a number a reader would budget against, against a duration it does not describe. The sentence that carried it also claimed 'the middle of the published diploma range' while the certificates showed the bottom of the IATA range instead, so the note did not describe its own records. Ring the school for the fee for your specific programme, and budget separately for accommodation at about Ksh 18,000 a month and the Ksh 1,000 application fee."
c369,"Diploma in Communications, NAVAIDS and Surveillance Engineering",East African School of Aviation (EASA),easa,Nairobi,public,diploma,tech,C-,no,24,,unpublished,"East African School of Aviation is the training directorate of the Kenya Civil Aviation Authority, a state corporation that sets its own fees rather than sitting on the consolidated public-TVET rate. Published 2026 figures give a diploma range of roughly Ksh 115,950 to 226,700 and IATA programmes from Ksh 125,900 to 197,700, with accommodation about Ksh 18,000 a month and a Ksh 1,000 application fee. EASA does not publish a per-course fee in any source reachable from here, only those institution-wide ranges, so no figure is shown. A midpoint of a band that spans nearly two to one is not a fee: Ksh 171,000 appears in no source, and it was displayed identically on a 36-month diploma and an 18-month one - a number a reader would budget against, against a duration it does not describe. The sentence that carried it also claimed 'the middle of the published diploma range' while the certificates showed the bottom of the IATA range instead, so the note did not describe its own records. Ring the school for the fee for your specific programme, and budget separately for accommodation at about Ksh 18,000 a month and the Ksh 1,000 application fee."
c328,Diploma in Flight Operations and Dispatch,East African School of Aviation (EASA),easa,Nairobi,public,diploma,business,C-,no,18,,unpublished,"East African School of Aviation is the training directorate of the Kenya Civil Aviation Authority, a state corporation that sets its own fees rather than sitting on the consolidated public-TVET rate. Published 2026 figures give a diploma range of roughly Ksh 115,950 to 226,700 and IATA programmes from Ksh 125,900 to 197,700, with accommodation about Ksh 18,000 a month and a Ksh 1,000 application fee. EASA does not publish a per-course fee in any source reachable from here, only those institution-wide ranges, so no figure is shown. A midpoint of a band that spans nearly two to one is not a fee: Ksh 171,000 appears in no source, and it was displayed identically on a 36-month diploma and an 18-month one - a number a reader would budget against, against a duration it does not describe. The sentence that carried it also claimed 'the middle of the published diploma range' while the certificates showed the bottom of the IATA range instead, so the note did not describe its own records. Ring the school for the fee for your specific programme, and budget separately for accommodation at about Ksh 18,000 a month and the Ksh 1,000 application fee."
c330,IATA Diploma in Travel and Tourism,East African School of Aviation (EASA),easa,Nairobi,public,certificate,business,D+,no,12,,unpublished,"East African School of Aviation is the training directorate of the Kenya Civil Aviation Authority, a state corporation that sets its own fees rather than sitting on the consolidated public-TVET rate. Published 2026 figures give a diploma range of roughly Ksh 115,950 to 226,700 and IATA programmes from Ksh 125,900 to 197,700, with accommodation about Ksh 18,000 a month and a Ksh 1,000 application fee. EASA does not publish a per-course fee in any source reachable from here, only those institution-wide ranges, so no figure is shown. A midpoint of a band that spans nearly two to one is not a fee: Ksh 171,000 appears in no source, and it was displayed identically on a 36-month diploma and an 18-month one - a number a reader would budget against, against a duration it does not describe. The sentence that carried it also claimed 'the middle of the published diploma range' while the certificates showed the bottom of the IATA range instead, so the note did not describe its own records. Ring the school for the fee for your specific programme, and budget separately for accommodation at about Ksh 18,000 a month and the Ksh 1,000 application fee."
c375,Diploma in Aircraft Maintenance Engineering,Harmonics Air Centre,harmonics,Nairobi,private,diploma,maker,C-,no,30,,unpublished,"Harmonics Air Centre at Wilson Airport trains towards European Union Aviation Safety Agency Part-66 module examinations, with hands-on work on real aircraft and on-the-job placement arranged with operators in Kenya and overseas. IMPORTANT NAME COLLISION: the European agency abbreviates to EASA, and so does the East African School of Aviation, which is a different institution in this same catalogue under the id easa. A Part-66 or Part-147 approval refers to the European regulator, not the Kenyan school. The centre does not publish a fee schedule in any source available here, so no figure is shown rather than a guessed one; licence examinations and any overseas placement carry costs beyond tuition. Confirm with the centre and check its current standing on the KCAA register of Approved Training Organisations."
c180,Artisan in Carpentry and Joinery,Kabete National Polytechnic,kabete_poly,Nairobi,public,artisan,maker,E,no,12,67189,derived,"Entry grade from KUCCPS, which states the minimum to apply for an Artisan certificate is E and opens Level 4 to KCSE mean grades C to E. Programme offered per Kabete National Polytechnic's published artisan course list. Fee derived from the government's consolidated annual public-TVET fee of Ksh 67,189 (effective May 2026), which sector reporting also gives as the average cost of an artisan programme - the two figures agree. Artisan fees vary more than diploma fees and published per-institution figures conflict, so treat this as an order of magnitude and confirm with the registrar."
c189,Artisan in Computer Maintenance and Repair,Kabete National Polytechnic,kabete_poly,Nairobi,public,artisan,tech,E,no,12,67189,derived,"Entry grade from KUCCPS, which states the minimum to apply for an Artisan certificate is E and opens Level 4 to KCSE mean grades C to E. Programme offered per Kabete National Polytechnic's published artisan course list. Fee derived from the government's consolidated annual public-TVET fee of Ksh 67,189 (effective May 2026), which sector reporting also gives as the average cost of an artisan programme - the two figures agree. Artisan fees vary more than diploma fees and published per-institution figures conflict, so treat this as an order of magnitude and confirm with the registrar."
c182,Artisan in Electrical Installation,Kabete National Polytechnic,kabete_poly,Nairobi,public,artisan,maker,E,no,12,67189,derived,"Entry grade from KUCCPS, which states the minimum to apply for an Artisan certificate is E and opens Level 4 to KCSE mean grades C to E. Programme offered per Kabete National Polytechnic's published artisan course list. Fee derived from the government's consolidated annual public-TVET fee of Ksh 67,189 (effective May 2026), which sector reporting also gives as the average cost of an artisan programme - the two figures agree. Artisan fees vary more than diploma fees and published per-institution figures conflict, so treat this as an order of magnitude and confirm with the registrar."
c188,Artisan in Food and Beverage Production,Kabete National Polytechnic,kabete_poly,Nairobi,public,artisan,creator,E,no,12,67189,derived,"Entry grade from KUCCPS, which states the minimum to apply for an Artisan certificate is E and opens Level 4 to KCSE mean grades C to E. Programme offered per Kabete National Polytechnic's published artisan course list. Fee derived from the government's consolidated annual public-TVET fee of Ksh 67,189 (effective May 2026), which sector reporting also gives as the average cost of an artisan programme - the two figures agree. Artisan fees vary more than diploma fees and published per-institution figures conflict, so treat this as an order of magnitude and confirm with the registrar."
c187,Artisan in Hairdressing and Beauty Therapy,Kabete National Polytechnic,kabete_poly,Nairobi,public,artisan,creator,E,no,12,67189,derived,"Entry grade from KUCCPS, which states the minimum to apply for an Artisan certificate is E and opens Level 4 to KCSE mean grades C to E. Programme offered per Kabete National Polytechnic's published artisan course list. Fee derived from the government's consolidated annual public-TVET fee of Ksh 67,189 (effective May 2026), which sector reporting also gives as the average cost of an artisan programme - the two figures agree. Artisan fees vary more than diploma fees and published per-institution figures conflict, so treat this as an order of magnitude and confirm with the registrar."
c179,Artisan in Masonry,Kabete National Polytechnic,kabete_poly,Nairobi,public,artisan,maker,E,no,12,67189,derived,"Entry grade from KUCCPS, which states the minimum to apply for an Artisan certificate is E and opens Level 4 to KCSE mean grades C to E. Programme offered per Kabete National Polytechnic's published artisan course list. Fee derived from the government's consolidated annual public-TVET fee of Ksh 67,189 (effective May 2026), which sector reporting also gives as the average cost of an artisan programme - the two figures agree. Artisan fees vary more than diploma fees and published per-institution figures conflict, so treat this as an order of magnitude and confirm with the registrar."
c183,Artisan in Motor Vehicle Mechanics,Kabete National Polytechnic,kabete_poly,Nairobi,public,artisan,maker,E,no,12,67189,derived,"Entry grade from KUCCPS, which states the minimum to apply for an Artisan certificate is E and opens Level 4 to KCSE mean grades C to E. Programme offered per Kabete National Polytechnic's published artisan course list. Fee derived from the government's consolidated annual public-TVET fee of Ksh 67,189 (effective May 2026), which sector reporting also gives as the average cost of an artisan programme - the two figures agree. Artisan fees vary more than diploma fees and published per-institution figures conflict, so treat this as an order of magnitude and confirm with the registrar."
c185,Artisan in Painting and Decoration,Kabete National Polytechnic,kabete_poly,Nairobi,public,artisan,maker,E,no,12,67189,derived,"Entry grade from KUCCPS, which states the minimum to apply for an Artisan certificate is E and opens Level 4 to KCSE mean grades C to E. Programme offered per Kabete National Polytechnic's published artisan course list. Fee derived from the government's consolidated annual public-TVET fee of Ksh 67,189 (effective May 2026), which sector reporting also gives as the average cost of an artisan programme - the two figures agree. Artisan fees vary more than diploma fees and published per-institution figures conflict, so treat this as an order of magnitude and confirm with the registrar."
c181,Artisan in Plumbing,Kabete National Polytechnic,kabete_poly,Nairobi,public,artisan,maker,E,no,12,67189,derived,"Entry grade from KUCCPS, which states the minimum to apply for an Artisan certificate is E and opens Level 4 to KCSE mean grades C to E. Programme offered per Kabete National Polytechnic's published artisan course list. Fee derived from the government's consolidated annual public-TVET fee of Ksh 67,189 (effective May 2026), which sector reporting also gives as the average cost of an artisan programme - the two figures agree. Artisan fees vary more than diploma fees and published per-institution figures conflict, so treat this as an order of magnitude and confirm with the registrar."
c186,Artisan in Refrigeration and Air Conditioning,Kabete National Polytechnic,kabete_poly,Nairobi,public,artisan,maker,E,no,12,67189,derived,"Entry grade from KUCCPS, which states the minimum to apply for an Artisan certificate is E and opens Level 4 to KCSE mean grades C to E. Programme offered per Kabete National Polytechnic's published artisan course list. Fee derived from the government's consolidated annual public-TVET fee of Ksh 67,189 (effective May 2026), which sector reporting also gives as the average cost of an artisan programme - the two figures agree. Artisan fees vary more than diploma fees and published per-institution figures conflict, so treat this as an order of magnitude and confirm with the registrar."
c184,Artisan in Welding and Fabrication,Kabete National Polytechnic,kabete_poly,Nairobi,public,artisan,maker,E,no,12,67189,derived,"Entry grade from KUCCPS, which states the minimum to apply for an Artisan certificate is E and opens Level 4 to KCSE mean grades C to E. Programme offered per Kabete National Polytechnic's published artisan course list. Fee derived from the government's consolidated annual public-TVET fee of Ksh 67,189 (effective May 2026), which sector reporting also gives as the average cost of an artisan programme - the two figures agree. Artisan fees vary more than diploma fees and published per-institution figures conflict, so treat this as an order of magnitude and confirm with the registrar."
c276,Certificate in Human Resource Management (CDACC Level 5),Kabete National Polytechnic,kabete_poly,Nairobi,public,certificate,people,D,no,12,67189,derived,"Qualification is a TVET CDACC national curriculum at Level 5, so the same competencies and external assessment apply wherever it is taught. Entry at Level 4/5 is a KCSE mean grade of D plain — the reason this record exists, since Njia's business and finance clusters were until now almost entirely closed below C-. Fee derived from the government's consolidated annual public-TVET fee of Ksh 67,189 (inclusive of assessment fees, effective May 2026, announced by Education CS Julius Migos Ogamba on 6 March 2026 and reported across Kenyan sector coverage), scaled to course duration. Institutes bill per term and per-course amounts differ — confirm with the registrar, and confirm the college is currently accredited to assess this qualification."
c268,Diploma in Accountancy (CDACC Level 6),Kabete National Polytechnic,kabete_poly,Nairobi,public,diploma,numbers,C-,no,24,134378,derived,"Qualification is a TVET CDACC national curriculum at Level 6, so the same competencies and external assessment apply wherever it is taught. Entry is a KCSE mean grade of C- and above, or completion of the Level 5 certificate in the same field — which is the ladder out of a D grade rather than a dead end. Fee derived from the government's consolidated annual public-TVET fee of Ksh 67,189 (inclusive of assessment fees, effective May 2026, announced by Education CS Julius Migos Ogamba on 6 March 2026 and reported across Kenyan sector coverage), scaled to course duration. Institutes bill per term and per-course amounts differ — confirm with the registrar, and confirm the college is currently accredited to assess this qualification."
c040,Diploma in Automotive Engineering,Kabete National Polytechnic,kabete_poly,Nairobi,public,diploma,maker,D+,no,36,201567,derived,"Fee derived from the government's consolidated annual public-TVET fee of Ksh 67,189 (inclusive of assessment fees, effective May 2026, as announced by government and reported by Eastleigh Voice/sector coverage, August 2026), scaled to course duration. Institutes bill per term/year and per-course amounts can differ - confirm with the registrar."
c305,Diploma in Computer Science (CDACC Level 6),Kabete National Polytechnic,kabete_poly,Nairobi,public,diploma,tech,C-,no,24,134378,derived,"Qualification is a TVET CDACC national curriculum at Level 6, so the same competencies and external assessment apply wherever it is taught. Entry is a KCSE mean grade of C- and above, or completion of the Level 5 certificate in the same field — which is the ladder out of a D grade rather than a dead end. Fee derived from the government's consolidated annual public-TVET fee of Ksh 67,189 (inclusive of assessment fees, effective May 2026, announced by Education CS Julius Migos Ogamba on 6 March 2026 and reported across Kenyan sector coverage), scaled to course duration. Institutes bill per term and per-course amounts differ — confirm with the registrar, and confirm the college is currently accredited to assess this qualification."
c282,Diploma in Human Resource Management (CDACC Level 6),Kabete National Polytechnic,kabete_poly,Nairobi,public,diploma,people,C-,no,24,134378,derived,"Qualification is a TVET CDACC national curriculum at Level 6, so the same competencies and external assessment apply wherever it is taught. Entry is a KCSE mean grade of C- and above, or completion of the Level 5 certificate in the same field — which is the ladder out of a D grade rather than a dead end. Fee derived from the government's consolidated annual public-TVET fee of Ksh 67,189 (inclusive of assessment fees, effective May 2026, announced by Education CS Julius Migos Ogamba on 6 March 2026 and reported across Kenyan sector coverage), scaled to course duration. Institutes bill per term and per-course amounts differ — confirm with the registrar, and confirm the college is currently accredited to assess this qualification."
c292,Diploma in Supply Chain Management (CDACC Level 6),Kabete National Polytechnic,kabete_poly,Nairobi,public,diploma,business,C-,no,24,134378,derived,"Qualification is a TVET CDACC national curriculum at Level 6, so the same competencies and external assessment apply wherever it is taught. Entry is a KCSE mean grade of C- and above, or completion of the Level 5 certificate in the same field — which is the ladder out of a D grade rather than a dead end. Fee derived from the government's consolidated annual public-TVET fee of Ksh 67,189 (inclusive of assessment fees, effective May 2026, announced by Education CS Julius Migos Ogamba on 6 March 2026 and reported across Kenyan sector coverage), scaled to course duration. Institutes bill per term and per-course amounts differ — confirm with the registrar, and confirm the college is currently accredited to assess this qualification."
c275,Diploma in Tax Administration (CDACC Level 6),Kabete National Polytechnic,kabete_poly,Nairobi,public,diploma,numbers,C-,no,24,134378,derived,"Qualification is a TVET CDACC national curriculum at Level 6, so the same competencies and external assessment apply wherever it is taught. Entry is a KCSE mean grade of C- and above, or completion of the Level 5 certificate in the same field — which is the ladder out of a D grade rather than a dead end. Fee derived from the government's consolidated annual public-TVET fee of Ksh 67,189 (inclusive of assessment fees, effective May 2026, announced by Education CS Julius Migos Ogamba on 6 March 2026 and reported across Kenyan sector coverage), scaled to course duration. Institutes bill per term and per-course amounts differ — confirm with the registrar, and confirm the college is currently accredited to assess this qualification."
c261,Tax Clerk Certificate (CDACC Level 5),Kabete National Polytechnic,kabete_poly,Nairobi,public,certificate,numbers,D,no,12,67189,derived,"Qualification is a TVET CDACC national curriculum at Level 5, so the same competencies and external assessment apply wherever it is taught. Entry at Level 4/5 is a KCSE mean grade of D plain — the reason this record exists, since Njia's business and finance clusters were until now almost entirely closed below C-. Fee derived from the government's consolidated annual public-TVET fee of Ksh 67,189 (inclusive of assessment fees, effective May 2026, announced by Education CS Julius Migos Ogamba on 6 March 2026 and reported across Kenyan sector coverage), scaled to course duration. Institutes bill per term and per-course amounts differ — confirm with the registrar, and confirm the college is currently accredited to assess this qualification."
c020,Certificate in Cybersecurity Fundamentals,KCA University,kca,Nairobi,private,certificate,tech,D+,no,9,,unpublished,"No figure is shown. This record previously carried a precise-looking total with no citation of any kind behind it, which is the weakest thing this catalogue can display because it reads exactly like a researched number. The institution publishes a fee schedule, but it could not be verified against any source reachable from this build - the schedules are PDFs on the institution's own site. The figure has been removed rather than left wearing a caveat. Ask the admissions office for the current per-programme fee and what it excludes."
c015,Certificate in E-commerce and Digital Business,KCA University,kca,Nairobi,private,certificate,business,D+,no,9,,unpublished,"No figure is shown. This record previously carried a precise-looking total with no citation of any kind behind it, which is the weakest thing this catalogue can display because it reads exactly like a researched number. The institution publishes a fee schedule, but it could not be verified against any source reachable from this build - the schedules are PDFs on the institution's own site. The figure has been removed rather than left wearing a caveat. Ask the admissions office for the current per-programme fee and what it excludes."
c025,Diploma in Accountancy (CPA pathway),KCA University,kca,Nairobi,private,diploma,numbers,C,no,24,,unpublished,"No figure is shown. This record previously carried a precise-looking total with no citation of any kind behind it, which is the weakest thing this catalogue can display because it reads exactly like a researched number. The institution publishes a fee schedule, but it could not be verified against any source reachable from this build - the schedules are PDFs on the institution's own site. The figure has been removed rather than left wearing a caveat. Ask the admissions office for the current per-programme fee and what it excludes."
c021,Diploma in Human Resource Management,KCA University,kca,Nairobi,private,diploma,people,C-,no,24,,unpublished,"No figure is shown. This record previously carried a precise-looking total with no citation of any kind behind it, which is the weakest thing this catalogue can display because it reads exactly like a researched number. The institution publishes a fee schedule, but it could not be verified against any source reachable from this build - the schedules are PDFs on the institution's own site. The figure has been removed rather than left wearing a caveat. Ask the admissions office for the current per-programme fee and what it excludes."
c011,Diploma in Sales and Marketing,KCA University,kca,Nairobi,private,diploma,business,D+,no,18,,unpublished,"No figure is shown. This record previously carried a precise-looking total with no citation of any kind behind it, which is the weakest thing this catalogue can display because it reads exactly like a researched number. The institution publishes a fee schedule, but it could not be verified against any source reachable from this build - the schedules are PDFs on the institution's own site. The figure has been removed rather than left wearing a caveat. Ask the admissions office for the current per-programme fee and what it excludes."
c332,Certificate in Cabin Crew,Kenya Aeronautical College,kac,Nairobi,private,certificate,people,C-,no,12,95000,published,"Kenya Aeronautical College is a private, KCAA-approved school at Wilson Airport with its own published schedule. The Diploma in Aeronautical Engineering (Avionics) is published as Ksh 162,000 in Year 1, 141,000 in Year 2 and 143,000 in Year 3, a total of Ksh 446,000; the cabin crew certificate is published as Ksh 48,000 and 47,000 across two terms, a total of Ksh 95,000. Aviation training is among the most expensive routes in this catalogue and the fee is the main thing to plan against. Confirm with the college."
c331,Diploma in Aeronautical Engineering (Avionics),Kenya Aeronautical College,kac,Nairobi,private,diploma,maker,C-,no,36,446000,published,"Kenya Aeronautical College is a private, KCAA-approved school at Wilson Airport with its own published schedule. The Diploma in Aeronautical Engineering (Avionics) is published as Ksh 162,000 in Year 1, 141,000 in Year 2 and 143,000 in Year 3, a total of Ksh 446,000; the cabin crew certificate is published as Ksh 48,000 and 47,000 across two terms, a total of Ksh 95,000. Aviation training is among the most expensive routes in this catalogue and the fee is the main thing to plan against. Confirm with the college."
c364,Certificate in Aviation Security (AVSEC),Kenya Airways Pride Centre,kqpride,Nairobi,private,certificate,people,C-,no,6,,unpublished,"Kenya Airways Pride Centre is the airline's own training academy at Embakasi, KCAA-approved for aviation security and accredited by IATA and ICAO — the first training facility in Africa to earn IATA's dangerous-goods excellence certification. Published tuition runs from about Ksh 170,000 to Ksh 300,000 depending on programme, with a non-refundable application fee of Ksh 2,000; the centre does not publish a per-course fee in any source reachable from here, so no figure is shown rather than the midpoint of that range - Ksh 235,000 appears in no source and was displayed identically on a 12-month diploma and a 6-month certificate. Cabin crew roles also carry airline-set physical requirements — published minimum heights are 5.4 feet for women and 5.6 feet for men — which no grade will substitute for. Confirm the fee and the requirements with the centre."
c363,Certificate in Flight Dispatch,Kenya Airways Pride Centre,kqpride,Nairobi,private,certificate,business,C-,no,12,,unpublished,"Kenya Airways Pride Centre is the airline's own training academy at Embakasi, KCAA-approved for aviation security and accredited by IATA and ICAO — the first training facility in Africa to earn IATA's dangerous-goods excellence certification. Published tuition runs from about Ksh 170,000 to Ksh 300,000 depending on programme, with a non-refundable application fee of Ksh 2,000; the centre does not publish a per-course fee in any source reachable from here, so no figure is shown rather than the midpoint of that range - Ksh 235,000 appears in no source and was displayed identically on a 12-month diploma and a 6-month certificate. Cabin crew roles also carry airline-set physical requirements — published minimum heights are 5.4 feet for women and 5.6 feet for men — which no grade will substitute for. Confirm the fee and the requirements with the centre."
c362,Certificate in Passenger Service and Ground Handling,Kenya Airways Pride Centre,kqpride,Nairobi,private,certificate,people,C-,no,6,,unpublished,"Kenya Airways Pride Centre is the airline's own training academy at Embakasi, KCAA-approved for aviation security and accredited by IATA and ICAO — the first training facility in Africa to earn IATA's dangerous-goods excellence certification. Published tuition runs from about Ksh 170,000 to Ksh 300,000 depending on programme, with a non-refundable application fee of Ksh 2,000; the centre does not publish a per-course fee in any source reachable from here, so no figure is shown rather than the midpoint of that range - Ksh 235,000 appears in no source and was displayed identically on a 12-month diploma and a 6-month certificate. Cabin crew roles also carry airline-set physical requirements — published minimum heights are 5.4 feet for women and 5.6 feet for men — which no grade will substitute for. Confirm the fee and the requirements with the centre."
c361,Diploma in Cabin Crew Operations,Kenya Airways Pride Centre,kqpride,Nairobi,private,diploma,people,C-,no,12,,unpublished,"Kenya Airways Pride Centre is the airline's own training academy at Embakasi, KCAA-approved for aviation security and accredited by IATA and ICAO — the first training facility in Africa to earn IATA's dangerous-goods excellence certification. Published tuition runs from about Ksh 170,000 to Ksh 300,000 depending on programme, with a non-refundable application fee of Ksh 2,000; the centre does not publish a per-course fee in any source reachable from here, so no figure is shown rather than the midpoint of that range - Ksh 235,000 appears in no source and was displayed identically on a 12-month diploma and a 6-month certificate. Cabin crew roles also carry airline-set physical requirements — published minimum heights are 5.4 feet for women and 5.6 feet for men — which no grade will substitute for. Confirm the fee and the requirements with the centre."
c357,Certificate in Building Technology,Kenya Institute of Highways and Building Technology (KIHBT),kihbt,Nairobi,public,certificate,maker,D+,no,12,58500,illustrative,"The Kenya Institute of Highways and Building Technology sits under the State Department for Roads and has trained for the roads sector since 1948, with its own fee schedule. Published figures are about Ksh 22,000 a term for diploma programmes and Ksh 19,500 a term for certificate and craft programmes, with accommodation and meals about Ksh 17,000 a term. The figure shown assumes three terms a year, which is the usual Kenyan TVET year but was not stated in the source, so it is illustrative — confirm the number of terms and the current rate with the institute."
c356,Certificate in Road Construction Plant Operation,Kenya Institute of Highways and Building Technology (KIHBT),kihbt,Nairobi,public,certificate,maker,D+,no,12,58500,illustrative,"The Kenya Institute of Highways and Building Technology sits under the State Department for Roads and has trained for the roads sector since 1948, with its own fee schedule. Published figures are about Ksh 22,000 a term for diploma programmes and Ksh 19,500 a term for certificate and craft programmes, with accommodation and meals about Ksh 17,000 a term. The figure shown assumes three terms a year, which is the usual Kenyan TVET year but was not stated in the source, so it is illustrative — confirm the number of terms and the current rate with the institute."
c355,Diploma in Architecture,Kenya Institute of Highways and Building Technology (KIHBT),kihbt,Nairobi,public,diploma,maker,C,no,24,132000,illustrative,"The Kenya Institute of Highways and Building Technology sits under the State Department for Roads and has trained for the roads sector since 1948, with its own fee schedule. Published figures are about Ksh 22,000 a term for diploma programmes and Ksh 19,500 a term for certificate and craft programmes, with accommodation and meals about Ksh 17,000 a term. The figure shown assumes three terms a year, which is the usual Kenyan TVET year but was not stated in the source, so it is illustrative — confirm the number of terms and the current rate with the institute."
c354,Diploma in Highway Engineering,Kenya Institute of Highways and Building Technology (KIHBT),kihbt,Nairobi,public,diploma,maker,C-,no,24,132000,illustrative,"The Kenya Institute of Highways and Building Technology sits under the State Department for Roads and has trained for the roads sector since 1948, with its own fee schedule. Published figures are about Ksh 22,000 a term for diploma programmes and Ksh 19,500 a term for certificate and craft programmes, with accommodation and meals about Ksh 17,000 a term. The figure shown assumes three terms a year, which is the usual Kenyan TVET year but was not stated in the source, so it is illustrative — confirm the number of terms and the current rate with the institute."
c068,Certified Public Accountant (CPA) Foundation,Kenya Institute of Management (KIM),kim,Nairobi,private,certificate,numbers,C-,no,12,,unpublished,"No figure is shown. This record previously carried a precise-looking total with no citation of any kind behind it, which is the weakest thing this catalogue can display because it reads exactly like a researched number. The institution publishes a fee schedule, but it could not be verified against any source reachable from this build - the schedules are PDFs on the institution's own site. The figure has been removed rather than left wearing a caveat. Ask the admissions office for the current per-programme fee and what it excludes."
c069,Diploma in Project Management,Kenya Institute of Management (KIM),kim,Nairobi,private,diploma,people,C-,no,12,,unpublished,"No figure is shown. This record previously carried a precise-looking total with no citation of any kind behind it, which is the weakest thing this catalogue can display because it reads exactly like a researched number. The institution publishes a fee schedule, but it could not be verified against any source reachable from this build - the schedules are PDFs on the institution's own site. The figure has been removed rather than left wearing a caveat. Ask the admissions office for the current per-programme fee and what it excludes."
c033,Diploma in Film and Television Production,Kenya Institute of Mass Communication (KIMC),kimc,Nairobi,public,diploma,creator,C-,no,24,134378,derived,"Fee derived from the government's consolidated annual public-TVET fee of Ksh 67,189 (inclusive of assessment fees, effective May 2026, as announced by government and reported by Eastleigh Voice/sector coverage, August 2026), scaled to course duration. Institutes bill per term/year and per-course amounts can differ - confirm with the registrar."
c034,Diploma in Journalism and Media Studies,Kenya Institute of Mass Communication (KIMC),kimc,Nairobi,public,diploma,creator,C,no,24,134378,derived,"Fee derived from the government's consolidated annual public-TVET fee of Ksh 67,189 (inclusive of assessment fees, effective May 2026, as announced by government and reported by Eastleigh Voice/sector coverage, August 2026), scaled to course duration. Institutes bill per term/year and per-course amounts can differ - confirm with the registrar."
c037,Diploma in Music Production,Kenya Institute of Mass Communication (KIMC),kimc,Nairobi,public,diploma,creator,D+,no,18,100784,derived,"Fee derived from the government's consolidated annual public-TVET fee of Ksh 67,189 (inclusive of assessment fees, effective May 2026, as announced by government and reported by Eastleigh Voice/sector coverage, August 2026), scaled to course duration. Institutes bill per term/year and per-course amounts can differ - confirm with the registrar."
c002,Certificate in Community Health & Development,Kenya Medical Training College (KMTC) — Nairobi Campus,kmtc,Nairobi,public,certificate,carer,C-,no,24,160200,derived,"KMTC publishes one national fee structure across all campuses: Ksh 82,200 in Year 1 and Ksh 78,000 in each subsequent year for regular Kenyan students, 2025/26 structure (kmtc.ac.ke, cross-reported by Tuko, EduGuide and Education News Hub, August 2026). Total here is that schedule multiplied out by course length. Tuition only — accommodation, meals and skills-lab charges are extra and vary by campus. A non-refundable Ksh 1,500 application fee applies. Confirm with the campus before paying. Entry was previously recorded here as a D+ mean grade. That was wrong, and the error is worth naming: D+ is the BIOLOGY SUBJECT requirement for this award, not the mean grade, and it had been written into the mean-grade field. KMTC publishes a minimum KCSE mean grade of C- for every certificate programme, with the cluster-subject requirement on top - for this course a D+ in Biology or Biological Sciences and a D in one of Mathematics, Chemistry, Physics or Physical Sciences. So the C- is needed overall AND the subject grades on top. The duration and the fee moved with it: the certificate runs two years rather than one, so the national schedule multiplies out to Ksh 160,200 instead of Ksh 82,200."
c003,Diploma in Kenya Registered Community Health Nursing (KRCHN),Kenya Medical Training College (KMTC) — Nairobi Campus,kmtc,Nairobi,public,diploma,carer,C+,no,36,238200,derived,"KMTC publishes one national fee structure across all campuses: Ksh 82,200 in Year 1 and Ksh 78,000 in each subsequent year for regular Kenyan students, 2025/26 structure (kmtc.ac.ke, cross-reported by Tuko, EduGuide and Education News Hub, August 2026). Total here is that schedule multiplied out by course length. Tuition only — accommodation, meals and skills-lab charges are extra and vary by campus. A non-refundable Ksh 1,500 application fee applies. Confirm with the campus before paying."
c367,Certificate in Emergency Medical Technician (Paramedic),Kenya Red Cross Training Institute,krcti,Nairobi,private,certificate,carer,C,no,12,300000,published,"The Kenya Red Cross Training Institute publishes this programme at Ksh 300,000 for the whole course, running 12 months full-time or 18 months part-time. Entry is a KCSE mean grade of C plain with at least a C in Biology and in English or Kiswahili, plus Chemistry, Physics or Mathematics. Confirm with the institute before paying."
c527,Diploma in Law (Paralegal Studies),Kenya School of Law,ksl,Nairobi,public,diploma,people,C,no,24,,unpublished,"The Kenya School of Law is a state corporation established under the Kenya School of Law Act, and this is the one programme it runs that a school leaver can enter directly - placement is through KUCCPS, which opened the May 2026 intake in February 2026. Published entry is a KCSE mean grade of C plain with at least a C+ in English or Kiswahili, so the subject grade is the real gate and a C plain alone is not enough. Alternative routes are published too: one principal pass at KACE, a pass in a certificate of law course at an accredited legal education provider, or a certificate of experiential learning from the Council of Legal Education. Two academic years minimum, three maximum. Teaching runs at the Karen campus and the Nairobi Town campus on Moi Avenue, weekday in-person days with virtual evening classes. Njia does not list the Advocates Training Programme, which is the school's better-known course: it is postgraduate and requires a law degree, so it is not a route from KCSE and listing it here would mislead. The school sets its own fees and does not publish a figure for this programme in any source reachable from this build, so it could not be verified and no figure is shown rather than a guessed one - ring the school for the current schedule."
c360,Certificate in Tax Administration,Kenya School of Revenue Administration (KESRA),kesra,Nairobi,public,certificate,numbers,C-,no,12,75000,illustrative,"The Kenya School of Revenue Administration is the Kenya Revenue Authority's own training school for tax, customs and fiscal policy, with its own published fees. The diploma programmes are published at Ksh 150,000 in total, with a non-refundable application fee of Ksh 2,000 for Kenyan applicants, and entry at a KCSE mean grade of C. Confirm with the school before paying."
c359,Diploma in Customs Administration,Kenya School of Revenue Administration (KESRA),kesra,Nairobi,public,diploma,numbers,C,no,24,150000,published,"The Kenya School of Revenue Administration is the Kenya Revenue Authority's own training school for tax, customs and fiscal policy, with its own published fees. The diploma programmes are published at Ksh 150,000 in total, with a non-refundable application fee of Ksh 2,000 for Kenyan applicants, and entry at a KCSE mean grade of C. Confirm with the school before paying."
c358,Diploma in Tax Administration,Kenya School of Revenue Administration (KESRA),kesra,Nairobi,public,diploma,numbers,C,no,24,150000,published,"The Kenya School of Revenue Administration is the Kenya Revenue Authority's own training school for tax, customs and fiscal policy, with its own published fees. The diploma programmes are published at Ksh 150,000 in total, with a non-refundable application fee of Ksh 2,000 for Kenyan applicants, and entry at a KCSE mean grade of C. Confirm with the school before paying."
c430,East Africa Customs and Freight Forwarding Practicing Certificate (EACFFPC),Kenya School of Revenue Administration (KESRA),kesra,Nairobi,public,certificate,business,C-,no,6,35000,published,"The East Africa Customs and Freight Forwarding Practicing Certificate is a MANDATORY licence for customs agents, run jointly by the East African revenue authorities, the EAC Directorate of Customs and the Federation of East African Freight Forwarders Associations, and taught in Kenya through KESRA. Entry is a KCSE C- with at least D+ in Mathematics and English; there is a non-refundable application fee of Ksh 500 and tuition of Ksh 35,000 per semester (kra.go.ke/KESRA programme requirements, cross-reported August 2026). The figure shown is one semester. Sources describe the programme as six months but do not state unambiguously whether that is one semester or two, so budget for the possibility of a second semester at the same rate and confirm with KESRA before enrolling."
c316,Certificate in Food and Beverage Sales and Service,Kenya Utalii College,utalii,Nairobi,public,certificate,business,C-,no,24,165000,illustrative,"Kenya Utalii College is a state corporation under the Ministry of Tourism, NOT a TVET institute on the government's consolidated Ksh 67,189 rate, so that rate must not be used to derive its fees. Published Utalii figures conflict: roughly Ksh 38,850 per semester (about 77,700 a year), a quoted diploma range of Ksh 88,000-92,000, a certificate range of Ksh 80,000-85,000, and one one-year certificate quoted at Ksh 125,900. Njia will not choose among those and call the result verified, so the figure shown is an illustrative annual-equivalent scaled to course length and is flagged as such. Entry grades are from KUCCPS: a KCSE mean grade of C plain for diplomas and C- for certificates. Confirm the current fee and the exact programme list with the college or on the KUCCPS student portal before you decide."
c314,Certificate in Food Production,Kenya Utalii College,utalii,Nairobi,public,certificate,creator,C-,no,30,206250,illustrative,"Kenya Utalii College is a state corporation under the Ministry of Tourism, NOT a TVET institute on the government's consolidated Ksh 67,189 rate, so that rate must not be used to derive its fees. Published Utalii figures conflict: roughly Ksh 38,850 per semester (about 77,700 a year), a quoted diploma range of Ksh 88,000-92,000, a certificate range of Ksh 80,000-85,000, and one one-year certificate quoted at Ksh 125,900. Njia will not choose among those and call the result verified, so the figure shown is an illustrative annual-equivalent scaled to course length and is flagged as such. Entry grades are from KUCCPS: a KCSE mean grade of C plain for diplomas and C- for certificates. Confirm the current fee and the exact programme list with the college or on the KUCCPS student portal before you decide."
c315,Certificate in Front Office Operations,Kenya Utalii College,utalii,Nairobi,public,certificate,people,C-,no,18,123750,illustrative,"Kenya Utalii College is a state corporation under the Ministry of Tourism, NOT a TVET institute on the government's consolidated Ksh 67,189 rate, so that rate must not be used to derive its fees. Published Utalii figures conflict: roughly Ksh 38,850 per semester (about 77,700 a year), a quoted diploma range of Ksh 88,000-92,000, a certificate range of Ksh 80,000-85,000, and one one-year certificate quoted at Ksh 125,900. Njia will not choose among those and call the result verified, so the figure shown is an illustrative annual-equivalent scaled to course length and is flagged as such. Entry grades are from KUCCPS: a KCSE mean grade of C plain for diplomas and C- for certificates. Confirm the current fee and the exact programme list with the college or on the KUCCPS student portal before you decide."
c317,Certificate in Housekeeping and Laundry,Kenya Utalii College,utalii,Nairobi,public,certificate,business,C-,no,12,82500,illustrative,"Kenya Utalii College is a state corporation under the Ministry of Tourism, NOT a TVET institute on the government's consolidated Ksh 67,189 rate, so that rate must not be used to derive its fees. Published Utalii figures conflict: roughly Ksh 38,850 per semester (about 77,700 a year), a quoted diploma range of Ksh 88,000-92,000, a certificate range of Ksh 80,000-85,000, and one one-year certificate quoted at Ksh 125,900. Njia will not choose among those and call the result verified, so the figure shown is an illustrative annual-equivalent scaled to course length and is flagged as such. Entry grades are from KUCCPS: a KCSE mean grade of C plain for diplomas and C- for certificates. Confirm the current fee and the exact programme list with the college or on the KUCCPS student portal before you decide."
c313,Certificate in Tour Guiding and Administration,Kenya Utalii College,utalii,Nairobi,public,certificate,business,C-,no,12,82500,illustrative,"Kenya Utalii College is a state corporation under the Ministry of Tourism, NOT a TVET institute on the government's consolidated Ksh 67,189 rate, so that rate must not be used to derive its fees. Published Utalii figures conflict: roughly Ksh 38,850 per semester (about 77,700 a year), a quoted diploma range of Ksh 88,000-92,000, a certificate range of Ksh 80,000-85,000, and one one-year certificate quoted at Ksh 125,900. Njia will not choose among those and call the result verified, so the figure shown is an illustrative annual-equivalent scaled to course length and is flagged as such. Entry grades are from KUCCPS: a KCSE mean grade of C plain for diplomas and C- for certificates. Confirm the current fee and the exact programme list with the college or on the KUCCPS student portal before you decide."
c312,Certificate in Travel Operations,Kenya Utalii College,utalii,Nairobi,public,certificate,business,C-,no,12,82500,illustrative,"Kenya Utalii College is a state corporation under the Ministry of Tourism, NOT a TVET institute on the government's consolidated Ksh 67,189 rate, so that rate must not be used to derive its fees. Published Utalii figures conflict: roughly Ksh 38,850 per semester (about 77,700 a year), a quoted diploma range of Ksh 88,000-92,000, a certificate range of Ksh 80,000-85,000, and one one-year certificate quoted at Ksh 125,900. Njia will not choose among those and call the result verified, so the figure shown is an illustrative annual-equivalent scaled to course length and is flagged as such. Entry grades are from KUCCPS: a KCSE mean grade of C plain for diplomas and C- for certificates. Confirm the current fee and the exact programme list with the college or on the KUCCPS student portal before you decide."
c306,Diploma in Culinary Arts,Kenya Utalii College,utalii,Nairobi,public,diploma,creator,C,no,24,180000,illustrative,"Kenya Utalii College is a state corporation under the Ministry of Tourism, NOT a TVET institute on the government's consolidated Ksh 67,189 rate, so that rate must not be used to derive its fees. Published Utalii figures conflict: roughly Ksh 38,850 per semester (about 77,700 a year), a quoted diploma range of Ksh 88,000-92,000, a certificate range of Ksh 80,000-85,000, and one one-year certificate quoted at Ksh 125,900. Njia will not choose among those and call the result verified, so the figure shown is an illustrative annual-equivalent scaled to course length and is flagged as such. Entry grades are from KUCCPS: a KCSE mean grade of C plain for diplomas and C- for certificates. Confirm the current fee and the exact programme list with the college or on the KUCCPS student portal before you decide."
c308,Diploma in Food and Beverage Management,Kenya Utalii College,utalii,Nairobi,public,diploma,business,C,no,24,180000,illustrative,"Kenya Utalii College is a state corporation under the Ministry of Tourism, NOT a TVET institute on the government's consolidated Ksh 67,189 rate, so that rate must not be used to derive its fees. Published Utalii figures conflict: roughly Ksh 38,850 per semester (about 77,700 a year), a quoted diploma range of Ksh 88,000-92,000, a certificate range of Ksh 80,000-85,000, and one one-year certificate quoted at Ksh 125,900. Njia will not choose among those and call the result verified, so the figure shown is an illustrative annual-equivalent scaled to course length and is flagged as such. Entry grades are from KUCCPS: a KCSE mean grade of C plain for diplomas and C- for certificates. Confirm the current fee and the exact programme list with the college or on the KUCCPS student portal before you decide."
c307,Diploma in Front Office Operations,Kenya Utalii College,utalii,Nairobi,public,diploma,people,C,no,24,180000,illustrative,"Kenya Utalii College is a state corporation under the Ministry of Tourism, NOT a TVET institute on the government's consolidated Ksh 67,189 rate, so that rate must not be used to derive its fees. Published Utalii figures conflict: roughly Ksh 38,850 per semester (about 77,700 a year), a quoted diploma range of Ksh 88,000-92,000, a certificate range of Ksh 80,000-85,000, and one one-year certificate quoted at Ksh 125,900. Njia will not choose among those and call the result verified, so the figure shown is an illustrative annual-equivalent scaled to course length and is flagged as such. Entry grades are from KUCCPS: a KCSE mean grade of C plain for diplomas and C- for certificates. Confirm the current fee and the exact programme list with the college or on the KUCCPS student portal before you decide."
c046,Diploma in Hospitality Management,Kenya Utalii College,utalii,Nairobi,public,diploma,business,C,no,24,180000,illustrative,"Kenya Utalii College is a state corporation under the Ministry of Tourism, NOT a TVET institute on the government's consolidated Ksh 67,189 rate, so that rate must not be used to derive its fees. Published Utalii figures conflict: roughly Ksh 38,850 per semester (about 77,700 a year), a quoted diploma range of Ksh 88,000-92,000, a certificate range of Ksh 80,000-85,000, and one one-year certificate quoted at Ksh 125,900. Njia will not choose among those and call the result verified, so the figure shown is an illustrative annual-equivalent scaled to course length and is flagged as such. Entry grades are from KUCCPS: a KCSE mean grade of C plain for diplomas and C- for certificates. Confirm the current fee and the exact programme list with the college or on the KUCCPS student portal before you decide."
c309,Diploma in Housekeeping and Laundry Management,Kenya Utalii College,utalii,Nairobi,public,diploma,business,C,no,24,180000,illustrative,"Kenya Utalii College is a state corporation under the Ministry of Tourism, NOT a TVET institute on the government's consolidated Ksh 67,189 rate, so that rate must not be used to derive its fees. Published Utalii figures conflict: roughly Ksh 38,850 per semester (about 77,700 a year), a quoted diploma range of Ksh 88,000-92,000, a certificate range of Ksh 80,000-85,000, and one one-year certificate quoted at Ksh 125,900. Njia will not choose among those and call the result verified, so the figure shown is an illustrative annual-equivalent scaled to course length and is flagged as such. Entry grades are from KUCCPS: a KCSE mean grade of C plain for diplomas and C- for certificates. Confirm the current fee and the exact programme list with the college or on the KUCCPS student portal before you decide."
c311,Diploma in Tour Guiding and Administration,Kenya Utalii College,utalii,Nairobi,public,diploma,business,C,no,24,180000,illustrative,"Kenya Utalii College is a state corporation under the Ministry of Tourism, NOT a TVET institute on the government's consolidated Ksh 67,189 rate, so that rate must not be used to derive its fees. Published Utalii figures conflict: roughly Ksh 38,850 per semester (about 77,700 a year), a quoted diploma range of Ksh 88,000-92,000, a certificate range of Ksh 80,000-85,000, and one one-year certificate quoted at Ksh 125,900. Njia will not choose among those and call the result verified, so the figure shown is an illustrative annual-equivalent scaled to course length and is flagged as such. Entry grades are from KUCCPS: a KCSE mean grade of C plain for diplomas and C- for certificates. Confirm the current fee and the exact programme list with the college or on the KUCCPS student portal before you decide."
c310,Diploma in Travel and Tourism Management,Kenya Utalii College,utalii,Nairobi,public,diploma,business,C,no,24,180000,illustrative,"Kenya Utalii College is a state corporation under the Ministry of Tourism, NOT a TVET institute on the government's consolidated Ksh 67,189 rate, so that rate must not be used to derive its fees. Published Utalii figures conflict: roughly Ksh 38,850 per semester (about 77,700 a year), a quoted diploma range of Ksh 88,000-92,000, a certificate range of Ksh 80,000-85,000, and one one-year certificate quoted at Ksh 125,900. Njia will not choose among those and call the result verified, so the figure shown is an illustrative annual-equivalent scaled to course length and is flagged as such. Entry grades are from KUCCPS: a KCSE mean grade of C plain for diplomas and C- for certificates. Confirm the current fee and the exact programme list with the college or on the KUCCPS student portal before you decide."
c344,Certificate in Water Technology,Kenya Water Institute (KEWI) — Nairobi,kewi,Nairobi,public,certificate,maker,D+,no,12,,unpublished,"The Kenya Water Institute is a state corporation established by the KEWI Act 2001, with campuses in Nairobi, Kitui, Tharaka Nithi and Kisumu, and sets its own fees. Entry is a KCSE C- with Mathematics and English for diploma programmes and around D+ for certificates. Published sources quote optional accommodation at about Ksh 25,960 a semester but no verifiable tuition schedule, so no tuition figure is shown rather than a guessed one — the institute publishes no fee structure that could be confirmed here. Ask the campus directly."
c342,Diploma in Water Engineering,Kenya Water Institute (KEWI) — Nairobi,kewi,Nairobi,public,diploma,maker,C-,no,24,,unpublished,"The Kenya Water Institute is a state corporation established by the KEWI Act 2001, with campuses in Nairobi, Kitui, Tharaka Nithi and Kisumu, and sets its own fees. Entry is a KCSE C- with Mathematics and English for diploma programmes and around D+ for certificates. Published sources quote optional accommodation at about Ksh 25,960 a semester but no verifiable tuition schedule, so no tuition figure is shown rather than a guessed one — the institute publishes no fee structure that could be confirmed here. Ask the campus directly."
c343,Diploma in Water Quality and Laboratory Technology,Kenya Water Institute (KEWI) — Nairobi,kewi,Nairobi,public,diploma,tech,C-,no,24,,unpublished,"The Kenya Water Institute is a state corporation established by the KEWI Act 2001, with campuses in Nairobi, Kitui, Tharaka Nithi and Kisumu, and sets its own fees. Entry is a KCSE C- with Mathematics and English for diploma programmes and around D+ for certificates. Published sources quote optional accommodation at about Ksh 25,960 a semester but no verifiable tuition schedule, so no tuition figure is shown rather than a guessed one — the institute publishes no fee structure that could be confirmed here. Ask the campus directly."
c717,Bachelor of Business and Information Technology,Kiriri Women's University of Science and Technology (KWUST),kwust,Nairobi,private,degree,tech,C+,no,48,,unpublished,"Kiriri Women's University of Science and Technology is a CUE-chartered private university in Nairobi, founded in 2002 and the only women-only university in Kenya - so this programme is open to women applicants only. Programme named in the university's own published academic programmes listing. Entry is recorded at the national CUE and KUCCPS degree minimum of a C+ mean grade. The university also publishes a subject requirement of a C plain in Mathematics and in English, so the mean grade alone is not enough. The university publishes a fee schedule, but its figure for this named programme could not be verified against any source reachable from this build, so none is shown rather than a guessed one. Ring admissions for the current schedule."
c721,Bachelor of Community Development,Kiriri Women's University of Science and Technology (KWUST),kwust,Nairobi,private,degree,people,C+,no,48,,unpublished,"Kiriri Women's University of Science and Technology is a CUE-chartered private university in Nairobi, founded in 2002 and the only women-only university in Kenya - so this programme is open to women applicants only. Programme named in the university's own published academic programmes listing. Entry is recorded at the national CUE and KUCCPS degree minimum of a C+ mean grade. The university also publishes a subject requirement of a C plain in Mathematics and in English, so the mean grade alone is not enough. The university publishes a fee schedule, but its figure for this named programme could not be verified against any source reachable from this build, so none is shown rather than a guessed one. Ring admissions for the current schedule."
c719,Bachelor of Economics and Finance,Kiriri Women's University of Science and Technology (KWUST),kwust,Nairobi,private,degree,numbers,C+,no,48,,unpublished,"Kiriri Women's University of Science and Technology is a CUE-chartered private university in Nairobi, founded in 2002 and the only women-only university in Kenya - so this programme is open to women applicants only. Programme named in the university's own published academic programmes listing. Entry is recorded at the national CUE and KUCCPS degree minimum of a C+ mean grade. The university also publishes a subject requirement of a C plain in Mathematics and in English, so the mean grade alone is not enough. The university publishes a fee schedule, but its figure for this named programme could not be verified against any source reachable from this build, so none is shown rather than a guessed one. Ring admissions for the current schedule."
c720,Bachelor of Procurement and Supplies Management,Kiriri Women's University of Science and Technology (KWUST),kwust,Nairobi,private,degree,business,C+,no,48,,unpublished,"Kiriri Women's University of Science and Technology is a CUE-chartered private university in Nairobi, founded in 2002 and the only women-only university in Kenya - so this programme is open to women applicants only. Programme named in the university's own published academic programmes listing. Entry is recorded at the national CUE and KUCCPS degree minimum of a C+ mean grade. The university also publishes a subject requirement of a C plain in Mathematics and in English, so the mean grade alone is not enough. The university publishes a fee schedule, but its figure for this named programme could not be verified against any source reachable from this build, so none is shown rather than a guessed one. Ring admissions for the current schedule."
c718,Bachelor of Science in Business Administration,Kiriri Women's University of Science and Technology (KWUST),kwust,Nairobi,private,degree,business,C+,no,48,,unpublished,"Kiriri Women's University of Science and Technology is a CUE-chartered private university in Nairobi, founded in 2002 and the only women-only university in Kenya - so this programme is open to women applicants only. Programme named in the university's own published academic programmes listing. Entry is recorded at the national CUE and KUCCPS degree minimum of a C+ mean grade. The university also publishes a subject requirement of a C plain in Mathematics and in English, so the mean grade alone is not enough. The university publishes a fee schedule, but its figure for this named programme could not be verified against any source reachable from this build, so none is shown rather than a guessed one. Ring admissions for the current schedule."
c716,Bachelor of Science in Computer Science,Kiriri Women's University of Science and Technology (KWUST),kwust,Nairobi,private,degree,tech,C+,no,48,,unpublished,"Kiriri Women's University of Science and Technology is a CUE-chartered private university in Nairobi, founded in 2002 and the only women-only university in Kenya - so this programme is open to women applicants only. Programme named in the university's own published academic programmes listing. Entry is recorded at the national CUE and KUCCPS degree minimum of a C+ mean grade. The university also publishes a subject requirement of a C plain in Mathematics and in English, so the mean grade alone is not enough. The university publishes a fee schedule, but its figure for this named programme could not be verified against any source reachable from this build, so none is shown rather than a guessed one. Ring admissions for the current schedule."
c722,Bachelor of Science in Hospitality Management,Kiriri Women's University of Science and Technology (KWUST),kwust,Nairobi,private,degree,business,C+,no,48,,unpublished,"Kiriri Women's University of Science and Technology is a CUE-chartered private university in Nairobi, founded in 2002 and the only women-only university in Kenya - so this programme is open to women applicants only. Programme named in the university's own published academic programmes listing. Entry is recorded at the national CUE and KUCCPS degree minimum of a C+ mean grade. The university also publishes a subject requirement of a C plain in Mathematics and in English, so the mean grade alone is not enough. The university publishes a fee schedule, but its figure for this named programme could not be verified against any source reachable from this build, so none is shown rather than a guessed one. Ring admissions for the current schedule."
c714,Bachelor of Business Information Technology,Management University of Africa (MUA),mua,Nairobi,private,degree,tech,C+,no,48,,unpublished,"The Management University of Africa is a CUE-chartered private university in South C, Nairobi, running a three-semester academic year. Programme named in the university's own published course listing. Entry is recorded at the national CUE and KUCCPS degree minimum of a C+ mean grade. The university also publishes a subject requirement of a C plain in Mathematics and in English or Kiswahili, and accepts a C plain mean grade where the applicant holds a relevant diploma, so the mean grade alone is neither the whole bar nor the only route in. The university publishes a fee schedule, but its figure for this named programme could not be verified against any source reachable from this build, so none is shown rather than a guessed one. Ring admissions for the current schedule."
c712,Bachelor of Commerce,Management University of Africa (MUA),mua,Nairobi,private,degree,business,C+,no,48,,unpublished,"The Management University of Africa is a CUE-chartered private university in South C, Nairobi, running a three-semester academic year. Programme named in the university's own published course listing. Entry is recorded at the national CUE and KUCCPS degree minimum of a C+ mean grade. The university also publishes a subject requirement of a C plain in Mathematics and in English or Kiswahili, and accepts a C plain mean grade where the applicant holds a relevant diploma, so the mean grade alone is neither the whole bar nor the only route in. The university publishes a fee schedule, but its figure for this named programme could not be verified against any source reachable from this build, so none is shown rather than a guessed one. Ring admissions for the current schedule."
c715,Bachelor of Education (Arts),Management University of Africa (MUA),mua,Nairobi,private,degree,people,C+,no,48,,unpublished,"The Management University of Africa is a CUE-chartered private university in South C, Nairobi, running a three-semester academic year. Programme named in the university's own published course listing. Entry is recorded at the national CUE and KUCCPS degree minimum of a C+ mean grade. The university also publishes a subject requirement of a C plain in Mathematics and in English or Kiswahili, and accepts a C plain mean grade where the applicant holds a relevant diploma, so the mean grade alone is neither the whole bar nor the only route in. The university publishes a fee schedule, but its figure for this named programme could not be verified against any source reachable from this build, so none is shown rather than a guessed one. Ring admissions for the current schedule."
c713,Bachelor of Management and Leadership,Management University of Africa (MUA),mua,Nairobi,private,degree,business,C+,no,48,,unpublished,"The Management University of Africa is a CUE-chartered private university in South C, Nairobi, running a three-semester academic year. Programme named in the university's own published course listing. Entry is recorded at the national CUE and KUCCPS degree minimum of a C+ mean grade. The university also publishes a subject requirement of a C plain in Mathematics and in English or Kiswahili, and accepts a C plain mean grade where the applicant holds a relevant diploma, so the mean grade alone is neither the whole bar nor the only route in. The university publishes a fee schedule, but its figure for this named programme could not be verified against any source reachable from this build, so none is shown rather than a guessed one. Ring admissions for the current schedule."
c019,Diploma in Data Science and Analytics,Multimedia University of Kenya,multimedia,Nairobi,public,diploma,tech,C,no,18,,unpublished,"The university does not publish a single per-programme price for this course, and that is the honest answer rather than a gap. Kenya retired the Differentiated Unit Cost in May 2023 for the Student-Centred Funding Model, under which what a student actually pays is set by an assessed means band - scholarship, loan and household contribution combined - rather than by one per-programme price. There is therefore no single number that is true for this course. This record previously displayed a precise-looking total carrying no citation of any kind. Check your own band on the HEF portal and confirm the balance with the university finance office."
c010,Diploma in Film Production,Multimedia University of Kenya,multimedia,Nairobi,public,diploma,creator,C-,no,24,,unpublished,"The university does not publish a single per-programme price for this course, and that is the honest answer rather than a gap. Kenya retired the Differentiated Unit Cost in May 2023 for the Student-Centred Funding Model, under which what a student actually pays is set by an assessed means band - scholarship, loan and household contribution combined - rather than by one per-programme price. There is therefore no single number that is true for this course. This record previously displayed a precise-looking total carrying no citation of any kind. Check your own band on the HEF portal and confirm the balance with the university finance office."
c012,Certificate in Entrepreneurship and Small Business Management,Nairobi Technical Training Institute (NTTI),ntti,Nairobi,public,certificate,business,D,no,6,35000,illustrative,"This sub-year course sits under the government's consolidated annual public-TVET fee of Ksh 67,189 (effective May 2026); short courses are often billed per term rather than pro-rated, so the figure shown remains an estimate - confirm with the registrar."
c024,Certificate in Events Management,Nairobi Technical Training Institute (NTTI),ntti,Nairobi,public,certificate,people,D,no,9,50000,illustrative,"This sub-year course sits under the government's consolidated annual public-TVET fee of Ksh 67,189 (effective May 2026); short courses are often billed per term rather than pro-rated, so the figure shown remains an estimate - confirm with the registrar."
c006,Diploma in Graphic Design & Multimedia,Nairobi Technical Training Institute (NTTI),ntti,Nairobi,public,diploma,creator,D+,no,18,100784,derived,"Fee derived from the government's consolidated annual public-TVET fee of Ksh 67,189 (inclusive of assessment fees, effective May 2026, as announced by government and reported by Eastleigh Voice/sector coverage, August 2026), scaled to course duration. Institutes bill per term/year and per-course amounts can differ - confirm with the registrar."
c016,Diploma in Information Communication Technology (ICT),Nairobi Technical Training Institute (NTTI),ntti,Nairobi,public,diploma,tech,C-,no,24,134378,derived,"Fee derived from the government's consolidated annual public-TVET fee of Ksh 67,189 (inclusive of assessment fees, effective May 2026, as announced by government and reported by Eastleigh Voice/sector coverage, August 2026), scaled to course duration. Institutes bill per term/year and per-course amounts can differ - confirm with the registrar."
c004,Diploma in Social Work and Community Development,Nairobi Technical Training Institute (NTTI),ntti,Nairobi,public,diploma,carer,C-,no,24,134378,derived,"Fee derived from the government's consolidated annual public-TVET fee of Ksh 67,189 (inclusive of assessment fees, effective May 2026, as announced by government and reported by Eastleigh Voice/sector coverage, August 2026), scaled to course duration. Institutes bill per term/year and per-course amounts can differ - confirm with the registrar."
c349,Certificate in Railway Operations,Railway Training Institute (RTI),rti,Nairobi,public,certificate,maker,D+,no,12,,unpublished,"The Railway Training Institute is a public TVET institution under the Ministry of Transport, training for railway, transport and logistics roles. Fee figures circulating online (roughly Ksh 8,000 to 14,000) are for one-to-four-week SHORT courses and must not be read as diploma fees; the institute does not publish a diploma or certificate fee schedule in any source available here, so no figure is shown rather than a wrong one. Confirm with the institute."
c347,Diploma in Railway Engineering,Railway Training Institute (RTI),rti,Nairobi,public,diploma,maker,C-,no,24,,unpublished,"The Railway Training Institute is a public TVET institution under the Ministry of Transport, training for railway, transport and logistics roles. Fee figures circulating online (roughly Ksh 8,000 to 14,000) are for one-to-four-week SHORT courses and must not be read as diploma fees; the institute does not publish a diploma or certificate fee schedule in any source available here, so no figure is shown rather than a wrong one. Confirm with the institute."
c348,Diploma in Transport and Logistics Management,Railway Training Institute (RTI),rti,Nairobi,public,diploma,business,C-,no,24,,unpublished,"The Railway Training Institute is a public TVET institution under the Ministry of Transport, training for railway, transport and logistics roles. Fee figures circulating online (roughly Ksh 8,000 to 14,000) are for one-to-four-week SHORT courses and must not be read as diploma fees; the institute does not publish a diploma or certificate fee schedule in any source available here, so no figure is shown rather than a wrong one. Confirm with the institute."
c525,Bachelor of Business Administration,Riara University,riara,Nairobi,private,degree,business,C+,no,48,820000,illustrative,"Fee derived from Riara University's published tuition schedule for THIS NAMED PROGRAMME: Bachelor of Business Administration at Ksh 97,300 per semester, plus the registration fee of Ksh 3,700 charged every semester and a one-off Ksh 12,000 for degree courses (Riara University fee structure, cross-reported 2026). Two semesters an academic year over four years gives eight semesters: 8 x Ksh 101,000 + Ksh 12,000 = Ksh 820,000. ONLY THIS COURSE IS PRICED FROM IT. Riara publishes per-programme rather than one institutional rate and states that courses with practical components - computing, engineering, hospitality - attract higher fees, so this figure is NOT transferred to the university's other records: those keep a null fee and say the figure could not be verified for them. Tuition and mandatory charges only; accommodation, meals and examination extras are additional. Confirm with the finance office before paying."
c524,Bachelor of Computer Science,Riara University,riara,Nairobi,private,degree,tech,C+,no,48,,unpublished,"Riara University is a CUE-chartered private university on Mbagathi Way, Nairobi. Programme named in the university's published course listing. Entry is recorded at the national CUE and KUCCPS degree minimum of a C+ mean grade; confirm the exact requirement with admissions, because a private university sets its own bar and may ask for more. The university publishes no fee for this programme in any source reachable from this build, so it could not be verified and no figure is shown rather than a guessed one - ring admissions for the current schedule."
c526,Bachelor of Education (Arts),Riara University,riara,Nairobi,private,degree,people,C+,no,48,,unpublished,"Riara University is a CUE-chartered private university on Mbagathi Way, Nairobi. Programme named in the university's published course listing. Entry is recorded at the national CUE and KUCCPS degree minimum of a C+ mean grade, with at least a C+ in the relevant cluster subjects for the programme; confirm the exact requirement with admissions, because a private university sets its own bar and may ask for more. The university publishes no fee for this programme in any source reachable from this build, so it could not be verified and no figure is shown rather than a guessed one - ring admissions for the current schedule."
c070,Bachelor of Laws (LLB),Riara University,riara,Nairobi,private,degree,people,B+,no,48,,unpublished,"This course previously displayed a precise-looking tuition figure that was never observed anywhere. An audit found the same value repeated across unrelated institutions - Ksh 420,000 appeared on twelve different degrees at twelve different universities, public and private, from nursing to design to actuarial science - which is not what real fee data looks like. It was a placeholder, so it has been removed rather than left wearing a caveat. The figure could not be verified against any source reachable here, so nothing is shown. Ask the institution directly; if it is a public university, note that a single per-programme price no longer exists."
c013,Bachelor of Commerce (Marketing option),Strathmore University,strathmore,Nairobi,private,degree,business,B,no,48,,unpublished,"This course previously displayed a precise-looking tuition figure that was never observed anywhere. An audit found the same value repeated across unrelated institutions - Ksh 420,000 appeared on twelve different degrees at twelve different universities, public and private, from nursing to design to actuarial science - which is not what real fee data looks like. It was a placeholder, so it has been removed rather than left wearing a caveat. The figure could not be verified against any source reachable here, so nothing is shown. Ask the institution directly; if it is a public university, note that a single per-programme price no longer exists."
c711,Bachelor of Laws (LLB),Strathmore University,strathmore,Nairobi,private,degree,people,B,no,48,2051438,derived,"Programme total published by Strathmore Law School: Ksh 2,051,438 for the four-year, eight-semester LLB, confirmed against two independent reports of the same schedule (about Ksh 250,000-258,000 a semester) and stated to cover lectures, course materials, a laptop and an academic trip abroad. fee_observed is NOT set: this is read from reporting of the schedule rather than off the university own current fee structure, so the record stays derived rather than published. ENTRY IS THE PUBLISHED BAR, NOT THE EXCEPTION: the school states an aggregate KCSE B with a B in English or Kiswahili, and that a B- may exceptionally be considered - B is recorded, because the exception is discretionary and recording B- would quote the bar low. A grade alone does not secure a place: every candidate meeting the requirement sits a University entrance examination in English (Ksh 2,000) and an oral interview, and this is reported as the most selective LLB entry in the country. The July intake is the published single intake for this programme, which is why it is stated here rather than left to the catalogue default cycle."
c528,Bachelor of Science in Hospitality Management,Strathmore University,strathmore,Nairobi,private,degree,business,C+,no,48,,unpublished,"Strathmore University is a CUE-chartered private university in Nairobi. Programme named in its published prospectus, and this is the one undergraduate programme for which a C+ mean grade is explicitly published - most Strathmore degrees ask a B plain or a B- minus, so do not read this entry as the university's general bar. Every applicant must additionally pass the Strathmore entrance examination in Mathematics and English and an oral interview, which no KCSE grade substitutes for. The university publishes no fee for this programme in any source reachable from this build, so it could not be verified and no figure is shown rather than a guessed one."
c727,Bachelor of Arts in Child and Youth Studies,Tangaza University,tangaza,Nairobi,private,degree,people,C+,no,48,,unpublished,"Tangaza University is a CUE-chartered Catholic private university in Lang'ata, Nairobi. Programme named in the university's own published undergraduate programmes listing. Entry is recorded at the national CUE and KUCCPS degree minimum of a C+ mean grade. Tangaza additionally requires a C+ in the subjects of specialisation, so the mean grade alone is not enough, and it accepts a KACE certificate with two principal passes and one subsidiary, or a CUE-recognised Diploma in Secondary Education, as alternative routes in. The university publishes a fee schedule, but its figure for this named programme could not be verified against any source reachable from this build, so none is shown rather than a guessed one. Ring admissions for the current schedule."
c724,Bachelor of Arts in Counselling Psychology,Tangaza University,tangaza,Nairobi,private,degree,people,C+,no,48,,unpublished,"Tangaza University is a CUE-chartered Catholic private university in Lang'ata, Nairobi. Programme named in the university's own published undergraduate programmes listing. Entry is recorded at the national CUE and KUCCPS degree minimum of a C+ mean grade. Tangaza additionally requires a C+ in the subjects of specialisation, so the mean grade alone is not enough, and it accepts a KACE certificate with two principal passes and one subsidiary, or a CUE-recognised Diploma in Secondary Education, as alternative routes in. The university publishes a fee schedule, but its figure for this named programme could not be verified against any source reachable from this build, so none is shown rather than a guessed one. Ring admissions for the current schedule."
c726,Bachelor of Arts in Leadership and Management,Tangaza University,tangaza,Nairobi,private,degree,business,C+,no,48,,unpublished,"Tangaza University is a CUE-chartered Catholic private university in Lang'ata, Nairobi. Programme named in the university's own published undergraduate programmes listing. Entry is recorded at the national CUE and KUCCPS degree minimum of a C+ mean grade. Tangaza additionally requires a C+ in the subjects of specialisation, so the mean grade alone is not enough, and it accepts a KACE certificate with two principal passes and one subsidiary, or a CUE-recognised Diploma in Secondary Education, as alternative routes in. The university publishes a fee schedule, but its figure for this named programme could not be verified against any source reachable from this build, so none is shown rather than a guessed one. Ring admissions for the current schedule."
c723,Bachelor of Arts in Philosophy,Tangaza University,tangaza,Nairobi,private,degree,people,C+,no,48,,unpublished,"Tangaza University is a CUE-chartered Catholic private university in Lang'ata, Nairobi. Programme named in the university's own published undergraduate programmes listing. Entry is recorded at the national CUE and KUCCPS degree minimum of a C+ mean grade. Tangaza additionally requires a C+ in the subjects of specialisation, so the mean grade alone is not enough, and it accepts a KACE certificate with two principal passes and one subsidiary, or a CUE-recognised Diploma in Secondary Education, as alternative routes in. The university publishes a fee schedule, but its figure for this named programme could not be verified against any source reachable from this build, so none is shown rather than a guessed one. Ring admissions for the current schedule."
c725,Bachelor of Arts in Social Communication,Tangaza University,tangaza,Nairobi,private,degree,creator,C+,no,48,,unpublished,"Tangaza University is a CUE-chartered Catholic private university in Lang'ata, Nairobi. Programme named in the university's own published undergraduate programmes listing. Entry is recorded at the national CUE and KUCCPS degree minimum of a C+ mean grade. Tangaza additionally requires a C+ in the subjects of specialisation, so the mean grade alone is not enough, and it accepts a KACE certificate with two principal passes and one subsidiary, or a CUE-recognised Diploma in Secondary Education, as alternative routes in. The university publishes a fee schedule, but its figure for this named programme could not be verified against any source reachable from this build, so none is shown rather than a guessed one. Ring admissions for the current schedule."
c728,Bachelor of Education (Science),Tangaza University,tangaza,Nairobi,private,degree,people,C+,no,48,,unpublished,"Tangaza University is a CUE-chartered Catholic private university in Lang'ata, Nairobi. Programme named in the university's own published undergraduate programmes listing. Entry is recorded at the national CUE and KUCCPS degree minimum of a C+ mean grade. Tangaza additionally requires a C+ in the subjects of specialisation, so the mean grade alone is not enough, and it accepts a KACE certificate with two principal passes and one subsidiary, or a CUE-recognised Diploma in Secondary Education, as alternative routes in. The university publishes a fee schedule, but its figure for this named programme could not be verified against any source reachable from this build, so none is shown rather than a guessed one. Ring admissions for the current schedule."
c538,Bachelor of Co-operative Business,The Co-operative University of Kenya,cuk,Nairobi,public,degree,business,C+,no,48,,unpublished,"The Co-operative University of Kenya is a public university with its main campus at Karen and a second campus in Nairobi, and had not been listed here at all. Programme named in the university's published programme list. It does not publish a single per-programme price, and that is the honest answer rather than a gap: Kenya retired the Differentiated Unit Cost in May 2023 for the Student-Centred Funding Model, under which what a student pays is set by an assessed means band rather than by one per-programme figure. No fee is shown rather than a guessed one. Published degree entry is a KCSE mean grade of C+. The university also publishes alternative routes that matter for a reader who did not reach C+ at school: two principal passes at KACE, completion of KNQF level 6, or a CUK/KNEC certificate or diploma from an accredited institution."
c540,Bachelor of Co-operatives and Community Development,The Co-operative University of Kenya,cuk,Nairobi,public,degree,people,C+,no,48,,unpublished,"The Co-operative University of Kenya is a public university with its main campus at Karen and a second campus in Nairobi, and had not been listed here at all. Programme named in the university's published programme list. It does not publish a single per-programme price, and that is the honest answer rather than a gap: Kenya retired the Differentiated Unit Cost in May 2023 for the Student-Centred Funding Model, under which what a student pays is set by an assessed means band rather than by one per-programme figure. No fee is shown rather than a guessed one. Published degree entry is a KCSE mean grade of C+. The university also publishes alternative routes that matter for a reader who did not reach C+ at school: two principal passes at KACE, completion of KNQF level 6, or a CUK/KNEC certificate or diploma from an accredited institution."
c539,Bachelor of Commerce,The Co-operative University of Kenya,cuk,Nairobi,public,degree,business,C+,no,48,,unpublished,"The Co-operative University of Kenya is a public university with its main campus at Karen and a second campus in Nairobi, and had not been listed here at all. Programme named in the university's published programme list. It does not publish a single per-programme price, and that is the honest answer rather than a gap: Kenya retired the Differentiated Unit Cost in May 2023 for the Student-Centred Funding Model, under which what a student pays is set by an assessed means band rather than by one per-programme figure. No fee is shown rather than a guessed one. Published degree entry is a KCSE mean grade of C+. The university also publishes alternative routes that matter for a reader who did not reach C+ at school: two principal passes at KACE, completion of KNQF level 6, or a CUK/KNEC certificate or diploma from an accredited institution."
c542,Bachelor of Finance and Investment Management,The Co-operative University of Kenya,cuk,Nairobi,public,degree,numbers,C+,no,48,,unpublished,"The Co-operative University of Kenya is a public university with its main campus at Karen and a second campus in Nairobi, and had not been listed here at all. Programme named in the university's published programme list. It does not publish a single per-programme price, and that is the honest answer rather than a gap: Kenya retired the Differentiated Unit Cost in May 2023 for the Student-Centred Funding Model, under which what a student pays is set by an assessed means band rather than by one per-programme figure. No fee is shown rather than a guessed one. Published degree entry is a KCSE mean grade of C+. The university also publishes alternative routes that matter for a reader who did not reach C+ at school: two principal passes at KACE, completion of KNQF level 6, or a CUK/KNEC certificate or diploma from an accredited institution."
c541,Bachelor of Science in Disaster Risk Management and Sustainable Development,The Co-operative University of Kenya,cuk,Nairobi,public,degree,people,C+,no,48,,unpublished,"The Co-operative University of Kenya is a public university with its main campus at Karen and a second campus in Nairobi, and had not been listed here at all. Programme named in the university's published programme list. It does not publish a single per-programme price, and that is the honest answer rather than a gap: Kenya retired the Differentiated Unit Cost in May 2023 for the Student-Centred Funding Model, under which what a student pays is set by an assessed means band rather than by one per-programme figure. No fee is shown rather than a guessed one. Published degree entry is a KCSE mean grade of C+. The university also publishes alternative routes that matter for a reader who did not reach C+ at school: two principal passes at KACE, completion of KNQF level 6, or a CUK/KNEC certificate or diploma from an accredited institution."
c543,Bachelor of Science in Environmental Economics and Policy,The Co-operative University of Kenya,cuk,Nairobi,public,degree,numbers,C+,no,48,,unpublished,"The Co-operative University of Kenya is a public university with its main campus at Karen and a second campus in Nairobi, and had not been listed here at all. Programme named in the university's published programme list. It does not publish a single per-programme price, and that is the honest answer rather than a gap: Kenya retired the Differentiated Unit Cost in May 2023 for the Student-Centred Funding Model, under which what a student pays is set by an assessed means band rather than by one per-programme figure. No fee is shown rather than a guessed one. Published degree entry is a KCSE mean grade of C+. The university also publishes alternative routes that matter for a reader who did not reach C+ at school: two principal passes at KACE, completion of KNQF level 6, or a CUK/KNEC certificate or diploma from an accredited institution."
c555,Certificate in Co-operative Administration,The Co-operative University of Kenya,cuk,Nairobi,public,certificate,business,D,no,12,,unpublished,"The Co-operative University of Kenya is a public university with its main campus at Karen and a second campus in Nairobi, and had not been listed here at all. Programme named in the university's published programme list. It does not publish a single per-programme price, and that is the honest answer rather than a gap: Kenya retired the Differentiated Unit Cost in May 2023 for the Student-Centred Funding Model, under which what a student pays is set by an assessed means band rather than by one per-programme figure. No fee is shown rather than a guessed one. This is a certificate run through the university's ITVET institute. No certificate-specific minimum grade was published in any source reachable from this build, so the national KUCCPS certificate floor of D plain is recorded rather than a stricter figure invented for it - confirm with admissions. A certificate here is also a published entry route into the university's own diplomas and degrees, which is the reason it is listed."
c554,Certificate in Co-operative Banking,The Co-operative University of Kenya,cuk,Nairobi,public,certificate,numbers,D,no,12,,unpublished,"The Co-operative University of Kenya is a public university with its main campus at Karen and a second campus in Nairobi, and had not been listed here at all. Programme named in the university's published programme list. It does not publish a single per-programme price, and that is the honest answer rather than a gap: Kenya retired the Differentiated Unit Cost in May 2023 for the Student-Centred Funding Model, under which what a student pays is set by an assessed means band rather than by one per-programme figure. No fee is shown rather than a guessed one. This is a certificate run through the university's ITVET institute. No certificate-specific minimum grade was published in any source reachable from this build, so the national KUCCPS certificate floor of D plain is recorded rather than a stricter figure invented for it - confirm with admissions. A certificate here is also a published entry route into the university's own diplomas and degrees, which is the reason it is listed."
c544,Diploma in Business Administration,The Co-operative University of Kenya,cuk,Nairobi,public,diploma,business,C-,no,24,,unpublished,"The Co-operative University of Kenya is a public university with its main campus at Karen and a second campus in Nairobi, and had not been listed here at all. Programme named in the university's published programme list. It does not publish a single per-programme price, and that is the honest answer rather than a gap: Kenya retired the Differentiated Unit Cost in May 2023 for the Student-Centred Funding Model, under which what a student pays is set by an assessed means band rather than by one per-programme figure. No fee is shown rather than a guessed one. This is a diploma run through the university's ITVET institute at Karen and the Nairobi Campus, full time or part time. The university publishes no diploma-specific minimum grade in any source reachable from this build, so the national KUCCPS diploma floor of C- is recorded rather than a stricter figure invented for it - confirm with the admissions office, and note that a certificate can also be the route in."
c545,Diploma in Business Information Technology,The Co-operative University of Kenya,cuk,Nairobi,public,diploma,tech,C-,no,24,,unpublished,"The Co-operative University of Kenya is a public university with its main campus at Karen and a second campus in Nairobi, and had not been listed here at all. Programme named in the university's published programme list. It does not publish a single per-programme price, and that is the honest answer rather than a gap: Kenya retired the Differentiated Unit Cost in May 2023 for the Student-Centred Funding Model, under which what a student pays is set by an assessed means band rather than by one per-programme figure. No fee is shown rather than a guessed one. This is a diploma run through the university's ITVET institute at Karen and the Nairobi Campus, full time or part time. The university publishes no diploma-specific minimum grade in any source reachable from this build, so the national KUCCPS diploma floor of C- is recorded rather than a stricter figure invented for it - confirm with the admissions office, and note that a certificate can also be the route in."
c553,Diploma in Catering and Hotel Management,The Co-operative University of Kenya,cuk,Nairobi,public,diploma,business,C-,no,24,,unpublished,"The Co-operative University of Kenya is a public university with its main campus at Karen and a second campus in Nairobi, and had not been listed here at all. Programme named in the university's published programme list. It does not publish a single per-programme price, and that is the honest answer rather than a gap: Kenya retired the Differentiated Unit Cost in May 2023 for the Student-Centred Funding Model, under which what a student pays is set by an assessed means band rather than by one per-programme figure. No fee is shown rather than a guessed one. This is a diploma run through the university's ITVET institute at Karen and the Nairobi Campus, full time or part time. The university publishes no diploma-specific minimum grade in any source reachable from this build, so the national KUCCPS diploma floor of C- is recorded rather than a stricter figure invented for it - confirm with the admissions office, and note that a certificate can also be the route in."
c547,Diploma in Entrepreneurship,The Co-operative University of Kenya,cuk,Nairobi,public,diploma,business,C-,no,24,,unpublished,"The Co-operative University of Kenya is a public university with its main campus at Karen and a second campus in Nairobi, and had not been listed here at all. Programme named in the university's published programme list. It does not publish a single per-programme price, and that is the honest answer rather than a gap: Kenya retired the Differentiated Unit Cost in May 2023 for the Student-Centred Funding Model, under which what a student pays is set by an assessed means band rather than by one per-programme figure. No fee is shown rather than a guessed one. This is a diploma run through the university's ITVET institute at Karen and the Nairobi Campus, full time or part time. The university publishes no diploma-specific minimum grade in any source reachable from this build, so the national KUCCPS diploma floor of C- is recorded rather than a stricter figure invented for it - confirm with the admissions office, and note that a certificate can also be the route in."
c546,Diploma in Human Resource Management,The Co-operative University of Kenya,cuk,Nairobi,public,diploma,people,C-,no,24,,unpublished,"The Co-operative University of Kenya is a public university with its main campus at Karen and a second campus in Nairobi, and had not been listed here at all. Programme named in the university's published programme list. It does not publish a single per-programme price, and that is the honest answer rather than a gap: Kenya retired the Differentiated Unit Cost in May 2023 for the Student-Centred Funding Model, under which what a student pays is set by an assessed means band rather than by one per-programme figure. No fee is shown rather than a guessed one. This is a diploma run through the university's ITVET institute at Karen and the Nairobi Campus, full time or part time. The university publishes no diploma-specific minimum grade in any source reachable from this build, so the national KUCCPS diploma floor of C- is recorded rather than a stricter figure invented for it - confirm with the admissions office, and note that a certificate can also be the route in."
c552,Diploma in Information Technology,The Co-operative University of Kenya,cuk,Nairobi,public,diploma,tech,C-,no,24,,unpublished,"The Co-operative University of Kenya is a public university with its main campus at Karen and a second campus in Nairobi, and had not been listed here at all. Programme named in the university's published programme list. It does not publish a single per-programme price, and that is the honest answer rather than a gap: Kenya retired the Differentiated Unit Cost in May 2023 for the Student-Centred Funding Model, under which what a student pays is set by an assessed means band rather than by one per-programme figure. No fee is shown rather than a guessed one. This is a diploma run through the university's ITVET institute at Karen and the Nairobi Campus, full time or part time. The university publishes no diploma-specific minimum grade in any source reachable from this build, so the national KUCCPS diploma floor of C- is recorded rather than a stricter figure invented for it - confirm with the admissions office, and note that a certificate can also be the route in."
c551,Diploma in Marketing,The Co-operative University of Kenya,cuk,Nairobi,public,diploma,business,C-,no,24,,unpublished,"The Co-operative University of Kenya is a public university with its main campus at Karen and a second campus in Nairobi, and had not been listed here at all. Programme named in the university's published programme list. It does not publish a single per-programme price, and that is the honest answer rather than a gap: Kenya retired the Differentiated Unit Cost in May 2023 for the Student-Centred Funding Model, under which what a student pays is set by an assessed means band rather than by one per-programme figure. No fee is shown rather than a guessed one. This is a diploma run through the university's ITVET institute at Karen and the Nairobi Campus, full time or part time. The university publishes no diploma-specific minimum grade in any source reachable from this build, so the national KUCCPS diploma floor of C- is recorded rather than a stricter figure invented for it - confirm with the admissions office, and note that a certificate can also be the route in."
c548,Diploma in Microfinance,The Co-operative University of Kenya,cuk,Nairobi,public,diploma,numbers,C-,no,24,,unpublished,"The Co-operative University of Kenya is a public university with its main campus at Karen and a second campus in Nairobi, and had not been listed here at all. Programme named in the university's published programme list. It does not publish a single per-programme price, and that is the honest answer rather than a gap: Kenya retired the Differentiated Unit Cost in May 2023 for the Student-Centred Funding Model, under which what a student pays is set by an assessed means band rather than by one per-programme figure. No fee is shown rather than a guessed one. This is a diploma run through the university's ITVET institute at Karen and the Nairobi Campus, full time or part time. The university publishes no diploma-specific minimum grade in any source reachable from this build, so the national KUCCPS diploma floor of C- is recorded rather than a stricter figure invented for it - confirm with the admissions office, and note that a certificate can also be the route in."
c549,Diploma in Project Management,The Co-operative University of Kenya,cuk,Nairobi,public,diploma,business,C-,no,24,,unpublished,"The Co-operative University of Kenya is a public university with its main campus at Karen and a second campus in Nairobi, and had not been listed here at all. Programme named in the university's published programme list. It does not publish a single per-programme price, and that is the honest answer rather than a gap: Kenya retired the Differentiated Unit Cost in May 2023 for the Student-Centred Funding Model, under which what a student pays is set by an assessed means band rather than by one per-programme figure. No fee is shown rather than a guessed one. This is a diploma run through the university's ITVET institute at Karen and the Nairobi Campus, full time or part time. The university publishes no diploma-specific minimum grade in any source reachable from this build, so the national KUCCPS diploma floor of C- is recorded rather than a stricter figure invented for it - confirm with the admissions office, and note that a certificate can also be the route in."
c550,Diploma in Purchasing and Supplies Management,The Co-operative University of Kenya,cuk,Nairobi,public,diploma,business,C-,no,24,,unpublished,"The Co-operative University of Kenya is a public university with its main campus at Karen and a second campus in Nairobi, and had not been listed here at all. Programme named in the university's published programme list. It does not publish a single per-programme price, and that is the honest answer rather than a gap: Kenya retired the Differentiated Unit Cost in May 2023 for the Student-Centred Funding Model, under which what a student pays is set by an assessed means band rather than by one per-programme figure. No fee is shown rather than a guessed one. This is a diploma run through the university's ITVET institute at Karen and the Nairobi Campus, full time or part time. The university publishes no diploma-specific minimum grade in any source reachable from this build, so the national KUCCPS diploma floor of C- is recorded rather than a stricter figure invented for it - confirm with the admissions office, and note that a certificate can also be the route in."
c007,Certificate in Journalism and Mass Communication,The Technical University of Kenya (TU-K),tuk,Nairobi,public,certificate,creator,C-,no,12,,unpublished,"The university does not publish a single per-programme price for this course, and that is the honest answer rather than a gap. Kenya retired the Differentiated Unit Cost in May 2023 for the Student-Centred Funding Model, under which what a student actually pays is set by an assessed means band - scholarship, loan and household contribution combined - rather than by one per-programme price. There is therefore no single number that is true for this course. This record previously displayed a precise-looking total carrying no citation of any kind. Check your own band on the HEF portal and confirm the balance with the university finance office."
c014,Diploma in Supply Chain Management,The Technical University of Kenya (TU-K),tuk,Nairobi,public,diploma,business,C-,no,24,,unpublished,"The university does not publish a single per-programme price for this course, and that is the honest answer rather than a gap. Kenya retired the Differentiated Unit Cost in May 2023 for the Student-Centred Funding Model, under which what a student actually pays is set by an assessed means band - scholarship, loan and household contribution combined - rather than by one per-programme price. There is therefore no single number that is true for this course. This record previously displayed a precise-looking total carrying no citation of any kind. Check your own band on the HEF portal and confirm the balance with the university finance office."
c744,Bachelor of Arts in Journalism,United States International University - Africa (USIU-Africa),usiu,Nairobi,private,degree,creator,B-,no,48,,unpublished,"United States International University - Africa is a CUE-chartered private university in Kasarani, Nairobi, accredited in both Kenya and the United States. Programme named in the university's own published undergraduate listing. Entry is recorded at the B- mean grade USIU-Africa publishes for direct KCSE entry, which is above the national CUE minimum - the university sets its own bar and this one is higher. The university publishes a fee schedule, but its figure for this named programme could not be verified against any source reachable from this build, so none is shown rather than a guessed one. Ring admissions for the current schedule."
c743,Bachelor of Arts in Psychology,United States International University - Africa (USIU-Africa),usiu,Nairobi,private,degree,people,B-,no,48,,unpublished,"United States International University - Africa is a CUE-chartered private university in Kasarani, Nairobi, accredited in both Kenya and the United States. Programme named in the university's own published undergraduate listing. Entry is recorded at the B- mean grade USIU-Africa publishes for direct KCSE entry, which is above the national CUE minimum - the university sets its own bar and this one is higher. The university publishes a fee schedule, but its figure for this named programme could not be verified against any source reachable from this build, so none is shown rather than a guessed one. Ring admissions for the current schedule."
c741,Bachelor of Science in Applied Computer Technology,United States International University - Africa (USIU-Africa),usiu,Nairobi,private,degree,tech,B-,no,48,,unpublished,"United States International University - Africa is a CUE-chartered private university in Kasarani, Nairobi, accredited in both Kenya and the United States. Programme named in the university's own published undergraduate listing. Entry is recorded at the B- mean grade USIU-Africa publishes for direct KCSE entry, which is above the national CUE minimum - the university sets its own bar and this one is higher. The university publishes a fee schedule, but its figure for this named programme could not be verified against any source reachable from this build, so none is shown rather than a guessed one. Ring admissions for the current schedule."
c042,Bachelor of Science in Data Science,United States International University - Africa (USIU-Africa),usiu,Nairobi,private,degree,tech,B-,no,48,,unpublished,"This course previously displayed a precise-looking tuition figure that was never observed anywhere. An audit found the same value repeated across unrelated institutions - Ksh 420,000 appeared on twelve different degrees at twelve different universities, public and private, from nursing to design to actuarial science - which is not what real fee data looks like. It was a placeholder, so it has been removed rather than left wearing a caveat. The figure could not be verified against any source reachable here, so nothing is shown. Ask the institution directly; if it is a public university, note that a single per-programme price no longer exists."
c742,Bachelor of Science in Information Systems and Technology,United States International University - Africa (USIU-Africa),usiu,Nairobi,private,degree,tech,B-,no,48,,unpublished,"United States International University - Africa is a CUE-chartered private university in Kasarani, Nairobi, accredited in both Kenya and the United States. Programme named in the university's own published undergraduate listing. Entry is recorded at the B- mean grade USIU-Africa publishes for direct KCSE entry, which is above the national CUE minimum - the university sets its own bar and this one is higher. The university publishes a fee schedule, but its figure for this named programme could not be verified against any source reachable from this build, so none is shown rather than a guessed one. Ring admissions for the current schedule."
c740,Bachelor of Science in International Business Administration,United States International University - Africa (USIU-Africa),usiu,Nairobi,private,degree,business,B-,no,36,,unpublished,"United States International University - Africa is a CUE-chartered private university in Kasarani, Nairobi, accredited in both Kenya and the United States. Programme named in the university's own published undergraduate listing. Entry is recorded at the B- mean grade USIU-Africa publishes for direct KCSE entry, which is above the national CUE minimum - the university sets its own bar and this one is higher. The university publishes a fee schedule, but its figure for this named programme could not be verified against any source reachable from this build, so none is shown rather than a guessed one. Ring admissions for the current schedule."
c793,Bachelor of Architecture,University of Nairobi,uon,Nairobi,public,degree,creator,C+,no,60,,unpublished,"The University of Nairobi is Kenya's oldest and largest public university, teaching through nine faculties - Arts, Business and Management Sciences, Engineering, Science and Technology, Health Sciences, Agriculture, Veterinary Medicine, Law and Education - across more than 300 accredited programmes. Programme listed from the national KUCCPS degree programme map against the university's own published faculty structure. Entry is recorded at the national CUE and KUCCPS degree minimum of a C+ mean grade, which is the bar that decides whether this card can appear for you at all. The published subject requirement is a C+ in Mathematics, Physics and English or Kiswahili, and architecture is a five-year professionally accredited programme with a small intake. Confirm the programme code and the current cluster cut-off on the KUCCPS portal for the cycle you are applying in, because placement is competitive and cut-offs move every year. This is a public university, so there is no per-programme price to show: Kenya retired the Differentiated Unit Cost in May 2023 for the Student-Centred Funding Model, under which the university does not publish a single figure for a course - what you pay is set by the band a HELB means test places you in. /help/ explains the five bands and what each leaves the household to find."
c806,Bachelor of Arts in Journalism and Media Studies,University of Nairobi,uon,Nairobi,public,degree,creator,C+,no,48,,unpublished,"The University of Nairobi is Kenya's oldest and largest public university, teaching through nine faculties - Arts, Business and Management Sciences, Engineering, Science and Technology, Health Sciences, Agriculture, Veterinary Medicine, Law and Education - across more than 300 accredited programmes. Programme listed from the national KUCCPS degree programme map against the university's own published faculty structure. Entry is recorded at the national CUE and KUCCPS degree minimum of a C+ mean grade, which is the bar that decides whether this card can appear for you at all. Confirm the programme code and the current cluster cut-off on the KUCCPS portal for the cycle you are applying in, because placement is competitive and cut-offs move every year. This is a public university, so there is no per-programme price to show: Kenya retired the Differentiated Unit Cost in May 2023 for the Student-Centred Funding Model, under which the university does not publish a single figure for a course - what you pay is set by the band a HELB means test places you in. /help/ explains the five bands and what each leaves the household to find."
c026,Bachelor of Commerce (Finance option),University of Nairobi,uon,Nairobi,public,degree,numbers,B,no,48,,unpublished,"This course displayed Ksh 560,000, and the note under it said in plain words that the figure was a four-year mid-range estimate rather than UoN's published price. A hedge written in the note does not survive into the card: the number still rendered to the nearest shilling, under a verification tick, and still fed the affordability sort. It is also the one thing this catalogue will not do — put a single price on a public university degree. Since the Differentiated Unit Cost was retired in May 2023 there is no per-programme price to quote: what a student pays depends on an assessed means band, and the funding model itself is being replaced again for the September 2026 intake. A single per-programme fee could not be verified here for the plain reason that none exists to verify, so the figure is removed rather than left wearing a caveat. Ask the admissions office what your intake is being billed, and read the university funding transition note first."
c785,Bachelor of Dental Surgery (BDS),University of Nairobi,uon,Nairobi,public,degree,carer,C+,no,60,,unpublished,"The University of Nairobi is Kenya's oldest and largest public university, teaching through nine faculties - Arts, Business and Management Sciences, Engineering, Science and Technology, Health Sciences, Agriculture, Veterinary Medicine, Law and Education - across more than 300 accredited programmes. Programme listed from the national KUCCPS degree programme map against the university's own published faculty structure. Entry is recorded at the national CUE and KUCCPS degree minimum of a C+ mean grade, which is the bar that decides whether this card can appear for you at all. The published subject requirement is a B plain in Biology, Chemistry, Mathematics and English or Kiswahili, and dentistry places are among the most competitive in the country. Confirm the programme code and the current cluster cut-off on the KUCCPS portal for the cycle you are applying in, because placement is competitive and cut-offs move every year. This is a public university, so there is no per-programme price to show: Kenya retired the Differentiated Unit Cost in May 2023 for the Student-Centred Funding Model, under which the university does not publish a single figure for a course - what you pay is set by the band a HELB means test places you in. /help/ explains the five bands and what each leaves the household to find."
c802,Bachelor of Education (Arts),University of Nairobi,uon,Nairobi,public,degree,people,C+,no,48,,unpublished,"The University of Nairobi is Kenya's oldest and largest public university, teaching through nine faculties - Arts, Business and Management Sciences, Engineering, Science and Technology, Health Sciences, Agriculture, Veterinary Medicine, Law and Education - across more than 300 accredited programmes. Programme listed from the national KUCCPS degree programme map against the university's own published faculty structure. Entry is recorded at the national CUE and KUCCPS degree minimum of a C+ mean grade, which is the bar that decides whether this card can appear for you at all. Confirm the programme code and the current cluster cut-off on the KUCCPS portal for the cycle you are applying in, because placement is competitive and cut-offs move every year. This is a public university, so there is no per-programme price to show: Kenya retired the Differentiated Unit Cost in May 2023 for the Student-Centred Funding Model, under which the university does not publish a single figure for a course - what you pay is set by the band a HELB means test places you in. /help/ explains the five bands and what each leaves the household to find."
c803,Bachelor of Education (Science),University of Nairobi,uon,Nairobi,public,degree,people,C+,no,48,,unpublished,"The University of Nairobi is Kenya's oldest and largest public university, teaching through nine faculties - Arts, Business and Management Sciences, Engineering, Science and Technology, Health Sciences, Agriculture, Veterinary Medicine, Law and Education - across more than 300 accredited programmes. Programme listed from the national KUCCPS degree programme map against the university's own published faculty structure. Entry is recorded at the national CUE and KUCCPS degree minimum of a C+ mean grade, which is the bar that decides whether this card can appear for you at all. Confirm the programme code and the current cluster cut-off on the KUCCPS portal for the cycle you are applying in, because placement is competitive and cut-offs move every year. This is a public university, so there is no per-programme price to show: Kenya retired the Differentiated Unit Cost in May 2023 for the Student-Centred Funding Model, under which the university does not publish a single figure for a course - what you pay is set by the band a HELB means test places you in. /help/ explains the five bands and what each leaves the household to find."
c801,Bachelor of Laws (LLB),University of Nairobi,uon,Nairobi,public,degree,people,C+,no,48,,unpublished,"The University of Nairobi is Kenya's oldest and largest public university, teaching through nine faculties - Arts, Business and Management Sciences, Engineering, Science and Technology, Health Sciences, Agriculture, Veterinary Medicine, Law and Education - across more than 300 accredited programmes. Programme listed from the national KUCCPS degree programme map against the university's own published faculty structure. Entry is recorded at the national CUE and KUCCPS degree minimum of a C+ mean grade, which is the bar that decides whether this card can appear for you at all. The Council of Legal Education requires a B plain in English or Kiswahili on top of the mean grade, so the C+ alone does not open this programme. Confirm the programme code and the current cluster cut-off on the KUCCPS portal for the cycle you are applying in, because placement is competitive and cut-offs move every year. This is a public university, so there is no per-programme price to show: Kenya retired the Differentiated Unit Cost in May 2023 for the Student-Centred Funding Model, under which the university does not publish a single figure for a course - what you pay is set by the band a HELB means test places you in. /help/ explains the five bands and what each leaves the household to find."
c784,Bachelor of Medicine and Bachelor of Surgery (MBChB),University of Nairobi,uon,Nairobi,public,degree,carer,C+,no,72,,unpublished,"The University of Nairobi is Kenya's oldest and largest public university, teaching through nine faculties - Arts, Business and Management Sciences, Engineering, Science and Technology, Health Sciences, Agriculture, Veterinary Medicine, Law and Education - across more than 300 accredited programmes. Programme listed from the national KUCCPS degree programme map against the university's own published faculty structure. Entry is recorded at the national CUE and KUCCPS degree minimum of a C+ mean grade, which is the bar that decides whether this card can appear for you at all. The published subject requirement is a B plain in Biology, a B plain in Chemistry, a B plain in Mathematics or Physics and a B plain in English or Kiswahili - well above the mean-grade minimum - and placement runs at the very top of the cluster range. Treat the C+ as the door, not the queue. Confirm the programme code and the current cluster cut-off on the KUCCPS portal for the cycle you are applying in, because placement is competitive and cut-offs move every year. This is a public university, so there is no per-programme price to show: Kenya retired the Differentiated Unit Cost in May 2023 for the Student-Centred Funding Model, under which the university does not publish a single figure for a course - what you pay is set by the band a HELB means test places you in. /help/ explains the five bands and what each leaves the household to find."
c786,Bachelor of Pharmacy,University of Nairobi,uon,Nairobi,public,degree,carer,C+,no,60,,unpublished,"The University of Nairobi is Kenya's oldest and largest public university, teaching through nine faculties - Arts, Business and Management Sciences, Engineering, Science and Technology, Health Sciences, Agriculture, Veterinary Medicine, Law and Education - across more than 300 accredited programmes. Programme listed from the national KUCCPS degree programme map against the university's own published faculty structure. Entry is recorded at the national CUE and KUCCPS degree minimum of a C+ mean grade, which is the bar that decides whether this card can appear for you at all. The published subject requirement is a C+ in Biology, Chemistry, Mathematics or Physics and English or Kiswahili, and pharmacy is one of the most competitive placements on the portal. Confirm the programme code and the current cluster cut-off on the KUCCPS portal for the cycle you are applying in, because placement is competitive and cut-offs move every year. This is a public university, so there is no per-programme price to show: Kenya retired the Differentiated Unit Cost in May 2023 for the Student-Centred Funding Model, under which the university does not publish a single figure for a course - what you pay is set by the band a HELB means test places you in. /help/ explains the five bands and what each leaves the household to find."
c794,Bachelor of Quantity Surveying,University of Nairobi,uon,Nairobi,public,degree,numbers,C+,no,48,,unpublished,"The University of Nairobi is Kenya's oldest and largest public university, teaching through nine faculties - Arts, Business and Management Sciences, Engineering, Science and Technology, Health Sciences, Agriculture, Veterinary Medicine, Law and Education - across more than 300 accredited programmes. Programme listed from the national KUCCPS degree programme map against the university's own published faculty structure. Entry is recorded at the national CUE and KUCCPS degree minimum of a C+ mean grade, which is the bar that decides whether this card can appear for you at all. Confirm the programme code and the current cluster cut-off on the KUCCPS portal for the cycle you are applying in, because placement is competitive and cut-offs move every year. This is a public university, so there is no per-programme price to show: Kenya retired the Differentiated Unit Cost in May 2023 for the Student-Centred Funding Model, under which the university does not publish a single figure for a course - what you pay is set by the band a HELB means test places you in. /help/ explains the five bands and what each leaves the household to find."
c795,Bachelor of Real Estate,University of Nairobi,uon,Nairobi,public,degree,business,C+,no,48,,unpublished,"The University of Nairobi is Kenya's oldest and largest public university, teaching through nine faculties - Arts, Business and Management Sciences, Engineering, Science and Technology, Health Sciences, Agriculture, Veterinary Medicine, Law and Education - across more than 300 accredited programmes. Programme listed from the national KUCCPS degree programme map against the university's own published faculty structure. Entry is recorded at the national CUE and KUCCPS degree minimum of a C+ mean grade, which is the bar that decides whether this card can appear for you at all. Confirm the programme code and the current cluster cut-off on the KUCCPS portal for the cycle you are applying in, because placement is competitive and cut-offs move every year. This is a public university, so there is no per-programme price to show: Kenya retired the Differentiated Unit Cost in May 2023 for the Student-Centred Funding Model, under which the university does not publish a single figure for a course - what you pay is set by the band a HELB means test places you in. /help/ explains the five bands and what each leaves the household to find."
c797,Bachelor of Science in Actuarial Science,University of Nairobi,uon,Nairobi,public,degree,numbers,C+,no,48,,unpublished,"The University of Nairobi is Kenya's oldest and largest public university, teaching through nine faculties - Arts, Business and Management Sciences, Engineering, Science and Technology, Health Sciences, Agriculture, Veterinary Medicine, Law and Education - across more than 300 accredited programmes. Programme listed from the national KUCCPS degree programme map against the university's own published faculty structure. Entry is recorded at the national CUE and KUCCPS degree minimum of a C+ mean grade, which is the bar that decides whether this card can appear for you at all. Confirm the programme code and the current cluster cut-off on the KUCCPS portal for the cycle you are applying in, because placement is competitive and cut-offs move every year. This is a public university, so there is no per-programme price to show: Kenya retired the Differentiated Unit Cost in May 2023 for the Student-Centred Funding Model, under which the university does not publish a single figure for a course - what you pay is set by the band a HELB means test places you in. /help/ explains the five bands and what each leaves the household to find."
c804,Bachelor of Science in Agriculture,University of Nairobi,uon,Nairobi,public,degree,maker,C+,no,48,,unpublished,"The University of Nairobi is Kenya's oldest and largest public university, teaching through nine faculties - Arts, Business and Management Sciences, Engineering, Science and Technology, Health Sciences, Agriculture, Veterinary Medicine, Law and Education - across more than 300 accredited programmes. Programme listed from the national KUCCPS degree programme map against the university's own published faculty structure. Entry is recorded at the national CUE and KUCCPS degree minimum of a C+ mean grade, which is the bar that decides whether this card can appear for you at all. Confirm the programme code and the current cluster cut-off on the KUCCPS portal for the cycle you are applying in, because placement is competitive and cut-offs move every year. This is a public university, so there is no per-programme price to show: Kenya retired the Differentiated Unit Cost in May 2023 for the Student-Centred Funding Model, under which the university does not publish a single figure for a course - what you pay is set by the band a HELB means test places you in. /help/ explains the five bands and what each leaves the household to find."
c789,Bachelor of Science in Civil Engineering,University of Nairobi,uon,Nairobi,public,degree,tech,C+,no,60,,unpublished,"The University of Nairobi is Kenya's oldest and largest public university, teaching through nine faculties - Arts, Business and Management Sciences, Engineering, Science and Technology, Health Sciences, Agriculture, Veterinary Medicine, Law and Education - across more than 300 accredited programmes. Programme listed from the national KUCCPS degree programme map against the university's own published faculty structure. Entry is recorded at the national CUE and KUCCPS degree minimum of a C+ mean grade, which is the bar that decides whether this card can appear for you at all. The published subject requirement is a C+ in Mathematics, Physics, Chemistry and English or Kiswahili. Engineering cut-offs sit well above the mean-grade minimum and the programme is accredited by the Engineers Board of Kenya. Confirm the programme code and the current cluster cut-off on the KUCCPS portal for the cycle you are applying in, because placement is competitive and cut-offs move every year. This is a public university, so there is no per-programme price to show: Kenya retired the Differentiated Unit Cost in May 2023 for the Student-Centred Funding Model, under which the university does not publish a single figure for a course - what you pay is set by the band a HELB means test places you in. /help/ explains the five bands and what each leaves the household to find."
c796,Bachelor of Science in Computer Science,University of Nairobi,uon,Nairobi,public,degree,tech,C+,no,48,,unpublished,"The University of Nairobi is Kenya's oldest and largest public university, teaching through nine faculties - Arts, Business and Management Sciences, Engineering, Science and Technology, Health Sciences, Agriculture, Veterinary Medicine, Law and Education - across more than 300 accredited programmes. Programme listed from the national KUCCPS degree programme map against the university's own published faculty structure. Entry is recorded at the national CUE and KUCCPS degree minimum of a C+ mean grade, which is the bar that decides whether this card can appear for you at all. Confirm the programme code and the current cluster cut-off on the KUCCPS portal for the cycle you are applying in, because placement is competitive and cut-offs move every year. This is a public university, so there is no per-programme price to show: Kenya retired the Differentiated Unit Cost in May 2023 for the Student-Centred Funding Model, under which the university does not publish a single figure for a course - what you pay is set by the band a HELB means test places you in. /help/ explains the five bands and what each leaves the household to find."
c800,Bachelor of Science in Economics,University of Nairobi,uon,Nairobi,public,degree,numbers,C+,no,48,,unpublished,"The University of Nairobi is Kenya's oldest and largest public university, teaching through nine faculties - Arts, Business and Management Sciences, Engineering, Science and Technology, Health Sciences, Agriculture, Veterinary Medicine, Law and Education - across more than 300 accredited programmes. Programme listed from the national KUCCPS degree programme map against the university's own published faculty structure. Entry is recorded at the national CUE and KUCCPS degree minimum of a C+ mean grade, which is the bar that decides whether this card can appear for you at all. Confirm the programme code and the current cluster cut-off on the KUCCPS portal for the cycle you are applying in, because placement is competitive and cut-offs move every year. This is a public university, so there is no per-programme price to show: Kenya retired the Differentiated Unit Cost in May 2023 for the Student-Centred Funding Model, under which the university does not publish a single figure for a course - what you pay is set by the band a HELB means test places you in. /help/ explains the five bands and what each leaves the household to find."
c790,Bachelor of Science in Electrical and Electronic Engineering,University of Nairobi,uon,Nairobi,public,degree,tech,C+,no,60,,unpublished,"The University of Nairobi is Kenya's oldest and largest public university, teaching through nine faculties - Arts, Business and Management Sciences, Engineering, Science and Technology, Health Sciences, Agriculture, Veterinary Medicine, Law and Education - across more than 300 accredited programmes. Programme listed from the national KUCCPS degree programme map against the university's own published faculty structure. Entry is recorded at the national CUE and KUCCPS degree minimum of a C+ mean grade, which is the bar that decides whether this card can appear for you at all. The published subject requirement is a C+ in Mathematics, Physics, Chemistry and English or Kiswahili. Engineering cut-offs sit well above the mean-grade minimum and the programme is accredited by the Engineers Board of Kenya. Confirm the programme code and the current cluster cut-off on the KUCCPS portal for the cycle you are applying in, because placement is competitive and cut-offs move every year. This is a public university, so there is no per-programme price to show: Kenya retired the Differentiated Unit Cost in May 2023 for the Student-Centred Funding Model, under which the university does not publish a single figure for a course - what you pay is set by the band a HELB means test places you in. /help/ explains the five bands and what each leaves the household to find."
c805,Bachelor of Science in Food Science and Technology,University of Nairobi,uon,Nairobi,public,degree,maker,C+,no,48,,unpublished,"The University of Nairobi is Kenya's oldest and largest public university, teaching through nine faculties - Arts, Business and Management Sciences, Engineering, Science and Technology, Health Sciences, Agriculture, Veterinary Medicine, Law and Education - across more than 300 accredited programmes. Programme listed from the national KUCCPS degree programme map against the university's own published faculty structure. Entry is recorded at the national CUE and KUCCPS degree minimum of a C+ mean grade, which is the bar that decides whether this card can appear for you at all. Confirm the programme code and the current cluster cut-off on the KUCCPS portal for the cycle you are applying in, because placement is competitive and cut-offs move every year. This is a public university, so there is no per-programme price to show: Kenya retired the Differentiated Unit Cost in May 2023 for the Student-Centred Funding Model, under which the university does not publish a single figure for a course - what you pay is set by the band a HELB means test places you in. /help/ explains the five bands and what each leaves the household to find."
c799,Bachelor of Science in Geology,University of Nairobi,uon,Nairobi,public,degree,maker,C+,no,48,,unpublished,"The University of Nairobi is Kenya's oldest and largest public university, teaching through nine faculties - Arts, Business and Management Sciences, Engineering, Science and Technology, Health Sciences, Agriculture, Veterinary Medicine, Law and Education - across more than 300 accredited programmes. Programme listed from the national KUCCPS degree programme map against the university's own published faculty structure. Entry is recorded at the national CUE and KUCCPS degree minimum of a C+ mean grade, which is the bar that decides whether this card can appear for you at all. Confirm the programme code and the current cluster cut-off on the KUCCPS portal for the cycle you are applying in, because placement is competitive and cut-offs move every year. This is a public university, so there is no per-programme price to show: Kenya retired the Differentiated Unit Cost in May 2023 for the Student-Centred Funding Model, under which the university does not publish a single figure for a course - what you pay is set by the band a HELB means test places you in. /help/ explains the five bands and what each leaves the household to find."
c792,Bachelor of Science in Geospatial Engineering,University of Nairobi,uon,Nairobi,public,degree,tech,C+,no,60,,unpublished,"The University of Nairobi is Kenya's oldest and largest public university, teaching through nine faculties - Arts, Business and Management Sciences, Engineering, Science and Technology, Health Sciences, Agriculture, Veterinary Medicine, Law and Education - across more than 300 accredited programmes. Programme listed from the national KUCCPS degree programme map against the university's own published faculty structure. Entry is recorded at the national CUE and KUCCPS degree minimum of a C+ mean grade, which is the bar that decides whether this card can appear for you at all. The published subject requirement is a C+ in Mathematics, Physics, Chemistry and English or Kiswahili. Engineering cut-offs sit well above the mean-grade minimum and the programme is accredited by the Engineers Board of Kenya. Confirm the programme code and the current cluster cut-off on the KUCCPS portal for the cycle you are applying in, because placement is competitive and cut-offs move every year. This is a public university, so there is no per-programme price to show: Kenya retired the Differentiated Unit Cost in May 2023 for the Student-Centred Funding Model, under which the university does not publish a single figure for a course - what you pay is set by the band a HELB means test places you in. /help/ explains the five bands and what each leaves the household to find."
c791,Bachelor of Science in Mechanical Engineering,University of Nairobi,uon,Nairobi,public,degree,tech,C+,no,60,,unpublished,"The University of Nairobi is Kenya's oldest and largest public university, teaching through nine faculties - Arts, Business and Management Sciences, Engineering, Science and Technology, Health Sciences, Agriculture, Veterinary Medicine, Law and Education - across more than 300 accredited programmes. Programme listed from the national KUCCPS degree programme map against the university's own published faculty structure. Entry is recorded at the national CUE and KUCCPS degree minimum of a C+ mean grade, which is the bar that decides whether this card can appear for you at all. The published subject requirement is a C+ in Mathematics, Physics, Chemistry and English or Kiswahili. Engineering cut-offs sit well above the mean-grade minimum and the programme is accredited by the Engineers Board of Kenya. Confirm the programme code and the current cluster cut-off on the KUCCPS portal for the cycle you are applying in, because placement is competitive and cut-offs move every year. This is a public university, so there is no per-programme price to show: Kenya retired the Differentiated Unit Cost in May 2023 for the Student-Centred Funding Model, under which the university does not publish a single figure for a course - what you pay is set by the band a HELB means test places you in. /help/ explains the five bands and what each leaves the household to find."
c798,Bachelor of Science in Meteorology,University of Nairobi,uon,Nairobi,public,degree,tech,C+,no,48,,unpublished,"The University of Nairobi is Kenya's oldest and largest public university, teaching through nine faculties - Arts, Business and Management Sciences, Engineering, Science and Technology, Health Sciences, Agriculture, Veterinary Medicine, Law and Education - across more than 300 accredited programmes. Programme listed from the national KUCCPS degree programme map against the university's own published faculty structure. Entry is recorded at the national CUE and KUCCPS degree minimum of a C+ mean grade, which is the bar that decides whether this card can appear for you at all. Confirm the programme code and the current cluster cut-off on the KUCCPS portal for the cycle you are applying in, because placement is competitive and cut-offs move every year. This is a public university, so there is no per-programme price to show: Kenya retired the Differentiated Unit Cost in May 2023 for the Student-Centred Funding Model, under which the university does not publish a single figure for a course - what you pay is set by the band a HELB means test places you in. /help/ explains the five bands and what each leaves the household to find."
c787,Bachelor of Science in Nursing,University of Nairobi,uon,Nairobi,public,degree,carer,C+,no,48,,unpublished,"The University of Nairobi is Kenya's oldest and largest public university, teaching through nine faculties - Arts, Business and Management Sciences, Engineering, Science and Technology, Health Sciences, Agriculture, Veterinary Medicine, Law and Education - across more than 300 accredited programmes. Programme listed from the national KUCCPS degree programme map against the university's own published faculty structure. Entry is recorded at the national CUE and KUCCPS degree minimum of a C+ mean grade, which is the bar that decides whether this card can appear for you at all. The published subject requirement is a C+ in Biology, Chemistry, Mathematics or Physics and English or Kiswahili, and nursing places are heavily oversubscribed. Confirm the programme code and the current cluster cut-off on the KUCCPS portal for the cycle you are applying in, because placement is competitive and cut-offs move every year. This is a public university, so there is no per-programme price to show: Kenya retired the Differentiated Unit Cost in May 2023 for the Student-Centred Funding Model, under which the university does not publish a single figure for a course - what you pay is set by the band a HELB means test places you in. /help/ explains the five bands and what each leaves the household to find."
c807,Bachelor of Science in Nutrition and Dietetics,University of Nairobi,uon,Nairobi,public,degree,carer,C+,no,48,,unpublished,"The University of Nairobi is Kenya's oldest and largest public university, teaching through nine faculties - Arts, Business and Management Sciences, Engineering, Science and Technology, Health Sciences, Agriculture, Veterinary Medicine, Law and Education - across more than 300 accredited programmes. Programme listed from the national KUCCPS degree programme map against the university's own published faculty structure. Entry is recorded at the national CUE and KUCCPS degree minimum of a C+ mean grade, which is the bar that decides whether this card can appear for you at all. The published subject requirement is a C+ in Biology, Chemistry and Mathematics or Physics. Confirm the programme code and the current cluster cut-off on the KUCCPS portal for the cycle you are applying in, because placement is competitive and cut-offs move every year. This is a public university, so there is no per-programme price to show: Kenya retired the Differentiated Unit Cost in May 2023 for the Student-Centred Funding Model, under which the university does not publish a single figure for a course - what you pay is set by the band a HELB means test places you in. /help/ explains the five bands and what each leaves the household to find."
c788,Bachelor of Veterinary Medicine (BVM),University of Nairobi,uon,Nairobi,public,degree,carer,C+,no,60,,unpublished,"The University of Nairobi is Kenya's oldest and largest public university, teaching through nine faculties - Arts, Business and Management Sciences, Engineering, Science and Technology, Health Sciences, Agriculture, Veterinary Medicine, Law and Education - across more than 300 accredited programmes. Programme listed from the national KUCCPS degree programme map against the university's own published faculty structure. Entry is recorded at the national CUE and KUCCPS degree minimum of a C+ mean grade, which is the bar that decides whether this card can appear for you at all. The published subject requirement is a C+ in Biology and Chemistry with a C in Mathematics, Physics or Agriculture; veterinary medicine runs at one of the smaller intakes in the country. Confirm the programme code and the current cluster cut-off on the KUCCPS portal for the cycle you are applying in, because placement is competitive and cut-offs move every year. This is a public university, so there is no per-programme price to show: Kenya retired the Differentiated Unit Cost in May 2023 for the Student-Centred Funding Model, under which the university does not publish a single figure for a course - what you pay is set by the band a HELB means test places you in. /help/ explains the five bands and what each leaves the household to find."
c215,Trade Test in Electric Welding,"YMCA National Training Institute, Shauri Moyo",ymca_nti,Nairobi,private,artisan,maker,,yes,12,,unpublished,"NITA trade-testing centre run by YMCA Kenya at Shauri Moyo, founded 1966 and the long-standing technical institute for Nairobi's Eastlands. Entry is a KCPE certificate or a KCSE mean grade of D- and below, and secondary school leavers who did not finish qualify - so min_grade is null. The institute publishes no fee structure, so no figure is shown rather than a guessed one."
c216,Trade Test in Hairdressing and Beauty,"YMCA National Training Institute, Shauri Moyo",ymca_nti,Nairobi,private,artisan,creator,,yes,12,,unpublished,"NITA trade-testing centre run by YMCA Kenya at Shauri Moyo, founded 1966 and the long-standing technical institute for Nairobi's Eastlands. Entry is a KCPE certificate or a KCSE mean grade of D- and below, and secondary school leavers who did not finish qualify - so min_grade is null. The institute publishes no fee structure, so no figure is shown rather than a guessed one."
c214,Trade Test in Motor Vehicle Mechanics,"YMCA National Training Institute, Shauri Moyo",ymca_nti,Nairobi,private,artisan,maker,,yes,12,,unpublished,"NITA trade-testing centre run by YMCA Kenya at Shauri Moyo, founded 1966 and the long-standing technical institute for Nairobi's Eastlands. Entry is a KCPE certificate or a KCSE mean grade of D- and below, and secondary school leavers who did not finish qualify - so min_grade is null. The institute publishes no fee structure, so no figure is shown rather than a guessed one."
c213,Trade Test in Plumber Pipe Fitter,"YMCA National Training Institute, Shauri Moyo",ymca_nti,Nairobi,private,artisan,maker,,yes,12,,unpublished,"NITA trade-testing centre run by YMCA Kenya at Shauri Moyo, founded 1966 and the long-standing technical institute for Nairobi's Eastlands. Entry is a KCPE certificate or a KCSE mean grade of D- and below, and secondary school leavers who did not finish qualify - so min_grade is null. The institute publishes no fee structure, so no figure is shown rather than a guessed one."
c402,Certificate in Agriculture and Community Development (CDACC Level 5),Baraka Agricultural College,baraka,Nakuru,private,certificate,maker,D,no,12,,unpublished,"Baraka Agricultural College is a TVETA-registered private college at Molo teaching TVET CDACC curricula, assessed nationally like any other CDACC provider. Entry is a KCSE C- and above for diplomas and a D plain for certificates. The college does not publish a fee schedule in any source reachable here, so no figure is shown rather than a guessed one — fees vary by programme and the admissions office quotes them directly."
c401,Diploma in Agriculture and Extension (CDACC Level 6),Baraka Agricultural College,baraka,Nakuru,private,diploma,people,C-,no,24,,unpublished,"Baraka Agricultural College is a TVETA-registered private college at Molo teaching TVET CDACC curricula, assessed nationally like any other CDACC provider. Entry is a KCSE C- and above for diplomas and a D plain for certificates. The college does not publish a fee schedule in any source reachable here, so no figure is shown rather than a guessed one — fees vary by programme and the admissions office quotes them directly."
c400,Diploma in Animal Production (CDACC Level 6),Baraka Agricultural College,baraka,Nakuru,private,diploma,maker,C-,no,24,,unpublished,"Baraka Agricultural College is a TVETA-registered private college at Molo teaching TVET CDACC curricula, assessed nationally like any other CDACC provider. Entry is a KCSE C- and above for diplomas and a D plain for certificates. The college does not publish a fee schedule in any source reachable here, so no figure is shown rather than a guessed one — fees vary by programme and the admissions office quotes them directly."
c399,Diploma in Sustainable Agriculture and Rural Development (CDACC Level 6),Baraka Agricultural College,baraka,Nakuru,private,diploma,maker,C-,no,24,,unpublished,"Baraka Agricultural College is a TVETA-registered private college at Molo teaching TVET CDACC curricula, assessed nationally like any other CDACC provider. Entry is a KCSE C- and above for diplomas and a D plain for certificates. The college does not publish a fee schedule in any source reachable here, so no figure is shown rather than a guessed one — fees vary by programme and the admissions office quotes them directly."
c690,Artisan in Dairy Farm Management,"Dairy Training Institute (DTI), Naivasha",dti_naivasha,Nakuru,public,artisan,maker,,yes,6,47800,derived,"Fee of Ksh 47,800 for the six-month course, duration and entry requirement are as published in the State Department for Livestock Development 2026 training intake advertisement (Ministry of Agriculture and Livestock Development), reported by The Kenya Times and Education News Hub, and cross-read against the institute course listings on colleges.co.ke and Elimu Centre, September 2026. Entry is a KCSE or KCE certificate rather than a mean grade, so this is open entry and no grade is recorded. That is the published requirement, not an inference: the artisan tier here asks for the certificate, not a pass mark, which is why a learner with an E clears it. The figure is the institute's own published course fee rather than a rate derived from the consolidated TVET figure; confirm it against the current intake letter before paying."
c691,Artisan in Dairy Plant Management,"Dairy Training Institute (DTI), Naivasha",dti_naivasha,Nakuru,public,artisan,maker,,yes,6,47800,derived,"Fee of Ksh 47,800 for the six-month course, duration and entry requirement are as published in the State Department for Livestock Development 2026 training intake advertisement (Ministry of Agriculture and Livestock Development), reported by The Kenya Times and Education News Hub, and cross-read against the institute course listings on colleges.co.ke and Elimu Centre, September 2026. Entry is a KCSE or KCE certificate rather than a mean grade, so this is open entry and no grade is recorded. That is the published requirement, not an inference: the artisan tier here asks for the certificate, not a pass mark, which is why a learner with an E clears it. Applications for the artisan courses close earlier than the rest of the intake — 24 April for the 2026 cycle against 22 May for diploma and certificate — so check the artisan deadline specifically."
c692,Certificate in Dairy Production and Processing,"Dairy Training Institute (DTI), Naivasha",dti_naivasha,Nakuru,public,certificate,maker,D+,no,12,71800,derived,"Fee of Ksh 71,800 and the entry requirement of a KCSE mean grade of D+ with a D in Biology are as published by the institute and reported alongside the State Department for Livestock Development 2026 training intake advertisement (Ministry of Agriculture and Livestock Development), reported by The Kenya Times and Education News Hub, and cross-read against the institute course listings on colleges.co.ke and Elimu Centre, September 2026. A non-refundable application fee of Ksh 1,000 is charged separately and is not included in this figure."
c693,Certificate in Dairy Technology and Management,"Dairy Training Institute (DTI), Naivasha",dti_naivasha,Nakuru,public,certificate,maker,D+,no,12,71800,derived,"Fee of Ksh 71,800 and the KCSE D+ entry requirement are as published by the institute and reported alongside the State Department for Livestock Development 2026 training intake advertisement (Ministry of Agriculture and Livestock Development), reported by The Kenya Times and Education News Hub, and cross-read against the institute course listings on colleges.co.ke and Elimu Centre, September 2026. A non-refundable application fee of Ksh 1,000 is charged separately."
c694,Diploma in Dairy Production and Processing,"Dairy Training Institute (DTI), Naivasha",dti_naivasha,Nakuru,public,diploma,maker,C-,no,30,165300,derived,"The institute publishes a RANGE of Ksh 160,300 to 165,300 for this course rather than a single total, so the upper bound is recorded — quoting a fee high leaves a reader prepared, quoting it low does not. Entry is a KCSE mean grade of C- with C- in Biology and one other science. Duration of five semesters and both figures per the institute's published requirements, read alongside the State Department for Livestock Development 2026 training intake advertisement (Ministry of Agriculture and Livestock Development), reported by The Kenya Times and Education News Hub, and cross-read against the institute course listings on colleges.co.ke and Elimu Centre, September 2026."
c406,Certificate in Agriculture,Egerton University,egerton,Nakuru,public,certificate,maker,D+,no,12,,unpublished,"Egerton University is Kenya's foremost agricultural university and takes KUCCPS placement; entry is a KCSE C- and above for diploma programmes and D+ for certificates. Its fee schedule is published per programme but was not reachable from the sources available here, so no figure is shown rather than a guessed one. Note that public university funding is mid-transition — see the notice on the Funding tab before assuming what you would actually pay."
c403,Diploma in Agricultural Education and Extension,Egerton University,egerton,Nakuru,public,diploma,people,C-,no,36,,unpublished,"Egerton University is Kenya's foremost agricultural university and takes KUCCPS placement; entry is a KCSE C- and above for diploma programmes and D+ for certificates. Its fee schedule is published per programme but was not reachable from the sources available here, so no figure is shown rather than a guessed one. Note that public university funding is mid-transition — see the notice on the Funding tab before assuming what you would actually pay."
c405,Diploma in Animal Health and Production,Egerton University,egerton,Nakuru,public,diploma,maker,C-,no,36,,unpublished,"Egerton University is Kenya's foremost agricultural university and takes KUCCPS placement; entry is a KCSE C- and above for diploma programmes and D+ for certificates. Its fee schedule is published per programme but was not reachable from the sources available here, so no figure is shown rather than a guessed one. Note that public university funding is mid-transition — see the notice on the Funding tab before assuming what you would actually pay."
c404,Diploma in Horticulture,Egerton University,egerton,Nakuru,public,diploma,maker,C-,no,36,,unpublished,"Egerton University is Kenya's foremost agricultural university and takes KUCCPS placement; entry is a KCSE C- and above for diploma programmes and D+ for certificates. Its fee schedule is published per programme but was not reachable from the sources available here, so no figure is shown rather than a guessed one. Note that public university funding is mid-transition — see the notice on the Funding tab before assuming what you would actually pay."
c646,Bachelor of Commerce,Kabarak University,kabarak,Nakuru,private,degree,business,C+,no,48,766800,illustrative,"Fee derived from Kabarak University's published fee structure, which sets ONE tuition rate across its undergraduate programmes rather than pricing each course: Ksh 65,000 per semester, plus mandatory administrative charges published as a range of Ksh 29,350-30,850 per semester (kabarak.ac.ke fee structure 2025/26, cross-reported by Business Radar and student-portal coverage, 2026). The university runs TWO semesters an academic year, September and January, fifteen weeks each, per its published academic calendar - so this course's 8 semesters give Ksh 766,800. A FLAT INSTITUTIONAL RATE IS ATTRIBUTABLE TO A NAMED COURSE in a way a per-institution range is not: this is the same kind of derivation KMTC's national schedule supports, not a midpoint of a band. The administrative range is taken at its UPPER bound, because over-quoting a fee leaves a reader prepared while under-quoting sends them short. Tuition and mandatory charges only - accommodation, meals, attachment and graduation are extra, and self-sponsored rates can differ from KUCCPS-placed ones. Confirm with the finance office before paying."
c656,Bachelor of Education (Arts),Kabarak University,kabarak,Nakuru,private,degree,people,C+,no,48,766800,illustrative,"Fee derived from Kabarak University's published fee structure, which sets ONE tuition rate across its undergraduate programmes rather than pricing each course: Ksh 65,000 per semester, plus mandatory administrative charges published as a range of Ksh 29,350-30,850 per semester (kabarak.ac.ke fee structure 2025/26, cross-reported by Business Radar and student-portal coverage, 2026). The university runs TWO semesters an academic year, September and January, fifteen weeks each, per its published academic calendar - so this course's 8 semesters give Ksh 766,800. A FLAT INSTITUTIONAL RATE IS ATTRIBUTABLE TO A NAMED COURSE in a way a per-institution range is not: this is the same kind of derivation KMTC's national schedule supports, not a midpoint of a band. The administrative range is taken at its UPPER bound, because over-quoting a fee leaves a reader prepared while under-quoting sends them short. Tuition and mandatory charges only - accommodation, meals, attachment and graduation are extra, and self-sponsored rates can differ from KUCCPS-placed ones. Confirm with the finance office before paying."
c657,Bachelor of Education (Science),Kabarak University,kabarak,Nakuru,private,degree,people,C+,no,48,766800,illustrative,"Fee derived from Kabarak University's published fee structure, which sets ONE tuition rate across its undergraduate programmes rather than pricing each course: Ksh 65,000 per semester, plus mandatory administrative charges published as a range of Ksh 29,350-30,850 per semester (kabarak.ac.ke fee structure 2025/26, cross-reported by Business Radar and student-portal coverage, 2026). The university runs TWO semesters an academic year, September and January, fifteen weeks each, per its published academic calendar - so this course's 8 semesters give Ksh 766,800. A FLAT INSTITUTIONAL RATE IS ATTRIBUTABLE TO A NAMED COURSE in a way a per-institution range is not: this is the same kind of derivation KMTC's national schedule supports, not a midpoint of a band. The administrative range is taken at its UPPER bound, because over-quoting a fee leaves a reader prepared while under-quoting sends them short. Tuition and mandatory charges only - accommodation, meals, attachment and graduation are extra, and self-sponsored rates can differ from KUCCPS-placed ones. Confirm with the finance office before paying."
c644,Bachelor of Laws (LLB),Kabarak University,kabarak,Nakuru,private,degree,people,C+,no,48,766800,illustrative,"Fee derived from Kabarak University's published fee structure, which sets ONE tuition rate across its undergraduate programmes rather than pricing each course: Ksh 65,000 per semester, plus mandatory administrative charges published as a range of Ksh 29,350-30,850 per semester (kabarak.ac.ke fee structure 2025/26, cross-reported by Business Radar and student-portal coverage, 2026). The university runs TWO semesters an academic year, September and January, fifteen weeks each, per its published academic calendar - so this course's 8 semesters give Ksh 766,800. A FLAT INSTITUTIONAL RATE IS ATTRIBUTABLE TO A NAMED COURSE in a way a per-institution range is not: this is the same kind of derivation KMTC's national schedule supports, not a midpoint of a band. The administrative range is taken at its UPPER bound, because over-quoting a fee leaves a reader prepared while under-quoting sends them short. Tuition and mandatory charges only - accommodation, meals, attachment and graduation are extra, and self-sponsored rates can differ from KUCCPS-placed ones. Confirm with the finance office before paying."
c650,Bachelor of Management Information Systems,Kabarak University,kabarak,Nakuru,private,degree,tech,C+,no,48,766800,illustrative,"Fee derived from Kabarak University's published fee structure, which sets ONE tuition rate across its undergraduate programmes rather than pricing each course: Ksh 65,000 per semester, plus mandatory administrative charges published as a range of Ksh 29,350-30,850 per semester (kabarak.ac.ke fee structure 2025/26, cross-reported by Business Radar and student-portal coverage, 2026). The university runs TWO semesters an academic year, September and January, fifteen weeks each, per its published academic calendar - so this course's 8 semesters give Ksh 766,800. A FLAT INSTITUTIONAL RATE IS ATTRIBUTABLE TO A NAMED COURSE in a way a per-institution range is not: this is the same kind of derivation KMTC's national schedule supports, not a midpoint of a band. The administrative range is taken at its UPPER bound, because over-quoting a fee leaves a reader prepared while under-quoting sends them short. Tuition and mandatory charges only - accommodation, meals, attachment and graduation are extra, and self-sponsored rates can differ from KUCCPS-placed ones. Confirm with the finance office before paying."
c654,Bachelor of Science in Clinical Medicine,Kabarak University,kabarak,Nakuru,private,degree,carer,C+,no,48,766800,illustrative,"Fee derived from Kabarak University's published fee structure, which sets ONE tuition rate across its undergraduate programmes rather than pricing each course: Ksh 65,000 per semester, plus mandatory administrative charges published as a range of Ksh 29,350-30,850 per semester (kabarak.ac.ke fee structure 2025/26, cross-reported by Business Radar and student-portal coverage, 2026). The university runs TWO semesters an academic year, September and January, fifteen weeks each, per its published academic calendar - so this course's 8 semesters give Ksh 766,800. A FLAT INSTITUTIONAL RATE IS ATTRIBUTABLE TO A NAMED COURSE in a way a per-institution range is not: this is the same kind of derivation KMTC's national schedule supports, not a midpoint of a band. The administrative range is taken at its UPPER bound, because over-quoting a fee leaves a reader prepared while under-quoting sends them short. Tuition and mandatory charges only - accommodation, meals, attachment and graduation are extra, and self-sponsored rates can differ from KUCCPS-placed ones. Confirm with the finance office before paying."
c647,Bachelor of Science in Computer Science,Kabarak University,kabarak,Nakuru,private,degree,tech,C+,no,48,766800,illustrative,"Fee derived from Kabarak University's published fee structure, which sets ONE tuition rate across its undergraduate programmes rather than pricing each course: Ksh 65,000 per semester, plus mandatory administrative charges published as a range of Ksh 29,350-30,850 per semester (kabarak.ac.ke fee structure 2025/26, cross-reported by Business Radar and student-portal coverage, 2026). The university runs TWO semesters an academic year, September and January, fifteen weeks each, per its published academic calendar - so this course's 8 semesters give Ksh 766,800. A FLAT INSTITUTIONAL RATE IS ATTRIBUTABLE TO A NAMED COURSE in a way a per-institution range is not: this is the same kind of derivation KMTC's national schedule supports, not a midpoint of a band. The administrative range is taken at its UPPER bound, because over-quoting a fee leaves a reader prepared while under-quoting sends them short. Tuition and mandatory charges only - accommodation, meals, attachment and graduation are extra, and self-sponsored rates can differ from KUCCPS-placed ones. Confirm with the finance office before paying."
c651,Bachelor of Science in Economics,Kabarak University,kabarak,Nakuru,private,degree,numbers,C+,no,48,766800,illustrative,"Fee derived from Kabarak University's published fee structure, which sets ONE tuition rate across its undergraduate programmes rather than pricing each course: Ksh 65,000 per semester, plus mandatory administrative charges published as a range of Ksh 29,350-30,850 per semester (kabarak.ac.ke fee structure 2025/26, cross-reported by Business Radar and student-portal coverage, 2026). The university runs TWO semesters an academic year, September and January, fifteen weeks each, per its published academic calendar - so this course's 8 semesters give Ksh 766,800. A FLAT INSTITUTIONAL RATE IS ATTRIBUTABLE TO A NAMED COURSE in a way a per-institution range is not: this is the same kind of derivation KMTC's national schedule supports, not a midpoint of a band. The administrative range is taken at its UPPER bound, because over-quoting a fee leaves a reader prepared while under-quoting sends them short. Tuition and mandatory charges only - accommodation, meals, attachment and graduation are extra, and self-sponsored rates can differ from KUCCPS-placed ones. Confirm with the finance office before paying."
c652,Bachelor of Science in Economics and Mathematics,Kabarak University,kabarak,Nakuru,private,degree,numbers,C+,no,48,766800,illustrative,"Fee derived from Kabarak University's published fee structure, which sets ONE tuition rate across its undergraduate programmes rather than pricing each course: Ksh 65,000 per semester, plus mandatory administrative charges published as a range of Ksh 29,350-30,850 per semester (kabarak.ac.ke fee structure 2025/26, cross-reported by Business Radar and student-portal coverage, 2026). The university runs TWO semesters an academic year, September and January, fifteen weeks each, per its published academic calendar - so this course's 8 semesters give Ksh 766,800. A FLAT INSTITUTIONAL RATE IS ATTRIBUTABLE TO A NAMED COURSE in a way a per-institution range is not: this is the same kind of derivation KMTC's national schedule supports, not a midpoint of a band. The administrative range is taken at its UPPER bound, because over-quoting a fee leaves a reader prepared while under-quoting sends them short. Tuition and mandatory charges only - accommodation, meals, attachment and graduation are extra, and self-sponsored rates can differ from KUCCPS-placed ones. Confirm with the finance office before paying."
c653,Bachelor of Science in Environmental Science,Kabarak University,kabarak,Nakuru,private,degree,numbers,C+,no,48,766800,illustrative,"Fee derived from Kabarak University's published fee structure, which sets ONE tuition rate across its undergraduate programmes rather than pricing each course: Ksh 65,000 per semester, plus mandatory administrative charges published as a range of Ksh 29,350-30,850 per semester (kabarak.ac.ke fee structure 2025/26, cross-reported by Business Radar and student-portal coverage, 2026). The university runs TWO semesters an academic year, September and January, fifteen weeks each, per its published academic calendar - so this course's 8 semesters give Ksh 766,800. A FLAT INSTITUTIONAL RATE IS ATTRIBUTABLE TO A NAMED COURSE in a way a per-institution range is not: this is the same kind of derivation KMTC's national schedule supports, not a midpoint of a band. The administrative range is taken at its UPPER bound, because over-quoting a fee leaves a reader prepared while under-quoting sends them short. Tuition and mandatory charges only - accommodation, meals, attachment and graduation are extra, and self-sponsored rates can differ from KUCCPS-placed ones. Confirm with the finance office before paying."
c648,Bachelor of Science in Information Technology,Kabarak University,kabarak,Nakuru,private,degree,tech,C+,no,48,766800,illustrative,"Fee derived from Kabarak University's published fee structure, which sets ONE tuition rate across its undergraduate programmes rather than pricing each course: Ksh 65,000 per semester, plus mandatory administrative charges published as a range of Ksh 29,350-30,850 per semester (kabarak.ac.ke fee structure 2025/26, cross-reported by Business Radar and student-portal coverage, 2026). The university runs TWO semesters an academic year, September and January, fifteen weeks each, per its published academic calendar - so this course's 8 semesters give Ksh 766,800. A FLAT INSTITUTIONAL RATE IS ATTRIBUTABLE TO A NAMED COURSE in a way a per-institution range is not: this is the same kind of derivation KMTC's national schedule supports, not a midpoint of a band. The administrative range is taken at its UPPER bound, because over-quoting a fee leaves a reader prepared while under-quoting sends them short. Tuition and mandatory charges only - accommodation, meals, attachment and graduation are extra, and self-sponsored rates can differ from KUCCPS-placed ones. Confirm with the finance office before paying."
c072,Bachelor of Science in Nursing,Kabarak University,kabarak,Nakuru,private,degree,carer,B,no,48,766800,illustrative,"Fee derived from Kabarak University's published fee structure, which sets ONE tuition rate across its undergraduate programmes rather than pricing each course: Ksh 65,000 per semester, plus mandatory administrative charges published as a range of Ksh 29,350-30,850 per semester (kabarak.ac.ke fee structure 2025/26, cross-reported by Business Radar and student-portal coverage, 2026). The university runs TWO semesters an academic year, September and January, fifteen weeks each, per its published academic calendar - so this course's 8 semesters give Ksh 766,800. A FLAT INSTITUTIONAL RATE IS ATTRIBUTABLE TO A NAMED COURSE in a way a per-institution range is not: this is the same kind of derivation KMTC's national schedule supports, not a midpoint of a band. The administrative range is taken at its UPPER bound, because over-quoting a fee leaves a reader prepared while under-quoting sends them short. Tuition and mandatory charges only - accommodation, meals, attachment and graduation are extra, and self-sponsored rates can differ from KUCCPS-placed ones. Confirm with the finance office before paying."
c649,Bachelor of Science in Telecommunications,Kabarak University,kabarak,Nakuru,private,degree,tech,C+,no,48,766800,illustrative,"Fee derived from Kabarak University's published fee structure, which sets ONE tuition rate across its undergraduate programmes rather than pricing each course: Ksh 65,000 per semester, plus mandatory administrative charges published as a range of Ksh 29,350-30,850 per semester (kabarak.ac.ke fee structure 2025/26, cross-reported by Business Radar and student-portal coverage, 2026). The university runs TWO semesters an academic year, September and January, fifteen weeks each, per its published academic calendar - so this course's 8 semesters give Ksh 766,800. A FLAT INSTITUTIONAL RATE IS ATTRIBUTABLE TO A NAMED COURSE in a way a per-institution range is not: this is the same kind of derivation KMTC's national schedule supports, not a midpoint of a band. The administrative range is taken at its UPPER bound, because over-quoting a fee leaves a reader prepared while under-quoting sends them short. Tuition and mandatory charges only - accommodation, meals, attachment and graduation are extra, and self-sponsored rates can differ from KUCCPS-placed ones. Confirm with the finance office before paying."
c655,Bachelor of Theology,Kabarak University,kabarak,Nakuru,private,degree,people,C+,no,48,766800,illustrative,"Fee derived from Kabarak University's published fee structure, which sets ONE tuition rate across its undergraduate programmes rather than pricing each course: Ksh 65,000 per semester, plus mandatory administrative charges published as a range of Ksh 29,350-30,850 per semester (kabarak.ac.ke fee structure 2025/26, cross-reported by Business Radar and student-portal coverage, 2026). The university runs TWO semesters an academic year, September and January, fifteen weeks each, per its published academic calendar - so this course's 8 semesters give Ksh 766,800. A FLAT INSTITUTIONAL RATE IS ATTRIBUTABLE TO A NAMED COURSE in a way a per-institution range is not: this is the same kind of derivation KMTC's national schedule supports, not a midpoint of a band. The administrative range is taken at its UPPER bound, because over-quoting a fee leaves a reader prepared while under-quoting sends them short. Tuition and mandatory charges only - accommodation, meals, attachment and graduation are extra, and self-sponsored rates can differ from KUCCPS-placed ones. Confirm with the finance office before paying."
c645,Diploma in Law,Kabarak University,kabarak,Nakuru,private,diploma,people,C-,no,24,383400,illustrative,"Fee derived from Kabarak University's published fee structure, which sets ONE tuition rate across its undergraduate programmes rather than pricing each course: Ksh 65,000 per semester, plus mandatory administrative charges published as a range of Ksh 29,350-30,850 per semester (kabarak.ac.ke fee structure 2025/26, cross-reported by Business Radar and student-portal coverage, 2026). The university runs TWO semesters an academic year, September and January, fifteen weeks each, per its published academic calendar - so this course's 4 semesters give Ksh 383,400. A FLAT INSTITUTIONAL RATE IS ATTRIBUTABLE TO A NAMED COURSE in a way a per-institution range is not: this is the same kind of derivation KMTC's national schedule supports, not a midpoint of a band. The administrative range is taken at its UPPER bound, because over-quoting a fee leaves a reader prepared while under-quoting sends them short. Tuition and mandatory charges only - accommodation, meals, attachment and graduation are extra, and self-sponsored rates can differ from KUCCPS-placed ones. Confirm with the finance office before paying."
c340,Certificate in Geothermal Drilling Technology,KenGen Geothermal Training Centre,kengen_gtc,Nakuru,public,certificate,maker,C-,no,12,,unpublished,"The KenGen Geothermal Training Centre at Olkaria is KenGen's centre of excellence and trains for geothermal operations across the region. No fee structure was published in the sources available here, so no figure is shown rather than a guessed one — this centre publishes no fee schedule that could be verified. Much of its provision is short-course and industry-sponsored, so ask about sponsorship before assuming you would pay privately."
c339,Certificate in Geothermal Steamfield Operations,KenGen Geothermal Training Centre,kengen_gtc,Nakuru,public,certificate,maker,C-,no,12,,unpublished,"The KenGen Geothermal Training Centre at Olkaria is KenGen's centre of excellence and trains for geothermal operations across the region. No fee structure was published in the sources available here, so no figure is shown rather than a guessed one — this centre publishes no fee schedule that could be verified. Much of its provision is short-course and industry-sponsored, so ask about sponsorship before assuming you would pay privately."
c341,"Certificate in Health, Safety and Environment in Geothermal Operations",KenGen Geothermal Training Centre,kengen_gtc,Nakuru,public,certificate,maker,C-,no,6,,unpublished,"The KenGen Geothermal Training Centre at Olkaria is KenGen's centre of excellence and trains for geothermal operations across the region. No fee structure was published in the sources available here, so no figure is shown rather than a guessed one — this centre publishes no fee schedule that could be verified. Much of its provision is short-course and industry-sponsored, so ask about sponsorship before assuming you would pay privately."
c157,Certificate in Community Health Assistant,Kenya Medical Training College (KMTC) — Nakuru Campus,kmtc_nakuru,Nakuru,public,certificate,carer,C-,no,24,160200,derived,"KMTC publishes one national fee structure across all campuses, so this figure does not depend on which campus you attend: Ksh 82,200 in Year 1 and Ksh 78,000 in each subsequent year for regular Kenyan students, 2025/26 structure (kmtc.ac.ke, cross-reported by Tuko, EduGuide and Education News Hub, August 2026). Totals here are that schedule multiplied out by course length. Tuition only — accommodation, meals and skills-lab charges are extra and vary by campus. A non-refundable Ksh 1,500 application fee applies. Confirm with the campus before paying. Entry was previously recorded here as a D+ mean grade. That was wrong, and the error is worth naming: D+ is the BIOLOGY SUBJECT requirement for this award, not the mean grade, and it had been written into the mean-grade field. KMTC publishes a minimum KCSE mean grade of C- for every certificate programme, with the cluster-subject requirement on top - for this course a D+ in Biology or Biological Sciences and a D in one of Mathematics, Chemistry, Physics or Physical Sciences. So the C- is needed overall AND the subject grades on top. The duration and the fee moved with it: the certificate runs two years rather than one, so the national schedule multiplies out to Ksh 160,200 instead of Ksh 82,200."
c156,Diploma in Kenya Registered Community Health Nursing (KRCHN),Kenya Medical Training College (KMTC) — Nakuru Campus,kmtc_nakuru,Nakuru,public,diploma,carer,C+,no,36,238200,derived,"KMTC publishes one national fee structure across all campuses, so this figure does not depend on which campus you attend: Ksh 82,200 in Year 1 and Ksh 78,000 in each subsequent year for regular Kenyan students, 2025/26 structure (kmtc.ac.ke, cross-reported by Tuko, EduGuide and Education News Hub, August 2026). Totals here are that schedule multiplied out by course length. Tuition only — accommodation, meals and skills-lab charges are extra and vary by campus. A non-refundable Ksh 1,500 application fee applies. Confirm with the campus before paying."
c337,Certificate in Pipeline Fire and Safety Officer,Morendat Institute of Oil and Gas (MIOG),miog,Nakuru,public,certificate,maker,C-,no,12,,unpublished,"Morendat Institute of Oil and Gas is owned by the Kenya Pipeline Company and operates as a centre of excellence for the energy sector, so it is not on the consolidated public-TVET rate. No fee structure was published in the sources available here, so no figure is shown rather than a guessed one — this institute publishes no fee schedule that could be verified. Ask MIOG directly, and ask specifically whether KPC sponsorship or industry attachment applies to your programme."
c336,Certificate in Pipeline Instrumentation and Control Technician,Morendat Institute of Oil and Gas (MIOG),miog,Nakuru,public,certificate,tech,C-,no,12,,unpublished,"Morendat Institute of Oil and Gas is owned by the Kenya Pipeline Company and operates as a centre of excellence for the energy sector, so it is not on the consolidated public-TVET rate. No fee structure was published in the sources available here, so no figure is shown rather than a guessed one — this institute publishes no fee schedule that could be verified. Ask MIOG directly, and ask specifically whether KPC sponsorship or industry attachment applies to your programme."
c338,Certificate in Pipeline Laboratory Technologist,Morendat Institute of Oil and Gas (MIOG),miog,Nakuru,public,certificate,tech,C-,no,12,,unpublished,"Morendat Institute of Oil and Gas is owned by the Kenya Pipeline Company and operates as a centre of excellence for the energy sector, so it is not on the consolidated public-TVET rate. No fee structure was published in the sources available here, so no figure is shown rather than a guessed one — this institute publishes no fee schedule that could be verified. Ask MIOG directly, and ask specifically whether KPC sponsorship or industry attachment applies to your programme."
c335,Certificate in Pipeline Maintenance Technician,Morendat Institute of Oil and Gas (MIOG),miog,Nakuru,public,certificate,maker,C-,no,12,,unpublished,"Morendat Institute of Oil and Gas is owned by the Kenya Pipeline Company and operates as a centre of excellence for the energy sector, so it is not on the consolidated public-TVET rate. No fee structure was published in the sources available here, so no figure is shown rather than a guessed one — this institute publishes no fee schedule that could be verified. Ask MIOG directly, and ask specifically whether KPC sponsorship or industry attachment applies to your programme."
c334,Certificate in Pipeline Operations Technician,Morendat Institute of Oil and Gas (MIOG),miog,Nakuru,public,certificate,maker,C-,no,12,,unpublished,"Morendat Institute of Oil and Gas is owned by the Kenya Pipeline Company and operates as a centre of excellence for the energy sector, so it is not on the consolidated public-TVET rate. No fee structure was published in the sources available here, so no figure is shown rather than a guessed one — this institute publishes no fee schedule that could be verified. Ask MIOG directly, and ask specifically whether KPC sponsorship or industry attachment applies to your programme."
c333,Diploma in Oil and Gas Economics,Morendat Institute of Oil and Gas (MIOG),miog,Nakuru,public,diploma,numbers,C,no,24,,unpublished,"Morendat Institute of Oil and Gas is owned by the Kenya Pipeline Company and operates as a centre of excellence for the energy sector, so it is not on the consolidated public-TVET rate. No fee structure was published in the sources available here, so no figure is shown rather than a guessed one — this institute publishes no fee schedule that could be verified. Ask MIOG directly, and ask specifically whether KPC sponsorship or industry attachment applies to your programme."
c469,Artisan in Electrical,Kaiboi National Polytechnic,kaiboi_poly,Nandi,public,artisan,maker,,yes,12,67189,derived,"Programme named in Kaiboi National Polytechnic's published course list as Artisan in Electrical (KNEC), capped at 40 trainees. The polytechnic publishes its entry bars as C- and above for diploma and D- and above for certificate, ""while artisan courses are open"", so no KCSE mean grade is recorded. Upgraded from Kaiboi Technical Training Institute to national polytechnic in 2024. Fee derived from the government's consolidated annual public-TVET fee of Ksh 67,189 (effective May 2026). Artisan fees vary more than diploma fees and published per-institution figures conflict, so treat this as an order of magnitude and confirm with the registrar."
c131,Certificate in Community Health Assistant,Kenya Medical Training College (KMTC) — Kapsabet Campus,kmtc_nandi,Nandi,public,certificate,carer,C-,no,24,160200,derived,"KMTC publishes one national fee structure across all campuses, so this figure does not depend on which campus you attend: Ksh 82,200 in Year 1 and Ksh 78,000 in each subsequent year for regular Kenyan students, 2025/26 structure (kmtc.ac.ke, cross-reported by Tuko, EduGuide and Education News Hub, August 2026). Totals here are that schedule multiplied out by course length. Tuition only — accommodation, meals and skills-lab charges are extra and vary by campus. A non-refundable Ksh 1,500 application fee applies. Confirm with the campus before paying. Entry was previously recorded here as a D+ mean grade. That was wrong, and the error is worth naming: D+ is the BIOLOGY SUBJECT requirement for this award, not the mean grade, and it had been written into the mean-grade field. KMTC publishes a minimum KCSE mean grade of C- for every certificate programme, with the cluster-subject requirement on top - for this course a D+ in Biology or Biological Sciences and a D in one of Mathematics, Chemistry, Physics or Physical Sciences. So the C- is needed overall AND the subject grades on top. The duration and the fee moved with it: the certificate runs two years rather than one, so the national schedule multiplies out to Ksh 160,200 instead of Ksh 82,200."
c130,Diploma in Kenya Registered Community Health Nursing (KRCHN),Kenya Medical Training College (KMTC) — Kapsabet Campus,kmtc_nandi,Nandi,public,diploma,carer,C+,no,36,238200,derived,"KMTC publishes one national fee structure across all campuses, so this figure does not depend on which campus you attend: Ksh 82,200 in Year 1 and Ksh 78,000 in each subsequent year for regular Kenyan students, 2025/26 structure (kmtc.ac.ke, cross-reported by Tuko, EduGuide and Education News Hub, August 2026). Totals here are that schedule multiplied out by course length. Tuition only — accommodation, meals and skills-lab charges are extra and vary by campus. A non-refundable Ksh 1,500 application fee applies. Confirm with the campus before paying."
c780,Bachelor of Arts in Counseling Psychology,"University of Eastern Africa, Baraton",ueab,Nandi,private,degree,people,C+,no,48,,unpublished,"The University of Eastern Africa, Baraton is a CUE-chartered Seventh-day Adventist private university in Nandi County, teaching through five schools including Agriculture. Programme named in the university's own published course listing. Entry is recorded at the national CUE and KUCCPS degree minimum of a C+ mean grade; confirm the exact requirement with admissions, because a private university sets its own bar and may ask for more. The university publishes a fee schedule, but its figure for this named programme could not be verified against any source reachable from this build, so none is shown rather than a guessed one. Ring admissions for the current schedule."
c781,Bachelor of Arts in Development Studies,"University of Eastern Africa, Baraton",ueab,Nandi,private,degree,people,C+,no,48,,unpublished,"The University of Eastern Africa, Baraton is a CUE-chartered Seventh-day Adventist private university in Nandi County, teaching through five schools including Agriculture. Programme named in the university's own published course listing. Entry is recorded at the national CUE and KUCCPS degree minimum of a C+ mean grade; confirm the exact requirement with admissions, because a private university sets its own bar and may ask for more. The university publishes a fee schedule, but its figure for this named programme could not be verified against any source reachable from this build, so none is shown rather than a guessed one. Ring admissions for the current schedule."
c776,Bachelor of Commerce,"University of Eastern Africa, Baraton",ueab,Nandi,private,degree,business,C+,no,48,,unpublished,"The University of Eastern Africa, Baraton is a CUE-chartered Seventh-day Adventist private university in Nandi County, teaching through five schools including Agriculture. Programme named in the university's own published course listing. Entry is recorded at the national CUE and KUCCPS degree minimum of a C+ mean grade; confirm the exact requirement with admissions, because a private university sets its own bar and may ask for more. The university publishes a fee schedule, but its figure for this named programme could not be verified against any source reachable from this build, so none is shown rather than a guessed one. Ring admissions for the current schedule."
c529,Bachelor of Education (Science),"University of Eastern Africa, Baraton",ueab,Nandi,private,degree,people,C+,no,48,,unpublished,"The University of Eastern Africa, Baraton is a CUE-chartered Seventh-day Adventist private university at Baraton in Nandi County, and had not been listed here at all. Programme named in the university's published course pages. Published undergraduate entry is a KCSE mean grade of C+; Baraton additionally states that no student may take education courses with teaching subjects they did not pass at C+ or above, so the subject grades are a real gate on this programme and not a formality. A second route is published for people without a C+: a diploma from a recognised institution together with a KCSE mean grade of C plain. The university runs more programmes than are listed here; only what a reachable source names is recorded. It sets its own fees and publishes no figure reachable from this build, so the fee could not be verified and none is shown."
c778,Bachelor of Science in Agri-Business,"University of Eastern Africa, Baraton",ueab,Nandi,private,degree,business,C+,no,48,,unpublished,"The University of Eastern Africa, Baraton is a CUE-chartered Seventh-day Adventist private university in Nandi County, teaching through five schools including Agriculture. Programme named in the university's own published course listing. Entry is recorded at the national CUE and KUCCPS degree minimum of a C+ mean grade; confirm the exact requirement with admissions, because a private university sets its own bar and may ask for more. The university publishes a fee schedule, but its figure for this named programme could not be verified against any source reachable from this build, so none is shown rather than a guessed one. Ring admissions for the current schedule."
c777,Bachelor of Science in Agriculture,"University of Eastern Africa, Baraton",ueab,Nandi,private,degree,maker,C+,no,48,,unpublished,"The University of Eastern Africa, Baraton is a CUE-chartered Seventh-day Adventist private university in Nandi County, teaching through five schools including Agriculture. Programme named in the university's own published course listing. Entry is recorded at the national CUE and KUCCPS degree minimum of a C+ mean grade; confirm the exact requirement with admissions, because a private university sets its own bar and may ask for more. The university publishes a fee schedule, but its figure for this named programme could not be verified against any source reachable from this build, so none is shown rather than a guessed one. Ring admissions for the current schedule."
c782,Bachelor of Science in Hotel and Hospitality Management,"University of Eastern Africa, Baraton",ueab,Nandi,private,degree,business,C+,no,48,,unpublished,"The University of Eastern Africa, Baraton is a CUE-chartered Seventh-day Adventist private university in Nandi County, teaching through five schools including Agriculture. Programme named in the university's own published course listing. Entry is recorded at the national CUE and KUCCPS degree minimum of a C+ mean grade; confirm the exact requirement with admissions, because a private university sets its own bar and may ask for more. The university publishes a fee schedule, but its figure for this named programme could not be verified against any source reachable from this build, so none is shown rather than a guessed one. Ring admissions for the current schedule."
c779,Bachelor of Science in Social Work,"University of Eastern Africa, Baraton",ueab,Nandi,private,degree,people,C+,no,48,,unpublished,"The University of Eastern Africa, Baraton is a CUE-chartered Seventh-day Adventist private university in Nandi County, teaching through five schools including Agriculture. Programme named in the university's own published course listing. Entry is recorded at the national CUE and KUCCPS degree minimum of a C+ mean grade; confirm the exact requirement with admissions, because a private university sets its own bar and may ask for more. The university publishes a fee schedule, but its figure for this named programme could not be verified against any source reachable from this build, so none is shown rather than a guessed one. Ring admissions for the current schedule."
c783,Bachelor of Software Engineering,"University of Eastern Africa, Baraton",ueab,Nandi,private,degree,tech,C+,no,48,,unpublished,"The University of Eastern Africa, Baraton is a CUE-chartered Seventh-day Adventist private university in Nandi County, teaching through five schools including Agriculture. Programme named in the university's own published course listing. Entry is recorded at the national CUE and KUCCPS degree minimum of a C+ mean grade; confirm the exact requirement with admissions, because a private university sets its own bar and may ask for more. The university publishes a fee schedule, but its figure for this named programme could not be verified against any source reachable from this build, so none is shown rather than a guessed one. Ring admissions for the current schedule."
c133,Certificate in Community Health Assistant,Kenya Medical Training College (KMTC) — Narok Campus,kmtc_narok,Narok,public,certificate,carer,C-,no,24,160200,derived,"KMTC publishes one national fee structure across all campuses, so this figure does not depend on which campus you attend: Ksh 82,200 in Year 1 and Ksh 78,000 in each subsequent year for regular Kenyan students, 2025/26 structure (kmtc.ac.ke, cross-reported by Tuko, EduGuide and Education News Hub, August 2026). Totals here are that schedule multiplied out by course length. Tuition only — accommodation, meals and skills-lab charges are extra and vary by campus. A non-refundable Ksh 1,500 application fee applies. Confirm with the campus before paying. Entry was previously recorded here as a D+ mean grade. That was wrong, and the error is worth naming: D+ is the BIOLOGY SUBJECT requirement for this award, not the mean grade, and it had been written into the mean-grade field. KMTC publishes a minimum KCSE mean grade of C- for every certificate programme, with the cluster-subject requirement on top - for this course a D+ in Biology or Biological Sciences and a D in one of Mathematics, Chemistry, Physics or Physical Sciences. So the C- is needed overall AND the subject grades on top. The duration and the fee moved with it: the certificate runs two years rather than one, so the national schedule multiplies out to Ksh 160,200 instead of Ksh 82,200."
c132,Diploma in Kenya Registered Community Health Nursing (KRCHN),Kenya Medical Training College (KMTC) — Narok Campus,kmtc_narok,Narok,public,diploma,carer,C+,no,36,238200,derived,"KMTC publishes one national fee structure across all campuses, so this figure does not depend on which campus you attend: Ksh 82,200 in Year 1 and Ksh 78,000 in each subsequent year for regular Kenyan students, 2025/26 structure (kmtc.ac.ke, cross-reported by Tuko, EduGuide and Education News Hub, August 2026). Totals here are that schedule multiplied out by course length. Tuition only — accommodation, meals and skills-lab charges are extra and vary by campus. A non-refundable Ksh 1,500 application fee applies. Confirm with the campus before paying."
c604,Bachelor of Arts in Communication and Journalism,Maasai Mara University,mmarau,Narok,public,degree,creator,C+,no,48,,unpublished,"Maasai Mara University is a public chartered university and had not been listed here at all. Programme named in its published course listing. It does not publish a single per-programme price: Kenya retired the Differentiated Unit Cost in May 2023 for the Student-Centred Funding Model, under which what a student pays is set by an assessed means band, so no fee is shown rather than a guessed one. Degrees are placed through KUCCPS at the national minimum of a KCSE mean grade of C+, with cluster-point cut-offs that move every cycle - so C+ is the floor to be eligible to apply rather than a guarantee of a place."
c602,Bachelor of Arts in Community Development,Maasai Mara University,mmarau,Narok,public,degree,people,C+,no,48,,unpublished,"Maasai Mara University is a public chartered university and had not been listed here at all. Programme named in its published course listing. It does not publish a single per-programme price: Kenya retired the Differentiated Unit Cost in May 2023 for the Student-Centred Funding Model, under which what a student pays is set by an assessed means band, so no fee is shown rather than a guessed one. Degrees are placed through KUCCPS at the national minimum of a KCSE mean grade of C+, with cluster-point cut-offs that move every cycle - so C+ is the floor to be eligible to apply rather than a guarantee of a place."
c599,Bachelor of Arts in Criminology and Penology,Maasai Mara University,mmarau,Narok,public,degree,people,C+,no,48,,unpublished,"Maasai Mara University is a public chartered university and had not been listed here at all. Programme named in its published course listing. It does not publish a single per-programme price: Kenya retired the Differentiated Unit Cost in May 2023 for the Student-Centred Funding Model, under which what a student pays is set by an assessed means band, so no fee is shown rather than a guessed one. Degrees are placed through KUCCPS at the national minimum of a KCSE mean grade of C+, with cluster-point cut-offs that move every cycle - so C+ is the floor to be eligible to apply rather than a guarantee of a place."
c598,Bachelor of Arts in Economics,Maasai Mara University,mmarau,Narok,public,degree,numbers,C+,no,48,,unpublished,"Maasai Mara University is a public chartered university and had not been listed here at all. Programme named in its published course listing. It does not publish a single per-programme price: Kenya retired the Differentiated Unit Cost in May 2023 for the Student-Centred Funding Model, under which what a student pays is set by an assessed means band, so no fee is shown rather than a guessed one. Degrees are placed through KUCCPS at the national minimum of a KCSE mean grade of C+, with cluster-point cut-offs that move every cycle - so C+ is the floor to be eligible to apply rather than a guarantee of a place."
c600,Bachelor of Arts in Political Science and Public Administration,Maasai Mara University,mmarau,Narok,public,degree,people,C+,no,48,,unpublished,"Maasai Mara University is a public chartered university and had not been listed here at all. Programme named in its published course listing. It does not publish a single per-programme price: Kenya retired the Differentiated Unit Cost in May 2023 for the Student-Centred Funding Model, under which what a student pays is set by an assessed means band, so no fee is shown rather than a guessed one. Degrees are placed through KUCCPS at the national minimum of a KCSE mean grade of C+, with cluster-point cut-offs that move every cycle - so C+ is the floor to be eligible to apply rather than a guarantee of a place."
c601,Bachelor of Arts in Psychology,Maasai Mara University,mmarau,Narok,public,degree,people,C+,no,48,,unpublished,"Maasai Mara University is a public chartered university and had not been listed here at all. Programme named in its published course listing. It does not publish a single per-programme price: Kenya retired the Differentiated Unit Cost in May 2023 for the Student-Centred Funding Model, under which what a student pays is set by an assessed means band, so no fee is shown rather than a guessed one. Degrees are placed through KUCCPS at the national minimum of a KCSE mean grade of C+, with cluster-point cut-offs that move every cycle - so C+ is the floor to be eligible to apply rather than a guarantee of a place."
c597,Bachelor of Business Management,Maasai Mara University,mmarau,Narok,public,degree,business,C+,no,48,,unpublished,"Maasai Mara University is a public chartered university and had not been listed here at all. Programme named in its published course listing. It does not publish a single per-programme price: Kenya retired the Differentiated Unit Cost in May 2023 for the Student-Centred Funding Model, under which what a student pays is set by an assessed means band, so no fee is shown rather than a guessed one. Degrees are placed through KUCCPS at the national minimum of a KCSE mean grade of C+, with cluster-point cut-offs that move every cycle - so C+ is the floor to be eligible to apply rather than a guarantee of a place."
c590,Bachelor of Education (Arts),Maasai Mara University,mmarau,Narok,public,degree,people,C+,no,48,,unpublished,"Maasai Mara University is a public chartered university and had not been listed here at all. Programme named in its published course listing. It does not publish a single per-programme price: Kenya retired the Differentiated Unit Cost in May 2023 for the Student-Centred Funding Model, under which what a student pays is set by an assessed means band, so no fee is shown rather than a guessed one. Degrees are placed through KUCCPS at the national minimum of a KCSE mean grade of C+, with cluster-point cut-offs that move every cycle - so C+ is the floor to be eligible to apply rather than a guarantee of a place."
c591,Bachelor of Education (Science),Maasai Mara University,mmarau,Narok,public,degree,people,C+,no,48,,unpublished,"Maasai Mara University is a public chartered university and had not been listed here at all. Programme named in its published course listing. It does not publish a single per-programme price: Kenya retired the Differentiated Unit Cost in May 2023 for the Student-Centred Funding Model, under which what a student pays is set by an assessed means band, so no fee is shown rather than a guessed one. Degrees are placed through KUCCPS at the national minimum of a KCSE mean grade of C+, with cluster-point cut-offs that move every cycle - so C+ is the floor to be eligible to apply rather than a guarantee of a place."
c596,Bachelor of Hotels and Hospitality Management,Maasai Mara University,mmarau,Narok,public,degree,business,C+,no,48,,unpublished,"Maasai Mara University is a public chartered university and had not been listed here at all. Programme named in its published course listing. It does not publish a single per-programme price: Kenya retired the Differentiated Unit Cost in May 2023 for the Student-Centred Funding Model, under which what a student pays is set by an assessed means band, so no fee is shown rather than a guessed one. Degrees are placed through KUCCPS at the national minimum of a KCSE mean grade of C+, with cluster-point cut-offs that move every cycle - so C+ is the floor to be eligible to apply rather than a guarantee of a place."
c603,Bachelor of Science in Applied Statistics with Computing,Maasai Mara University,mmarau,Narok,public,degree,numbers,C+,no,48,,unpublished,"Maasai Mara University is a public chartered university and had not been listed here at all. Programme named in its published course listing. It does not publish a single per-programme price: Kenya retired the Differentiated Unit Cost in May 2023 for the Student-Centred Funding Model, under which what a student pays is set by an assessed means band, so no fee is shown rather than a guessed one. Degrees are placed through KUCCPS at the national minimum of a KCSE mean grade of C+, with cluster-point cut-offs that move every cycle - so C+ is the floor to be eligible to apply rather than a guarantee of a place."
c594,Bachelor of Science in Computer Science,Maasai Mara University,mmarau,Narok,public,degree,tech,C+,no,48,,unpublished,"Maasai Mara University is a public chartered university and had not been listed here at all. Programme named in its published course listing. It does not publish a single per-programme price: Kenya retired the Differentiated Unit Cost in May 2023 for the Student-Centred Funding Model, under which what a student pays is set by an assessed means band, so no fee is shown rather than a guessed one. Degrees are placed through KUCCPS at the national minimum of a KCSE mean grade of C+, with cluster-point cut-offs that move every cycle - so C+ is the floor to be eligible to apply rather than a guarantee of a place."
c593,"Bachelor of Science in Food, Nutrition and Dietetics",Maasai Mara University,mmarau,Narok,public,degree,carer,C+,no,48,,unpublished,"Maasai Mara University is a public chartered university and had not been listed here at all. Programme named in its published course listing. It does not publish a single per-programme price: Kenya retired the Differentiated Unit Cost in May 2023 for the Student-Centred Funding Model, under which what a student pays is set by an assessed means band, so no fee is shown rather than a guessed one. Degrees are placed through KUCCPS at the national minimum of a KCSE mean grade of C+, with cluster-point cut-offs that move every cycle - so C+ is the floor to be eligible to apply rather than a guarantee of a place."
c592,Bachelor of Science in Nursing,Maasai Mara University,mmarau,Narok,public,degree,carer,C+,no,48,,unpublished,"Maasai Mara University is a public chartered university and had not been listed here at all. Programme named in its published course listing. It does not publish a single per-programme price: Kenya retired the Differentiated Unit Cost in May 2023 for the Student-Centred Funding Model, under which what a student pays is set by an assessed means band, so no fee is shown rather than a guessed one. Degrees are placed through KUCCPS at the national minimum of a KCSE mean grade of C+, with cluster-point cut-offs that move every cycle - so C+ is the floor to be eligible to apply rather than a guarantee of a place."
c595,Bachelor of Science in Wildlife Management and Environmental Studies,Maasai Mara University,mmarau,Narok,public,degree,numbers,C+,no,48,,unpublished,"Maasai Mara University is a public chartered university and had not been listed here at all. Programme named in its published course listing. It does not publish a single per-programme price: Kenya retired the Differentiated Unit Cost in May 2023 for the Student-Centred Funding Model, under which what a student pays is set by an assessed means band, so no fee is shown rather than a guessed one. Degrees are placed through KUCCPS at the national minimum of a KCSE mean grade of C+, with cluster-point cut-offs that move every cycle - so C+ is the floor to be eligible to apply rather than a guarantee of a place."
c706,Artisan in Electrical Installation and Wiring,Borabu Technical Training Institute,borabu_tti,Nyamira,public,artisan,maker,,yes,12,67189,derived,"Programme named on Borabu Technical Training Institute's own Electrical and Electronics department page (borabutti.ac.ke), which states the artisan tier is Level 4, KNEC-accredited, and runs for ONE YEAR - the duration recorded here, read from the institution rather than inferred from a national standard, because KNEC publishes no single artisan duration (one year at some institutions, two with industrial attachment at others). ENTRY: sources conflict. The county TVET guidance gives Borabu's artisan minimum as E outright; the institute's own page states ""a mean grade of D- and above"". E is recorded, which is the KUCCPS national artisan floor and the less exclusionary reading - quoting the stricter figure would remove this card from the screen of the reader with the fewest options, who could then not even ring up to ask. Confirm with the institute before travelling. Fee derived from the government's consolidated annual public-TVET fee of Ksh 67,189 (inclusive of assessment fees, effective May 2026), scaled to the twelve-month duration. Borabu is a public institution on that national rate; it bills per term and the NITA/KNEC examination charge is separate. Confirm with the registrar."
c097,Certificate in Community Health Assistant,Kenya Medical Training College (KMTC) — Nyamira Campus,kmtc_nyamira,Nyamira,public,certificate,carer,C-,no,24,160200,derived,"KMTC publishes one national fee structure across all campuses, so this figure does not depend on which campus you attend: Ksh 82,200 in Year 1 and Ksh 78,000 in each subsequent year for regular Kenyan students, 2025/26 structure (kmtc.ac.ke, cross-reported by Tuko, EduGuide and Education News Hub, August 2026). Totals here are that schedule multiplied out by course length. Tuition only — accommodation, meals and skills-lab charges are extra and vary by campus. A non-refundable Ksh 1,500 application fee applies. Confirm with the campus before paying. Entry was previously recorded here as a D+ mean grade. That was wrong, and the error is worth naming: D+ is the BIOLOGY SUBJECT requirement for this award, not the mean grade, and it had been written into the mean-grade field. KMTC publishes a minimum KCSE mean grade of C- for every certificate programme, with the cluster-subject requirement on top - for this course a D+ in Biology or Biological Sciences and a D in one of Mathematics, Chemistry, Physics or Physical Sciences. So the C- is needed overall AND the subject grades on top. The duration and the fee moved with it: the certificate runs two years rather than one, so the national schedule multiplies out to Ksh 160,200 instead of Ksh 82,200."
c096,Diploma in Kenya Registered Community Health Nursing (KRCHN),Kenya Medical Training College (KMTC) — Nyamira Campus,kmtc_nyamira,Nyamira,public,diploma,carer,C+,no,36,238200,derived,"KMTC publishes one national fee structure across all campuses, so this figure does not depend on which campus you attend: Ksh 82,200 in Year 1 and Ksh 78,000 in each subsequent year for regular Kenyan students, 2025/26 structure (kmtc.ac.ke, cross-reported by Tuko, EduGuide and Education News Hub, August 2026). Totals here are that schedule multiplied out by course length. Tuition only — accommodation, meals and skills-lab charges are extra and vary by campus. A non-refundable Ksh 1,500 application fee applies. Confirm with the campus before paying."
c255,Diploma in Primary Teacher Education,Aberdare Teachers Training College,aberdare_ttc,Nyandarua,public,diploma,carer,C,no,36,201567,derived,"Entry grade and structure from KUCCPS and TSC: the P1 certificate has been phased out and the Diploma in Primary Teacher Education is now the minimum qualification TSC will register, entered on a KCSE mean grade of C plain over three years at one of 33 public teacher training colleges, with placement through KUCCPS and assessment by KNEC. Fee derived from the Ksh 67,189 first-year figure published for KUCCPS-placed students at public TTCs - the same government consolidated rate used across public TVET - scaled to three years; one college separately quotes about Ksh 205,000 for the full course inclusive of admission, practicum and KNEC assessment, which agrees within two per cent. Outcome figures are null rather than estimated: with roughly 369,000 registered teachers unemployed, any employment rate Njia invented here would be actively misleading. Confirm fees with the college."
c137,Certificate in Community Health Assistant,Kenya Medical Training College (KMTC) — Nyandarua Campus,kmtc_nyandarua,Nyandarua,public,certificate,carer,C-,no,24,160200,derived,"KMTC publishes one national fee structure across all campuses, so this figure does not depend on which campus you attend: Ksh 82,200 in Year 1 and Ksh 78,000 in each subsequent year for regular Kenyan students, 2025/26 structure (kmtc.ac.ke, cross-reported by Tuko, EduGuide and Education News Hub, August 2026). Totals here are that schedule multiplied out by course length. Tuition only — accommodation, meals and skills-lab charges are extra and vary by campus. A non-refundable Ksh 1,500 application fee applies. Confirm with the campus before paying. Entry was previously recorded here as a D+ mean grade. That was wrong, and the error is worth naming: D+ is the BIOLOGY SUBJECT requirement for this award, not the mean grade, and it had been written into the mean-grade field. KMTC publishes a minimum KCSE mean grade of C- for every certificate programme, with the cluster-subject requirement on top - for this course a D+ in Biology or Biological Sciences and a D in one of Mathematics, Chemistry, Physics or Physical Sciences. So the C- is needed overall AND the subject grades on top. The duration and the fee moved with it: the certificate runs two years rather than one, so the national schedule multiplies out to Ksh 160,200 instead of Ksh 82,200."
c893,Diploma in Clinical Medicine and Surgery,Kenya Medical Training College (KMTC) — Nyandarua Campus,kmtc_nyandarua,Nyandarua,public,diploma,carer,C,no,36,238200,illustrative,"KMTC Nyandarua Campus is at Ol Kalou next to JM Kariuki Memorial County Referral Hospital, established in September 2014 and officially opened in April 2016, with over 343 students. KMTC runs more than 126 programmes nationally but not every campus runs every one, so a national list is not evidence that a course is taught at this campus. This programme is named on the campus’s own current listing. KMTC publishes a minimum KCSE mean grade of C plain for its diploma programmes, with cluster subjects in English or Kiswahili, Biology or Biological Sciences, and Mathematics, Chemistry or Physics. Diploma courses run three years, except Community Health Nursing which runs three and a half. KMTC publishes one national fee structure across all campuses: Ksh 82,200 in Year 1 and Ksh 78,000 in each subsequent year for regular Kenyan students, 2025/26 structure. Total here is that schedule multiplied out by course length. Tuition only - accommodation, meals and skills-lab charges are extra and vary by campus. A non-refundable Ksh 1,500 application fee applies. Confirm with the campus before paying."
c136,Diploma in Kenya Registered Community Health Nursing (KRCHN),Kenya Medical Training College (KMTC) — Nyandarua Campus,kmtc_nyandarua,Nyandarua,public,diploma,carer,C+,no,36,238200,derived,"KMTC publishes one national fee structure across all campuses, so this figure does not depend on which campus you attend: Ksh 82,200 in Year 1 and Ksh 78,000 in each subsequent year for regular Kenyan students, 2025/26 structure (kmtc.ac.ke, cross-reported by Tuko, EduGuide and Education News Hub, August 2026). Totals here are that schedule multiplied out by course length. Tuition only — accommodation, meals and skills-lab charges are extra and vary by campus. A non-refundable Ksh 1,500 application fee applies. Confirm with the campus before paying."
c894,Diploma in Pharmacy,Kenya Medical Training College (KMTC) — Nyandarua Campus,kmtc_nyandarua,Nyandarua,public,diploma,carer,C,no,36,238200,illustrative,"KMTC Nyandarua Campus is at Ol Kalou next to JM Kariuki Memorial County Referral Hospital, established in September 2014 and officially opened in April 2016, with over 343 students. KMTC runs more than 126 programmes nationally but not every campus runs every one, so a national list is not evidence that a course is taught at this campus. This programme is named on the campus’s own current listing. KMTC publishes a minimum KCSE mean grade of C plain for its diploma programmes, with cluster subjects in English or Kiswahili, Biology or Biological Sciences, and Mathematics, Chemistry or Physics. Diploma courses run three years, except Community Health Nursing which runs three and a half. KMTC publishes one national fee structure across all campuses: Ksh 82,200 in Year 1 and Ksh 78,000 in each subsequent year for regular Kenyan students, 2025/26 structure. Total here is that schedule multiplied out by course length. Tuition only - accommodation, meals and skills-lab charges are extra and vary by campus. A non-refundable Ksh 1,500 application fee applies. Confirm with the campus before paying."
c507,Artisan in Electrical Engineering (Power),Nyandarua National Polytechnic,nyandarua_poly,Nyandarua,public,artisan,maker,E,no,12,67189,derived,"Programme named in Nyandarua National Polytechnic's published course list. The polytechnic publishes its artisan (Level 4) entry as a KCPE or KCSE mean grade of D- and E, so an E clears the published bar and E is recorded - the same reading applied at Kisumu, Eldoret, Kisii, Michuki and Bureti, where a KCPE certificate is an alternative to the KCSE grade rather than an addition to it. As a national polytechnic it is legally empowered to train and award artisan, craft, diploma and higher diploma qualifications, and it runs more artisan programmes than the one listed here; only what a reachable source actually names is recorded. Fee derived from the government's consolidated annual public-TVET fee of Ksh 67,189 (effective May 2026), which the Ministry of Education has directed all public TVET institutions to charge; government capitation of up to Ksh 30,000 a year reduces what a placed student actually pays, so treat this as the gross figure and confirm with the registrar."
c048,Bachelor of Business Information Technology,Dedan Kimathi University of Technology (DeKUT),dekut,Nyeri,public,degree,business,C+,no,48,,unpublished,"This course previously displayed a precise-looking tuition figure that was never observed anywhere. An audit found the same value repeated across unrelated institutions - Ksh 420,000 appeared on twelve different degrees at twelve different universities, public and private, from nursing to design to actuarial science - which is not what real fee data looks like. It was a placeholder, so it has been removed rather than left wearing a caveat. The figure could not be verified against any source reachable here, so nothing is shown. Ask the institution directly; if it is a public university, note that a single per-programme price no longer exists."
c038,Bachelor of Science in Computer Science,Dedan Kimathi University of Technology (DeKUT),dekut,Nyeri,public,degree,tech,B-,no,48,,unpublished,"This course previously displayed a precise-looking tuition figure that was never observed anywhere. An audit found the same value repeated across unrelated institutions - Ksh 420,000 appeared on twelve different degrees at twelve different universities, public and private, from nursing to design to actuarial science - which is not what real fee data looks like. It was a placeholder, so it has been removed rather than left wearing a caveat. The figure could not be verified against any source reachable here, so nothing is shown. Ask the institution directly; if it is a public university, note that a single per-programme price no longer exists."
c165,Certificate in Community Health Assistant,Kenya Medical Training College (KMTC) — Nyeri Campus,kmtc_nyeri,Nyeri,public,certificate,carer,C-,no,24,160200,derived,"KMTC publishes one national fee structure across all campuses, so this figure does not depend on which campus you attend: Ksh 82,200 in Year 1 and Ksh 78,000 in each subsequent year for regular Kenyan students, 2025/26 structure (kmtc.ac.ke, cross-reported by Tuko, EduGuide and Education News Hub, August 2026). Totals here are that schedule multiplied out by course length. Tuition only — accommodation, meals and skills-lab charges are extra and vary by campus. A non-refundable Ksh 1,500 application fee applies. Confirm with the campus before paying. Entry was previously recorded here as a D+ mean grade. That was wrong, and the error is worth naming: D+ is the BIOLOGY SUBJECT requirement for this award, not the mean grade, and it had been written into the mean-grade field. KMTC publishes a minimum KCSE mean grade of C- for every certificate programme, with the cluster-subject requirement on top - for this course a D+ in Biology or Biological Sciences and a D in one of Mathematics, Chemistry, Physics or Physical Sciences. So the C- is needed overall AND the subject grades on top. The duration and the fee moved with it: the certificate runs two years rather than one, so the national schedule multiplies out to Ksh 160,200 instead of Ksh 82,200."
c164,Diploma in Kenya Registered Community Health Nursing (KRCHN),Kenya Medical Training College (KMTC) — Nyeri Campus,kmtc_nyeri,Nyeri,public,diploma,carer,C+,no,36,238200,derived,"KMTC publishes one national fee structure across all campuses, so this figure does not depend on which campus you attend: Ksh 82,200 in Year 1 and Ksh 78,000 in each subsequent year for regular Kenyan students, 2025/26 structure (kmtc.ac.ke, cross-reported by Tuko, EduGuide and Education News Hub, August 2026). Totals here are that schedule multiplied out by course length. Tuition only — accommodation, meals and skills-lab charges are extra and vary by campus. A non-refundable Ksh 1,500 application fee applies. Confirm with the campus before paying."
c413,Certificate in Agriculture,Kenya School of Agriculture — Wambugu Campus,ksa_wambugu,Nyeri,public,certificate,maker,D,no,12,,unpublished,"Kenya School of Agriculture is a college under the State Department for Crops Development, licensed by TVETA and examined by KNEC. Entry is a KCSE C- for diploma programmes and a D plain for craft certificates; diplomas run in three modules and craft certificates in two. The school does not publish a per-programme fee schedule in any source reachable here, so no figure is shown rather than a guessed one — confirm with the campus."
c412,Diploma in Sustainable Agriculture,Kenya School of Agriculture — Wambugu Campus,ksa_wambugu,Nyeri,public,diploma,maker,C-,no,24,,unpublished,"Kenya School of Agriculture is a college under the State Department for Crops Development, licensed by TVETA and examined by KNEC. Entry is a KCSE C- for diploma programmes and a D plain for craft certificates; diplomas run in three modules and craft certificates in two. The school does not publish a per-programme fee schedule in any source reachable here, so no figure is shown rather than a guessed one — confirm with the campus."
c245,Artisan in Automotive Engineering,Nyeri National Polytechnic,nyeri_poly,Nyeri,public,artisan,maker,,yes,12,67189,derived,"Programme named among Nyeri National Polytechnic's artisan offerings. The institution states artisan is Level 4 with entry at a KCPE certificate or KCSE mean grade D- to E, against craft (Level 5) needing D to D+ and diploma (Level 6) needing C- — which corrects earlier course-aggregator listings describing these programmes as Level 3. Because anyone who sat KCSE has necessarily completed KCPE, the published KCPE route makes this open entry, so min_grade is null. Fee derived from the government's consolidated annual public-TVET fee of Ksh 67,189 (effective May 2026). Confirm with the registrar."
c243,Artisan in Carpentry and Joinery,Nyeri National Polytechnic,nyeri_poly,Nyeri,public,artisan,maker,,yes,12,67189,derived,"Programme named among Nyeri National Polytechnic's artisan offerings. The institution states artisan is Level 4 with entry at a KCPE certificate or KCSE mean grade D- to E, against craft (Level 5) needing D to D+ and diploma (Level 6) needing C- — which corrects earlier course-aggregator listings describing these programmes as Level 3. Because anyone who sat KCSE has necessarily completed KCPE, the published KCPE route makes this open entry, so min_grade is null. Fee derived from the government's consolidated annual public-TVET fee of Ksh 67,189 (effective May 2026). Confirm with the registrar."
c244,Artisan in Clothing Technology,Nyeri National Polytechnic,nyeri_poly,Nyeri,public,artisan,maker,,yes,12,67189,derived,"Programme named among Nyeri National Polytechnic's artisan offerings. The institution states artisan is Level 4 with entry at a KCPE certificate or KCSE mean grade D- to E, against craft (Level 5) needing D to D+ and diploma (Level 6) needing C- — which corrects earlier course-aggregator listings describing these programmes as Level 3. Because anyone who sat KCSE has necessarily completed KCPE, the published KCPE route makes this open entry, so min_grade is null. Fee derived from the government's consolidated annual public-TVET fee of Ksh 67,189 (effective May 2026). Confirm with the registrar."
c266,Certificate in Credit Management (CDACC Level 5),Nyeri National Polytechnic,nyeri_poly,Nyeri,public,certificate,numbers,D,no,12,67189,derived,"Qualification is a TVET CDACC national curriculum at Level 5, so the same competencies and external assessment apply wherever it is taught. Entry at Level 4/5 is a KCSE mean grade of D plain — the reason this record exists, since Njia's business and finance clusters were until now almost entirely closed below C-. Fee derived from the government's consolidated annual public-TVET fee of Ksh 67,189 (inclusive of assessment fees, effective May 2026, announced by Education CS Julius Migos Ogamba on 6 March 2026 and reported across Kenyan sector coverage), scaled to course duration. Institutes bill per term and per-course amounts differ — confirm with the registrar, and confirm the college is currently accredited to assess this qualification."
c296,Certificate in Information Communication Technology (CDACC Level 5),Nyeri National Polytechnic,nyeri_poly,Nyeri,public,certificate,tech,D,no,12,67189,derived,"Qualification is a TVET CDACC national curriculum at Level 5, so the same competencies and external assessment apply wherever it is taught. Entry at Level 4/5 is a KCSE mean grade of D plain — the reason this record exists, since Njia's business and finance clusters were until now almost entirely closed below C-. Fee derived from the government's consolidated annual public-TVET fee of Ksh 67,189 (inclusive of assessment fees, effective May 2026, announced by Education CS Julius Migos Ogamba on 6 March 2026 and reported across Kenyan sector coverage), scaled to course duration. Institutes bill per term and per-course amounts differ — confirm with the registrar, and confirm the college is currently accredited to assess this qualification."
c291,Certificate in Supply Chain Management (CDACC Level 5),Nyeri National Polytechnic,nyeri_poly,Nyeri,public,certificate,business,D,no,12,67189,derived,"Qualification is a TVET CDACC national curriculum at Level 5, so the same competencies and external assessment apply wherever it is taught. Entry at Level 4/5 is a KCSE mean grade of D plain — the reason this record exists, since Njia's business and finance clusters were until now almost entirely closed below C-. Fee derived from the government's consolidated annual public-TVET fee of Ksh 67,189 (inclusive of assessment fees, effective May 2026, announced by Education CS Julius Migos Ogamba on 6 March 2026 and reported across Kenyan sector coverage), scaled to course duration. Institutes bill per term and per-course amounts differ — confirm with the registrar, and confirm the college is currently accredited to assess this qualification."
c272,Diploma in Accountancy (CDACC Level 6),Nyeri National Polytechnic,nyeri_poly,Nyeri,public,diploma,numbers,C-,no,24,134378,derived,"Qualification is a TVET CDACC national curriculum at Level 6, so the same competencies and external assessment apply wherever it is taught. Entry is a KCSE mean grade of C- and above, or completion of the Level 5 certificate in the same field — which is the ladder out of a D grade rather than a dead end. Fee derived from the government's consolidated annual public-TVET fee of Ksh 67,189 (inclusive of assessment fees, effective May 2026, announced by Education CS Julius Migos Ogamba on 6 March 2026 and reported across Kenyan sector coverage), scaled to course duration. Institutes bill per term and per-course amounts differ — confirm with the registrar, and confirm the college is currently accredited to assess this qualification."
c056,Diploma in Banking and Finance,Nyeri National Polytechnic,nyeri_poly,Nyeri,public,diploma,numbers,C-,no,24,134378,derived,"Fee derived from the government's consolidated annual public-TVET fee of Ksh 67,189 (inclusive of assessment fees, effective May 2026, as announced by government and reported by Eastleigh Voice/sector coverage, August 2026), scaled to course duration. Institutes bill per term/year and per-course amounts can differ - confirm with the registrar."
c043,Diploma in Building Technology,Nyeri National Polytechnic,nyeri_poly,Nyeri,public,diploma,maker,C-,no,36,201567,derived,"Fee derived from the government's consolidated annual public-TVET fee of Ksh 67,189 (inclusive of assessment fees, effective May 2026, as announced by government and reported by Eastleigh Voice/sector coverage, August 2026), scaled to course duration. Institutes bill per term/year and per-course amounts can differ - confirm with the registrar."
c285,Diploma in Office Administration (CDACC Level 6),Nyeri National Polytechnic,nyeri_poly,Nyeri,public,diploma,people,C-,no,24,134378,derived,"Qualification is a TVET CDACC national curriculum at Level 6, so the same competencies and external assessment apply wherever it is taught. Entry is a KCSE mean grade of C- and above, or completion of the Level 5 certificate in the same field — which is the ladder out of a D grade rather than a dead end. Fee derived from the government's consolidated annual public-TVET fee of Ksh 67,189 (inclusive of assessment fees, effective May 2026, announced by Education CS Julius Migos Ogamba on 6 March 2026 and reported across Kenyan sector coverage), scaled to course duration. Institutes bill per term and per-course amounts differ — confirm with the registrar, and confirm the college is currently accredited to assess this qualification."
c300,Certificate in Information Communication Technology (CDACC Level 5),Maralal Vocational Training Centre,maralalvtc,Samburu,public,certificate,tech,D,no,12,67189,derived,"Qualification is a TVET CDACC national curriculum at Level 5, so the same competencies and external assessment apply wherever it is taught. Entry at Level 4/5 is a KCSE mean grade of D plain — the reason this record exists, since Njia's business and finance clusters were until now almost entirely closed below C-. Fee derived from the government's consolidated annual public-TVET fee of Ksh 67,189 (inclusive of assessment fees, effective May 2026, announced by Education CS Julius Migos Ogamba on 6 March 2026 and reported across Kenyan sector coverage), scaled to course duration. Institutes bill per term and per-course amounts differ — confirm with the registrar, and confirm the college is currently accredited to assess this qualification."
c289,Certificate in Store Keeping (CDACC Level 5),Maralal Vocational Training Centre,maralalvtc,Samburu,public,certificate,business,D,no,12,67189,derived,"Qualification is a TVET CDACC national curriculum at Level 5, so the same competencies and external assessment apply wherever it is taught. Entry at Level 4/5 is a KCSE mean grade of D plain — the reason this record exists, since Njia's business and finance clusters were until now almost entirely closed below C-. Fee derived from the government's consolidated annual public-TVET fee of Ksh 67,189 (inclusive of assessment fees, effective May 2026, announced by Education CS Julius Migos Ogamba on 6 March 2026 and reported across Kenyan sector coverage), scaled to course duration. Institutes bill per term and per-course amounts differ — confirm with the registrar, and confirm the college is currently accredited to assess this qualification."
c191,Grade III-I Carpentry and Joinery,Maralal Vocational Training Centre,maralalvtc,Samburu,public,artisan,maker,E,no,12,,unpublished,"TVETA-registered as a public Vocational Training Centre at Maralal, Samburu (licence TVETA/PUBLIC/VTC/0090/2018, registered 12/04/2018), licensed to offer Grade III-I in this trade with a maximum of 20 trainees per course. Entry reflects the KUCCPS artisan minimum of KCSE mean grade E; vocational training centres also admit learners without a KCSE. Fee is deliberately null: this centre publishes no fee structure and directs enquiries to its admissions office, so no figure is shown rather than a guessed one. The NITA Grade III trade test is charged separately from tuition."
c196,Grade III-I Dressmaking and Tailoring,Maralal Vocational Training Centre,maralalvtc,Samburu,public,artisan,maker,E,no,12,,unpublished,"TVETA-registered as a public Vocational Training Centre at Maralal, Samburu (licence TVETA/PUBLIC/VTC/0090/2018, registered 12/04/2018), licensed to offer Grade III-I in this trade with a maximum of 20 trainees per course. Entry reflects the KUCCPS artisan minimum of KCSE mean grade E; vocational training centres also admit learners without a KCSE. Fee is deliberately null: this centre publishes no fee structure and directs enquiries to its admissions office, so no figure is shown rather than a guessed one. The NITA Grade III trade test is charged separately from tuition."
c193,Grade III-I Masonry,Maralal Vocational Training Centre,maralalvtc,Samburu,public,artisan,maker,E,no,12,,unpublished,"TVETA-registered as a public Vocational Training Centre at Maralal, Samburu (licence TVETA/PUBLIC/VTC/0090/2018, registered 12/04/2018), licensed to offer Grade III-I in this trade with a maximum of 20 trainees per course. Entry reflects the KUCCPS artisan minimum of KCSE mean grade E; vocational training centres also admit learners without a KCSE. Fee is deliberately null: this centre publishes no fee structure and directs enquiries to its admissions office, so no figure is shown rather than a guessed one. The NITA Grade III trade test is charged separately from tuition."
c195,Grade III-I Motor Vehicle Electrical,Maralal Vocational Training Centre,maralalvtc,Samburu,public,artisan,maker,E,no,12,,unpublished,"TVETA-registered as a public Vocational Training Centre at Maralal, Samburu (licence TVETA/PUBLIC/VTC/0090/2018, registered 12/04/2018), licensed to offer Grade III-I in this trade with a maximum of 20 trainees per course. Entry reflects the KUCCPS artisan minimum of KCSE mean grade E; vocational training centres also admit learners without a KCSE. Fee is deliberately null: this centre publishes no fee structure and directs enquiries to its admissions office, so no figure is shown rather than a guessed one. The NITA Grade III trade test is charged separately from tuition."
c190,Grade III-I Motor Vehicle Mechanics,Maralal Vocational Training Centre,maralalvtc,Samburu,public,artisan,maker,E,no,12,,unpublished,"TVETA-registered as a public Vocational Training Centre at Maralal, Samburu (licence TVETA/PUBLIC/VTC/0090/2018, registered 12/04/2018), licensed to offer Grade III-I in this trade with a maximum of 20 trainees per course. Entry reflects the KUCCPS artisan minimum of KCSE mean grade E; vocational training centres also admit learners without a KCSE. Fee is deliberately null: this centre publishes no fee structure and directs enquiries to its admissions office, so no figure is shown rather than a guessed one. The NITA Grade III trade test is charged separately from tuition."
c192,Grade III-I Plumbing,Maralal Vocational Training Centre,maralalvtc,Samburu,public,artisan,maker,E,no,12,,unpublished,"TVETA-registered as a public Vocational Training Centre at Maralal, Samburu (licence TVETA/PUBLIC/VTC/0090/2018, registered 12/04/2018), licensed to offer Grade III-I in this trade with a maximum of 20 trainees per course. Entry reflects the KUCCPS artisan minimum of KCSE mean grade E; vocational training centres also admit learners without a KCSE. Fee is deliberately null: this centre publishes no fee structure and directs enquiries to its admissions office, so no figure is shown rather than a guessed one. The NITA Grade III trade test is charged separately from tuition."
c194,Grade III-I Welding and Fabrication,Maralal Vocational Training Centre,maralalvtc,Samburu,public,artisan,maker,E,no,12,,unpublished,"TVETA-registered as a public Vocational Training Centre at Maralal, Samburu (licence TVETA/PUBLIC/VTC/0090/2018, registered 12/04/2018), licensed to offer Grade III-I in this trade with a maximum of 20 trainees per course. Entry reflects the KUCCPS artisan minimum of KCSE mean grade E; vocational training centres also admit learners without a KCSE. Fee is deliberately null: this centre publishes no fee structure and directs enquiries to its admissions office, so no figure is shown rather than a guessed one. The NITA Grade III trade test is charged separately from tuition."
c299,Certificate in Information Communication Technology (CDACC Level 5),Samburu Technical and Vocational College,samburutvc,Samburu,public,certificate,tech,D,no,12,67189,derived,"Qualification is a TVET CDACC national curriculum at Level 5, so the same competencies and external assessment apply wherever it is taught. Entry at Level 4/5 is a KCSE mean grade of D plain — the reason this record exists, since Njia's business and finance clusters were until now almost entirely closed below C-. Fee derived from the government's consolidated annual public-TVET fee of Ksh 67,189 (inclusive of assessment fees, effective May 2026, announced by Education CS Julius Migos Ogamba on 6 March 2026 and reported across Kenyan sector coverage), scaled to course duration. Institutes bill per term and per-course amounts differ — confirm with the registrar, and confirm the college is currently accredited to assess this qualification."
c288,Certificate in Store Keeping (CDACC Level 5),Samburu Technical and Vocational College,samburutvc,Samburu,public,certificate,business,D,no,12,67189,derived,"Qualification is a TVET CDACC national curriculum at Level 5, so the same competencies and external assessment apply wherever it is taught. Entry at Level 4/5 is a KCSE mean grade of D plain — the reason this record exists, since Njia's business and finance clusters were until now almost entirely closed below C-. Fee derived from the government's consolidated annual public-TVET fee of Ksh 67,189 (inclusive of assessment fees, effective May 2026, announced by Education CS Julius Migos Ogamba on 6 March 2026 and reported across Kenyan sector coverage), scaled to course duration. Institutes bill per term and per-course amounts differ — confirm with the registrar, and confirm the college is currently accredited to assess this qualification."
c178,Certificate in Tour Guide Operations,Samburu Technical and Vocational College,samburutvc,Samburu,public,certificate,business,D,no,12,67189,derived,"Fee derived from the government's consolidated annual public-TVET fee of Ksh 67,189 (inclusive of assessment fees, effective May 2026, as announced by government and reported by Eastleigh Voice/sector coverage, August 2026), scaled to course duration. Institutes bill per term/year and per-course amounts can differ - confirm with the registrar."
c176,Diploma in Electrical Engineering,Samburu Technical and Vocational College,samburutvc,Samburu,public,diploma,maker,C-,no,24,134378,derived,"Fee derived from the government's consolidated annual public-TVET fee of Ksh 67,189 (inclusive of assessment fees, effective May 2026, as announced by government and reported by Eastleigh Voice/sector coverage, August 2026), scaled to course duration. Institutes bill per term/year and per-course amounts can differ - confirm with the registrar."
c175,Diploma in Information Communication Technology,Samburu Technical and Vocational College,samburutvc,Samburu,public,diploma,tech,C-,no,24,134378,derived,"Fee derived from the government's consolidated annual public-TVET fee of Ksh 67,189 (inclusive of assessment fees, effective May 2026, as announced by government and reported by Eastleigh Voice/sector coverage, August 2026), scaled to course duration. Institutes bill per term/year and per-course amounts can differ - confirm with the registrar."
c177,Diploma in Tourism Management,Samburu Technical and Vocational College,samburutvc,Samburu,public,diploma,business,C-,no,24,134378,derived,"Fee derived from the government's consolidated annual public-TVET fee of Ksh 67,189 (inclusive of assessment fees, effective May 2026, as announced by government and reported by Eastleigh Voice/sector coverage, August 2026), scaled to course duration. Institutes bill per term/year and per-course amounts can differ - confirm with the registrar."
c113,Certificate in Community Health Assistant,Kenya Medical Training College (KMTC) — Siaya Campus,kmtc_siaya,Siaya,public,certificate,carer,C-,no,24,160200,derived,"KMTC publishes one national fee structure across all campuses, so this figure does not depend on which campus you attend: Ksh 82,200 in Year 1 and Ksh 78,000 in each subsequent year for regular Kenyan students, 2025/26 structure (kmtc.ac.ke, cross-reported by Tuko, EduGuide and Education News Hub, August 2026). Totals here are that schedule multiplied out by course length. Tuition only — accommodation, meals and skills-lab charges are extra and vary by campus. A non-refundable Ksh 1,500 application fee applies. Confirm with the campus before paying. Entry was previously recorded here as a D+ mean grade. That was wrong, and the error is worth naming: D+ is the BIOLOGY SUBJECT requirement for this award, not the mean grade, and it had been written into the mean-grade field. KMTC publishes a minimum KCSE mean grade of C- for every certificate programme, with the cluster-subject requirement on top - for this course a D+ in Biology or Biological Sciences and a D in one of Mathematics, Chemistry, Physics or Physical Sciences. So the C- is needed overall AND the subject grades on top. The duration and the fee moved with it: the certificate runs two years rather than one, so the national schedule multiplies out to Ksh 160,200 instead of Ksh 82,200."
c112,Diploma in Kenya Registered Community Health Nursing (KRCHN),Kenya Medical Training College (KMTC) — Siaya Campus,kmtc_siaya,Siaya,public,diploma,carer,C+,no,36,238200,derived,"KMTC publishes one national fee structure across all campuses, so this figure does not depend on which campus you attend: Ksh 82,200 in Year 1 and Ksh 78,000 in each subsequent year for regular Kenyan students, 2025/26 structure (kmtc.ac.ke, cross-reported by Tuko, EduGuide and Education News Hub, August 2026). Totals here are that schedule multiplied out by course length. Tuition only — accommodation, meals and skills-lab charges are extra and vary by campus. A non-refundable Ksh 1,500 application fee applies. Confirm with the campus before paying."
c415,Certificate in Agriculture,Kenya School of Agriculture — Ugenya Campus,ksa_ugenya,Siaya,public,certificate,maker,D,no,12,,unpublished,"Kenya School of Agriculture is a college under the State Department for Crops Development, licensed by TVETA and examined by KNEC. Entry is a KCSE C- for diploma programmes and a D plain for craft certificates; diplomas run in three modules and craft certificates in two. The school does not publish a per-programme fee schedule in any source reachable here, so no figure is shown rather than a guessed one — confirm with the campus."
c414,Diploma in Agricultural Extension,Kenya School of Agriculture — Ugenya Campus,ksa_ugenya,Siaya,public,diploma,people,C-,no,24,,unpublished,"Kenya School of Agriculture is a college under the State Department for Crops Development, licensed by TVETA and examined by KNEC. Entry is a KCSE C- for diploma programmes and a D plain for craft certificates; diplomas run in three modules and craft certificates in two. The school does not publish a per-programme fee schedule in any source reachable here, so no figure is shown rather than a guessed one — confirm with the campus."
c482,Artisan in Automotive Engineering,Siaya National Polytechnic,siaya_poly,Siaya,public,artisan,maker,E,no,12,67189,derived,"Programme named in Siaya National Polytechnic's published artisan course list (formerly Siaya Institute of Technology). The institution's published artisan minimum is given as a KCPE certificate or a KCSE mean grade of D-. A KCPE certificate is an alternative to the KCSE grade rather than an addition to it, so a learner holding an E clears the published bar and E is recorded. That is the same reading already applied at Kisumu, Eldoret, Kisii, Michuki and Bureti, whose published minimum has the identical shape. Recording the D- branch instead removed this course from the screen of the learner least likely to have another option, and left Siaya reading as blind to an E-grade learner while its own national polytechnic sat in the catalogue. Ask the registrar whether KCPE alone is accepted. KNEC modular courses are being phased out for CBET, so confirm which curriculum the current intake runs. Fee derived from the government's consolidated annual public-TVET fee of Ksh 67,189 (effective May 2026). Artisan fees vary more than diploma fees and published per-institution figures conflict, so treat this as an order of magnitude and confirm with the registrar."
c483,Artisan in Food and Beverage,Siaya National Polytechnic,siaya_poly,Siaya,public,artisan,creator,E,no,12,67189,derived,"Programme named in Siaya National Polytechnic's published artisan course list (formerly Siaya Institute of Technology). The institution's published artisan minimum is given as a KCPE certificate or a KCSE mean grade of D-. A KCPE certificate is an alternative to the KCSE grade rather than an addition to it, so a learner holding an E clears the published bar and E is recorded. That is the same reading already applied at Kisumu, Eldoret, Kisii, Michuki and Bureti, whose published minimum has the identical shape. Recording the D- branch instead removed this course from the screen of the learner least likely to have another option, and left Siaya reading as blind to an E-grade learner while its own national polytechnic sat in the catalogue. Ask the registrar whether KCPE alone is accepted. KNEC modular courses are being phased out for CBET, so confirm which curriculum the current intake runs. Fee derived from the government's consolidated annual public-TVET fee of Ksh 67,189 (effective May 2026). Artisan fees vary more than diploma fees and published per-institution figures conflict, so treat this as an order of magnitude and confirm with the registrar."
c484,Artisan in Motor Vehicle Mechanics,Siaya National Polytechnic,siaya_poly,Siaya,public,artisan,maker,E,no,12,67189,derived,"Programme named in Siaya National Polytechnic's published artisan course list (formerly Siaya Institute of Technology). The institution's published artisan minimum is given as a KCPE certificate or a KCSE mean grade of D-. A KCPE certificate is an alternative to the KCSE grade rather than an addition to it, so a learner holding an E clears the published bar and E is recorded. That is the same reading already applied at Kisumu, Eldoret, Kisii, Michuki and Bureti, whose published minimum has the identical shape. Recording the D- branch instead removed this course from the screen of the learner least likely to have another option, and left Siaya reading as blind to an E-grade learner while its own national polytechnic sat in the catalogue. Ask the registrar whether KCPE alone is accepted. KNEC modular courses are being phased out for CBET, so confirm which curriculum the current intake runs. Fee derived from the government's consolidated annual public-TVET fee of Ksh 67,189 (effective May 2026). Artisan fees vary more than diploma fees and published per-institution figures conflict, so treat this as an order of magnitude and confirm with the registrar."
c485,Artisan in Welding and Fabrication,Siaya National Polytechnic,siaya_poly,Siaya,public,artisan,maker,E,no,12,67189,derived,"Programme named in Siaya National Polytechnic's published artisan course list (formerly Siaya Institute of Technology). The institution's published artisan minimum is given as a KCPE certificate or a KCSE mean grade of D-. A KCPE certificate is an alternative to the KCSE grade rather than an addition to it, so a learner holding an E clears the published bar and E is recorded. That is the same reading already applied at Kisumu, Eldoret, Kisii, Michuki and Bureti, whose published minimum has the identical shape. Recording the D- branch instead removed this course from the screen of the learner least likely to have another option, and left Siaya reading as blind to an E-grade learner while its own national polytechnic sat in the catalogue. Ask the registrar whether KCPE alone is accepted. KNEC modular courses are being phased out for CBET, so confirm which curriculum the current intake runs. Fee derived from the government's consolidated annual public-TVET fee of Ksh 67,189 (effective May 2026). Artisan fees vary more than diploma fees and published per-institution figures conflict, so treat this as an order of magnitude and confirm with the registrar."
c145,Certificate in Community Health Assistant,Kenya Medical Training College (KMTC) — Wundanyi Campus,kmtc_taita,Taita-Taveta,public,certificate,carer,C-,no,24,160200,derived,"KMTC publishes one national fee structure across all campuses, so this figure does not depend on which campus you attend: Ksh 82,200 in Year 1 and Ksh 78,000 in each subsequent year for regular Kenyan students, 2025/26 structure (kmtc.ac.ke, cross-reported by Tuko, EduGuide and Education News Hub, August 2026). Totals here are that schedule multiplied out by course length. Tuition only — accommodation, meals and skills-lab charges are extra and vary by campus. A non-refundable Ksh 1,500 application fee applies. Confirm with the campus before paying. Entry was previously recorded here as a D+ mean grade. That was wrong, and the error is worth naming: D+ is the BIOLOGY SUBJECT requirement for this award, not the mean grade, and it had been written into the mean-grade field. KMTC publishes a minimum KCSE mean grade of C- for every certificate programme, with the cluster-subject requirement on top - for this course a D+ in Biology or Biological Sciences and a D in one of Mathematics, Chemistry, Physics or Physical Sciences. So the C- is needed overall AND the subject grades on top. The duration and the fee moved with it: the certificate runs two years rather than one, so the national schedule multiplies out to Ksh 160,200 instead of Ksh 82,200."
c144,Diploma in Kenya Registered Community Health Nursing (KRCHN),Kenya Medical Training College (KMTC) — Wundanyi Campus,kmtc_taita,Taita-Taveta,public,diploma,carer,C+,no,36,238200,derived,"KMTC publishes one national fee structure across all campuses, so this figure does not depend on which campus you attend: Ksh 82,200 in Year 1 and Ksh 78,000 in each subsequent year for regular Kenyan students, 2025/26 structure (kmtc.ac.ke, cross-reported by Tuko, EduGuide and Education News Hub, August 2026). Totals here are that schedule multiplied out by course length. Tuition only — accommodation, meals and skills-lab charges are extra and vary by campus. A non-refundable Ksh 1,500 application fee applies. Confirm with the campus before paying."
c476,"Artisan Certificate in Food and Beverage Production, Service and Sales",Taita Taveta National Polytechnic,taita_poly,Taita-Taveta,public,artisan,creator,E,no,12,67189,derived,"Programme named in Taita Taveta National Polytechnic's published artisan course list (the institution was formerly Coast Institute of Technology). The polytechnic's own artisan entry bar was NOT reachable from any source Njia could open, so the grade here is the KUCCPS national floor - KUCCPS states the minimum to apply for an Artisan certificate is E - and not an institutional figure. Confirm the bar with the registrar; if the polytechnic publishes something higher, this record under-claims rather than shutting a learner out. Fee derived from the government's consolidated annual public-TVET fee of Ksh 67,189 (effective May 2026). Artisan fees vary more than diploma fees and published per-institution figures conflict, so treat this as an order of magnitude and confirm with the registrar."
c473,Artisan Certificate in Motor Vehicle Mechanics,Taita Taveta National Polytechnic,taita_poly,Taita-Taveta,public,artisan,maker,E,no,12,67189,derived,"Programme named in Taita Taveta National Polytechnic's published artisan course list (the institution was formerly Coast Institute of Technology). The polytechnic's own artisan entry bar was NOT reachable from any source Njia could open, so the grade here is the KUCCPS national floor - KUCCPS states the minimum to apply for an Artisan certificate is E - and not an institutional figure. Confirm the bar with the registrar; if the polytechnic publishes something higher, this record under-claims rather than shutting a learner out. Fee derived from the government's consolidated annual public-TVET fee of Ksh 67,189 (effective May 2026). Artisan fees vary more than diploma fees and published per-institution figures conflict, so treat this as an order of magnitude and confirm with the registrar."
c475,Artisan Certificate in Salesmanship,Taita Taveta National Polytechnic,taita_poly,Taita-Taveta,public,artisan,business,E,no,12,67189,derived,"Programme named in Taita Taveta National Polytechnic's published artisan course list (the institution was formerly Coast Institute of Technology). The polytechnic's own artisan entry bar was NOT reachable from any source Njia could open, so the grade here is the KUCCPS national floor - KUCCPS states the minimum to apply for an Artisan certificate is E - and not an institutional figure. Confirm the bar with the registrar; if the polytechnic publishes something higher, this record under-claims rather than shutting a learner out. Fee derived from the government's consolidated annual public-TVET fee of Ksh 67,189 (effective May 2026). Artisan fees vary more than diploma fees and published per-institution figures conflict, so treat this as an order of magnitude and confirm with the registrar."
c474,Artisan Certificate in Storekeeping,Taita Taveta National Polytechnic,taita_poly,Taita-Taveta,public,artisan,business,E,no,12,67189,derived,"Programme named in Taita Taveta National Polytechnic's published artisan course list (the institution was formerly Coast Institute of Technology). The polytechnic's own artisan entry bar was NOT reachable from any source Njia could open, so the grade here is the KUCCPS national floor - KUCCPS states the minimum to apply for an Artisan certificate is E - and not an institutional figure. Confirm the bar with the registrar; if the polytechnic publishes something higher, this record under-claims rather than shutting a learner out. Fee derived from the government's consolidated annual public-TVET fee of Ksh 67,189 (effective May 2026). Artisan fees vary more than diploma fees and published per-institution figures conflict, so treat this as an order of magnitude and confirm with the registrar."
c472,Artisan in Electrical Installations,Taita Taveta National Polytechnic,taita_poly,Taita-Taveta,public,artisan,maker,E,no,12,67189,derived,"Programme named in Taita Taveta National Polytechnic's published artisan course list (the institution was formerly Coast Institute of Technology). The polytechnic's own artisan entry bar was NOT reachable from any source Njia could open, so the grade here is the KUCCPS national floor - KUCCPS states the minimum to apply for an Artisan certificate is E - and not an institutional figure. Confirm the bar with the registrar; if the polytechnic publishes something higher, this record under-claims rather than shutting a learner out. Fee derived from the government's consolidated annual public-TVET fee of Ksh 67,189 (effective May 2026). Artisan fees vary more than diploma fees and published per-institution figures conflict, so treat this as an order of magnitude and confirm with the registrar."
c421,Bachelor of Science in Geomatics Engineering and Geospatial Information Systems,Taita Taveta University,ttu,Taita-Taveta,public,degree,numbers,C+,no,60,,unpublished,"Taita Taveta University is CUE-chartered and places through KUCCPS as institution 1091 (cross-reported August 2026). A published fee structure exists but the per-programme figure could not be verified from any reachable source, so none is shown rather than a guessed one. The C+ shown is Kenya's statutory university entry floor, not this programme's cut-off, which KUCCPS sets each cycle. Confirm both with the university."
c420,Bachelor of Science in Mining and Mineral Processing Engineering,Taita Taveta University,ttu,Taita-Taveta,public,degree,maker,C+,no,60,,unpublished,"Taita Taveta University is CUE-chartered and places through KUCCPS as institution 1091; the programme appears on the national list of recognised engineering degrees and the university is described in government and press reporting as the pioneer mining and mineral processing institution in the region (cross-reported August 2026). A published fee structure exists — course-listing aggregators reference one — but the per-programme figure could not be verified from any source reachable here, so none is shown rather than a guessed one. That is the second kind of absence: the number exists and is worth asking the university for directly, unlike the colleges elsewhere in this catalogue that publish nothing at all. The C+ shown is Kenya's statutory university entry floor, NOT this programme's cut-off: engineering cluster points are set by KUCCPS each cycle and run well above the floor. Confirm both the fee and the current cut-off with the university before planning around them."
c422,Diploma in Civil Engineering,Taita Taveta University,ttu,Taita-Taveta,public,diploma,maker,C-,no,36,,unpublished,"Taita Taveta University lists diploma programmes in civil, mechanical and electrical engineering alongside its degrees (cross-reported August 2026). The per-programme figure could not be verified from any reachable source, so none is shown rather than a guessed one. C- is the standard Kenyan diploma entry floor; confirm the current requirement and the fee with the university."
c147,Certificate in Community Health Assistant,Kenya Medical Training College (KMTC) — Hola Campus,kmtc_tanariver,Tana River,public,certificate,carer,C-,no,24,160200,derived,"KMTC publishes one national fee structure across all campuses, so this figure does not depend on which campus you attend: Ksh 82,200 in Year 1 and Ksh 78,000 in each subsequent year for regular Kenyan students, 2025/26 structure (kmtc.ac.ke, cross-reported by Tuko, EduGuide and Education News Hub, August 2026). Totals here are that schedule multiplied out by course length. Tuition only — accommodation, meals and skills-lab charges are extra and vary by campus. A non-refundable Ksh 1,500 application fee applies. Confirm with the campus before paying. Entry was previously recorded here as a D+ mean grade. That was wrong, and the error is worth naming: D+ is the BIOLOGY SUBJECT requirement for this award, not the mean grade, and it had been written into the mean-grade field. KMTC publishes a minimum KCSE mean grade of C- for every certificate programme, with the cluster-subject requirement on top - for this course a D+ in Biology or Biological Sciences and a D in one of Mathematics, Chemistry, Physics or Physical Sciences. So the C- is needed overall AND the subject grades on top. The duration and the fee moved with it: the certificate runs two years rather than one, so the national schedule multiplies out to Ksh 160,200 instead of Ksh 82,200."
c879,Certificate in Health Records and Information Technology,Kenya Medical Training College (KMTC) — Hola Campus,kmtc_tanariver,Tana River,public,certificate,numbers,C-,no,24,160200,illustrative,"KMTC Tana River Campus opened in Hola town in September 2016 as the first higher-learning institution in Tana River County, and Health Records and Information Technology was the course it opened with. This programme is named on the campus’s own published course list - KMTC runs more than 126 programmes nationally but not every campus runs every one, so a national list is not evidence that a course is taught at this campus. KMTC publishes a minimum KCSE mean grade of C- for every certificate programme, with the cluster-subject requirement on top, so the C- is needed overall AND the subject grades. Certificate courses run two years, except nursing which runs two and a half. KMTC publishes one national fee structure across all campuses: Ksh 82,200 in Year 1 and Ksh 78,000 in each subsequent year for regular Kenyan students, 2025/26 structure. Total here is that schedule multiplied out by course length. Tuition only - accommodation, meals and skills-lab charges are extra and vary by campus. A non-refundable Ksh 1,500 application fee applies. Confirm with the campus before paying."
c146,Diploma in Kenya Registered Community Health Nursing (KRCHN),Kenya Medical Training College (KMTC) — Hola Campus,kmtc_tanariver,Tana River,public,diploma,carer,C+,no,36,238200,derived,"KMTC publishes one national fee structure across all campuses, so this figure does not depend on which campus you attend: Ksh 82,200 in Year 1 and Ksh 78,000 in each subsequent year for regular Kenyan students, 2025/26 structure (kmtc.ac.ke, cross-reported by Tuko, EduGuide and Education News Hub, August 2026). Totals here are that schedule multiplied out by course length. Tuition only — accommodation, meals and skills-lab charges are extra and vary by campus. A non-refundable Ksh 1,500 application fee applies. Confirm with the campus before paying."
c564,Bachelor of Commerce,Chuka University,chuka,Tharaka-Nithi,public,degree,business,C+,no,48,,unpublished,"Chuka University is a public chartered university and had not been listed here at all. Programme named in its published course listing; degrees are placed through KUCCPS at the national minimum of a KCSE mean grade of C+, with cluster-point cut-offs that move every cycle, so C+ is the floor to be eligible to apply rather than a guarantee of a place - check the current cut-off on the KUCCPS portal. It does not publish a single per-programme price: Kenya retired the Differentiated Unit Cost in May 2023 for the Student-Centred Funding Model, under which what a student pays is set by an assessed means band, so no fee is shown rather than a guessed one. The university also runs 25 diploma and 20 certificate programmes, which enter well below C+ and are the more useful route for many readers here; their individual names were not published in any source reachable from this build, so they are not listed and are worth asking about."
c556,Bachelor of Education (Arts),Chuka University,chuka,Tharaka-Nithi,public,degree,people,C+,no,48,,unpublished,"Chuka University is a public chartered university and had not been listed here at all. Programme named in its published course listing; degrees are placed through KUCCPS at the national minimum of a KCSE mean grade of C+, with cluster-point cut-offs that move every cycle, so C+ is the floor to be eligible to apply rather than a guarantee of a place - check the current cut-off on the KUCCPS portal. It does not publish a single per-programme price: Kenya retired the Differentiated Unit Cost in May 2023 for the Student-Centred Funding Model, under which what a student pays is set by an assessed means band, so no fee is shown rather than a guessed one. The university also runs 25 diploma and 20 certificate programmes, which enter well below C+ and are the more useful route for many readers here; their individual names were not published in any source reachable from this build, so they are not listed and are worth asking about."
c557,Bachelor of Education (Science),Chuka University,chuka,Tharaka-Nithi,public,degree,people,C+,no,48,,unpublished,"Chuka University is a public chartered university and had not been listed here at all. Programme named in its published course listing; degrees are placed through KUCCPS at the national minimum of a KCSE mean grade of C+, with cluster-point cut-offs that move every cycle, so C+ is the floor to be eligible to apply rather than a guarantee of a place - check the current cut-off on the KUCCPS portal. It does not publish a single per-programme price: Kenya retired the Differentiated Unit Cost in May 2023 for the Student-Centred Funding Model, under which what a student pays is set by an assessed means band, so no fee is shown rather than a guessed one. The university also runs 25 diploma and 20 certificate programmes, which enter well below C+ and are the more useful route for many readers here; their individual names were not published in any source reachable from this build, so they are not listed and are worth asking about."
c558,Bachelor of Science in Agribusiness Management,Chuka University,chuka,Tharaka-Nithi,public,degree,business,C+,no,48,,unpublished,"Chuka University is a public chartered university and had not been listed here at all. Programme named in its published course listing; degrees are placed through KUCCPS at the national minimum of a KCSE mean grade of C+, with cluster-point cut-offs that move every cycle, so C+ is the floor to be eligible to apply rather than a guarantee of a place - check the current cut-off on the KUCCPS portal. It does not publish a single per-programme price: Kenya retired the Differentiated Unit Cost in May 2023 for the Student-Centred Funding Model, under which what a student pays is set by an assessed means band, so no fee is shown rather than a guessed one. The university also runs 25 diploma and 20 certificate programmes, which enter well below C+ and are the more useful route for many readers here; their individual names were not published in any source reachable from this build, so they are not listed and are worth asking about."
c569,Bachelor of Science in Air Travel and Aviation Management,Chuka University,chuka,Tharaka-Nithi,public,degree,business,C+,no,48,,unpublished,"Chuka University is a public chartered university and had not been listed here at all. Programme named in its published course listing; degrees are placed through KUCCPS at the national minimum of a KCSE mean grade of C+, with cluster-point cut-offs that move every cycle, so C+ is the floor to be eligible to apply rather than a guarantee of a place - check the current cut-off on the KUCCPS portal. It does not publish a single per-programme price: Kenya retired the Differentiated Unit Cost in May 2023 for the Student-Centred Funding Model, under which what a student pays is set by an assessed means band, so no fee is shown rather than a guessed one. The university also runs 25 diploma and 20 certificate programmes, which enter well below C+ and are the more useful route for many readers here; their individual names were not published in any source reachable from this build, so they are not listed and are worth asking about."
c559,Bachelor of Science in Animal Science and Animal Health,Chuka University,chuka,Tharaka-Nithi,public,degree,maker,C+,no,48,,unpublished,"Chuka University is a public chartered university and had not been listed here at all. Programme named in its published course listing; degrees are placed through KUCCPS at the national minimum of a KCSE mean grade of C+, with cluster-point cut-offs that move every cycle, so C+ is the floor to be eligible to apply rather than a guarantee of a place - check the current cut-off on the KUCCPS portal. It does not publish a single per-programme price: Kenya retired the Differentiated Unit Cost in May 2023 for the Student-Centred Funding Model, under which what a student pays is set by an assessed means band, so no fee is shown rather than a guessed one. The university also runs 25 diploma and 20 certificate programmes, which enter well below C+ and are the more useful route for many readers here; their individual names were not published in any source reachable from this build, so they are not listed and are worth asking about."
c562,Bachelor of Science in Computer Science,Chuka University,chuka,Tharaka-Nithi,public,degree,tech,C+,no,48,,unpublished,"Chuka University is a public chartered university and had not been listed here at all. Programme named in its published course listing; degrees are placed through KUCCPS at the national minimum of a KCSE mean grade of C+, with cluster-point cut-offs that move every cycle, so C+ is the floor to be eligible to apply rather than a guarantee of a place - check the current cut-off on the KUCCPS portal. It does not publish a single per-programme price: Kenya retired the Differentiated Unit Cost in May 2023 for the Student-Centred Funding Model, under which what a student pays is set by an assessed means band, so no fee is shown rather than a guessed one. The university also runs 25 diploma and 20 certificate programmes, which enter well below C+ and are the more useful route for many readers here; their individual names were not published in any source reachable from this build, so they are not listed and are worth asking about."
c563,Bachelor of Science in Environmental Science,Chuka University,chuka,Tharaka-Nithi,public,degree,numbers,C+,no,48,,unpublished,"Chuka University is a public chartered university and had not been listed here at all. Programme named in its published course listing; degrees are placed through KUCCPS at the national minimum of a KCSE mean grade of C+, with cluster-point cut-offs that move every cycle, so C+ is the floor to be eligible to apply rather than a guarantee of a place - check the current cut-off on the KUCCPS portal. It does not publish a single per-programme price: Kenya retired the Differentiated Unit Cost in May 2023 for the Student-Centred Funding Model, under which what a student pays is set by an assessed means band, so no fee is shown rather than a guessed one. The university also runs 25 diploma and 20 certificate programmes, which enter well below C+ and are the more useful route for many readers here; their individual names were not published in any source reachable from this build, so they are not listed and are worth asking about."
c560,Bachelor of Science in Food Science and Technology,Chuka University,chuka,Tharaka-Nithi,public,degree,maker,C+,no,48,,unpublished,"Chuka University is a public chartered university and had not been listed here at all. Programme named in its published course listing; degrees are placed through KUCCPS at the national minimum of a KCSE mean grade of C+, with cluster-point cut-offs that move every cycle, so C+ is the floor to be eligible to apply rather than a guarantee of a place - check the current cut-off on the KUCCPS portal. It does not publish a single per-programme price: Kenya retired the Differentiated Unit Cost in May 2023 for the Student-Centred Funding Model, under which what a student pays is set by an assessed means band, so no fee is shown rather than a guessed one. The university also runs 25 diploma and 20 certificate programmes, which enter well below C+ and are the more useful route for many readers here; their individual names were not published in any source reachable from this build, so they are not listed and are worth asking about."
c568,Bachelor of Science in Health Records and Information Management,Chuka University,chuka,Tharaka-Nithi,public,degree,people,C+,no,48,,unpublished,"Chuka University is a public chartered university and had not been listed here at all. Programme named in its published course listing; degrees are placed through KUCCPS at the national minimum of a KCSE mean grade of C+, with cluster-point cut-offs that move every cycle, so C+ is the floor to be eligible to apply rather than a guarantee of a place - check the current cut-off on the KUCCPS portal. It does not publish a single per-programme price: Kenya retired the Differentiated Unit Cost in May 2023 for the Student-Centred Funding Model, under which what a student pays is set by an assessed means band, so no fee is shown rather than a guessed one. The university also runs 25 diploma and 20 certificate programmes, which enter well below C+ and are the more useful route for many readers here; their individual names were not published in any source reachable from this build, so they are not listed and are worth asking about."
c561,Bachelor of Science in Horticulture and Crop Protection,Chuka University,chuka,Tharaka-Nithi,public,degree,maker,C+,no,48,,unpublished,"Chuka University is a public chartered university and had not been listed here at all. Programme named in its published course listing; degrees are placed through KUCCPS at the national minimum of a KCSE mean grade of C+, with cluster-point cut-offs that move every cycle, so C+ is the floor to be eligible to apply rather than a guarantee of a place - check the current cut-off on the KUCCPS portal. It does not publish a single per-programme price: Kenya retired the Differentiated Unit Cost in May 2023 for the Student-Centred Funding Model, under which what a student pays is set by an assessed means band, so no fee is shown rather than a guessed one. The university also runs 25 diploma and 20 certificate programmes, which enter well below C+ and are the more useful route for many readers here; their individual names were not published in any source reachable from this build, so they are not listed and are worth asking about."
c566,Bachelor of Science in Human Nutrition and Dietetics,Chuka University,chuka,Tharaka-Nithi,public,degree,carer,C+,no,48,,unpublished,"Chuka University is a public chartered university and had not been listed here at all. Programme named in its published course listing; degrees are placed through KUCCPS at the national minimum of a KCSE mean grade of C+, with cluster-point cut-offs that move every cycle, so C+ is the floor to be eligible to apply rather than a guarantee of a place - check the current cut-off on the KUCCPS portal. It does not publish a single per-programme price: Kenya retired the Differentiated Unit Cost in May 2023 for the Student-Centred Funding Model, under which what a student pays is set by an assessed means band, so no fee is shown rather than a guessed one. The university also runs 25 diploma and 20 certificate programmes, which enter well below C+ and are the more useful route for many readers here; their individual names were not published in any source reachable from this build, so they are not listed and are worth asking about."
c565,Bachelor of Science in Nursing (Basic),Chuka University,chuka,Tharaka-Nithi,public,degree,carer,C+,no,48,,unpublished,"Chuka University is a public chartered university and had not been listed here at all. Programme named in its published course listing; degrees are placed through KUCCPS at the national minimum of a KCSE mean grade of C+, with cluster-point cut-offs that move every cycle, so C+ is the floor to be eligible to apply rather than a guarantee of a place - check the current cut-off on the KUCCPS portal. It does not publish a single per-programme price: Kenya retired the Differentiated Unit Cost in May 2023 for the Student-Centred Funding Model, under which what a student pays is set by an assessed means band, so no fee is shown rather than a guessed one. The university also runs 25 diploma and 20 certificate programmes, which enter well below C+ and are the more useful route for many readers here; their individual names were not published in any source reachable from this build, so they are not listed and are worth asking about."
c567,Bachelor of Science in Public Health,Chuka University,chuka,Tharaka-Nithi,public,degree,carer,C+,no,48,,unpublished,"Chuka University is a public chartered university and had not been listed here at all. Programme named in its published course listing; degrees are placed through KUCCPS at the national minimum of a KCSE mean grade of C+, with cluster-point cut-offs that move every cycle, so C+ is the floor to be eligible to apply rather than a guarantee of a place - check the current cut-off on the KUCCPS portal. It does not publish a single per-programme price: Kenya retired the Differentiated Unit Cost in May 2023 for the Student-Centred Funding Model, under which what a student pays is set by an assessed means band, so no fee is shown rather than a guessed one. The university also runs 25 diploma and 20 certificate programmes, which enter well below C+ and are the more useful route for many readers here; their individual names were not published in any source reachable from this build, so they are not listed and are worth asking about."
c149,Certificate in Community Health Assistant,Kenya Medical Training College (KMTC) — Chuka Campus,kmtc_tharaka,Tharaka-Nithi,public,certificate,carer,C-,no,24,160200,derived,"KMTC publishes one national fee structure across all campuses, so this figure does not depend on which campus you attend: Ksh 82,200 in Year 1 and Ksh 78,000 in each subsequent year for regular Kenyan students, 2025/26 structure (kmtc.ac.ke, cross-reported by Tuko, EduGuide and Education News Hub, August 2026). Totals here are that schedule multiplied out by course length. Tuition only — accommodation, meals and skills-lab charges are extra and vary by campus. A non-refundable Ksh 1,500 application fee applies. Confirm with the campus before paying. Entry was previously recorded here as a D+ mean grade. That was wrong, and the error is worth naming: D+ is the BIOLOGY SUBJECT requirement for this award, not the mean grade, and it had been written into the mean-grade field. KMTC publishes a minimum KCSE mean grade of C- for every certificate programme, with the cluster-subject requirement on top - for this course a D+ in Biology or Biological Sciences and a D in one of Mathematics, Chemistry, Physics or Physical Sciences. So the C- is needed overall AND the subject grades on top. The duration and the fee moved with it: the certificate runs two years rather than one, so the national schedule multiplies out to Ksh 160,200 instead of Ksh 82,200."
c148,Diploma in Kenya Registered Community Health Nursing (KRCHN),Kenya Medical Training College (KMTC) — Chuka Campus,kmtc_tharaka,Tharaka-Nithi,public,diploma,carer,C+,no,36,238200,derived,"KMTC publishes one national fee structure across all campuses, so this figure does not depend on which campus you attend: Ksh 82,200 in Year 1 and Ksh 78,000 in each subsequent year for regular Kenyan students, 2025/26 structure (kmtc.ac.ke, cross-reported by Tuko, EduGuide and Education News Hub, August 2026). Totals here are that schedule multiplied out by course length. Tuition only — accommodation, meals and skills-lab charges are extra and vary by campus. A non-refundable Ksh 1,500 application fee applies. Confirm with the campus before paying."
c141,Certificate in Community Health Assistant,Kenya Medical Training College (KMTC) — Kitale Campus,kmtc_transnzoia,Trans Nzoia,public,certificate,carer,C-,no,24,160200,derived,"KMTC publishes one national fee structure across all campuses, so this figure does not depend on which campus you attend: Ksh 82,200 in Year 1 and Ksh 78,000 in each subsequent year for regular Kenyan students, 2025/26 structure (kmtc.ac.ke, cross-reported by Tuko, EduGuide and Education News Hub, August 2026). Totals here are that schedule multiplied out by course length. Tuition only — accommodation, meals and skills-lab charges are extra and vary by campus. A non-refundable Ksh 1,500 application fee applies. Confirm with the campus before paying. Entry was previously recorded here as a D+ mean grade. That was wrong, and the error is worth naming: D+ is the BIOLOGY SUBJECT requirement for this award, not the mean grade, and it had been written into the mean-grade field. KMTC publishes a minimum KCSE mean grade of C- for every certificate programme, with the cluster-subject requirement on top - for this course a D+ in Biology or Biological Sciences and a D in one of Mathematics, Chemistry, Physics or Physical Sciences. So the C- is needed overall AND the subject grades on top. The duration and the fee moved with it: the certificate runs two years rather than one, so the national schedule multiplies out to Ksh 160,200 instead of Ksh 82,200."
c140,Diploma in Kenya Registered Community Health Nursing (KRCHN),Kenya Medical Training College (KMTC) — Kitale Campus,kmtc_transnzoia,Trans Nzoia,public,diploma,carer,C+,no,36,238200,derived,"KMTC publishes one national fee structure across all campuses, so this figure does not depend on which campus you attend: Ksh 82,200 in Year 1 and Ksh 78,000 in each subsequent year for regular Kenyan students, 2025/26 structure (kmtc.ac.ke, cross-reported by Tuko, EduGuide and Education News Hub, August 2026). Totals here are that schedule multiplied out by course length. Tuition only — accommodation, meals and skills-lab charges are extra and vary by campus. A non-refundable Ksh 1,500 application fee applies. Confirm with the campus before paying."
c298,Certificate in Information Communication Technology (CDACC Level 5),Kitale Vocational Training Centre,kitalevtc,Trans Nzoia,public,certificate,tech,D,no,12,67189,derived,"Qualification is a TVET CDACC national curriculum at Level 5, so the same competencies and external assessment apply wherever it is taught. Entry at Level 4/5 is a KCSE mean grade of D plain — the reason this record exists, since Njia's business and finance clusters were until now almost entirely closed below C-. Fee derived from the government's consolidated annual public-TVET fee of Ksh 67,189 (inclusive of assessment fees, effective May 2026, announced by Education CS Julius Migos Ogamba on 6 March 2026 and reported across Kenyan sector coverage), scaled to course duration. Institutes bill per term and per-course amounts differ — confirm with the registrar, and confirm the college is currently accredited to assess this qualification."
c281,Certificate in Office Administration (CDACC Level 5),Kitale Vocational Training Centre,kitalevtc,Trans Nzoia,public,certificate,people,D,no,12,67189,derived,"Qualification is a TVET CDACC national curriculum at Level 5, so the same competencies and external assessment apply wherever it is taught. Entry at Level 4/5 is a KCSE mean grade of D plain — the reason this record exists, since Njia's business and finance clusters were until now almost entirely closed below C-. Fee derived from the government's consolidated annual public-TVET fee of Ksh 67,189 (inclusive of assessment fees, effective May 2026, announced by Education CS Julius Migos Ogamba on 6 March 2026 and reported across Kenyan sector coverage), scaled to course duration. Institutes bill per term and per-course amounts differ — confirm with the registrar, and confirm the college is currently accredited to assess this qualification."
c287,Certificate in Store Keeping (CDACC Level 5),Kitale Vocational Training Centre,kitalevtc,Trans Nzoia,public,certificate,business,D,no,12,67189,derived,"Qualification is a TVET CDACC national curriculum at Level 5, so the same competencies and external assessment apply wherever it is taught. Entry at Level 4/5 is a KCSE mean grade of D plain — the reason this record exists, since Njia's business and finance clusters were until now almost entirely closed below C-. Fee derived from the government's consolidated annual public-TVET fee of Ksh 67,189 (inclusive of assessment fees, effective May 2026, announced by Education CS Julius Migos Ogamba on 6 March 2026 and reported across Kenyan sector coverage), scaled to course duration. Institutes bill per term and per-course amounts differ — confirm with the registrar, and confirm the college is currently accredited to assess this qualification."
c246,NVCET in Appropriate Carpentry and Joinery (KNEC),Kitale Vocational Training Centre,kitalevtc,Trans Nzoia,public,artisan,maker,,yes,24,,unpublished,"Programme named in Kitale Vocational Training Centre's published course list. A public county VTC and a KNEC and NITA examination centre. County VTCs are TVETA-regulated and mostly admit KCPE graduates or KCSE D- and E, so min_grade is null. The centre publishes no fee structure, so no figure is shown rather than a guessed one — ask what is charged and what the county subsidises."
c249,NVCET in Fashion Design and Garment Making (KNEC),Kitale Vocational Training Centre,kitalevtc,Trans Nzoia,public,artisan,maker,,yes,24,,unpublished,"Programme named in Kitale Vocational Training Centre's published course list. A public county VTC and a KNEC and NITA examination centre. County VTCs are TVETA-regulated and mostly admit KCPE graduates or KCSE D- and E, so min_grade is null. The centre publishes no fee structure, so no figure is shown rather than a guessed one — ask what is charged and what the county subsidises."
c251,NVCET in Hairdressing and Beauty Therapy Technology (KNEC),Kitale Vocational Training Centre,kitalevtc,Trans Nzoia,public,artisan,creator,,yes,24,,unpublished,"Programme named in Kitale Vocational Training Centre's published course list, at NVCET Level I. A public county VTC and a KNEC and NITA examination centre. County VTCs are TVETA-regulated and mostly admit KCPE graduates or KCSE D- and E, so min_grade is null. The centre publishes no fee structure, so no figure is shown rather than a guessed one — ask what is charged and what the county subsidises."
c248,NVCET in Metal Processing Technology (KNEC),Kitale Vocational Training Centre,kitalevtc,Trans Nzoia,public,artisan,maker,,yes,24,,unpublished,"Programme named in Kitale Vocational Training Centre's published course list, offered at NVCET Levels I and II. A public county VTC and a KNEC and NITA examination centre. County VTCs are TVETA-regulated and mostly admit KCPE graduates or KCSE D- and E, so min_grade is null. The centre publishes no fee structure, so no figure is shown rather than a guessed one — ask what is charged and what the county subsidises."
c252,Trade Test in Hairdressing and Beauty Therapy Technology (NITA),Kitale Vocational Training Centre,kitalevtc,Trans Nzoia,public,artisan,creator,,yes,24,,unpublished,"Programme named in Kitale Vocational Training Centre's published course list. A public county VTC and a KNEC and NITA examination centre. County VTCs are TVETA-regulated and mostly admit KCPE graduates or KCSE D- and E, so min_grade is null. The centre publishes no fee structure, so no figure is shown rather than a guessed one — ask what is charged and what the county subsidises."
c250,Trade Test in Tailoring and Dressmaking (NITA),Kitale Vocational Training Centre,kitalevtc,Trans Nzoia,public,artisan,maker,,yes,24,,unpublished,"Programme named in Kitale Vocational Training Centre's published course list. A public county VTC and a KNEC and NITA examination centre. County VTCs are TVETA-regulated and mostly admit KCPE graduates or KCSE D- and E, so min_grade is null. The centre publishes no fee structure, so no figure is shown rather than a guessed one — ask what is charged and what the county subsidises."
c247,Trade Test in Welding and Fabrication (NITA),Kitale Vocational Training Centre,kitalevtc,Trans Nzoia,public,artisan,maker,,yes,24,,unpublished,"Programme named in Kitale Vocational Training Centre's published course list. A public county VTC and a KNEC and NITA examination centre. County VTCs are TVETA-regulated and mostly admit KCPE graduates or KCSE D- and E, so min_grade is null. The centre publishes no fee structure, so no figure is shown rather than a guessed one — ask what is charged and what the county subsidises."
c087,Certificate in Community Health Assistant,Kenya Medical Training College (KMTC) — Lodwar Campus,kmtc_turkana,Turkana,public,certificate,carer,C-,no,24,160200,derived,"KMTC publishes one national fee structure across all campuses, so this figure does not depend on which campus you attend: Ksh 82,200 in Year 1 and Ksh 78,000 in each subsequent year for regular Kenyan students, 2025/26 structure (kmtc.ac.ke, cross-reported by Tuko, EduGuide and Education News Hub, August 2026). Totals here are that schedule multiplied out by course length. Tuition only — accommodation, meals and skills-lab charges are extra and vary by campus. A non-refundable Ksh 1,500 application fee applies. Confirm with the campus before paying. Entry was previously recorded here as a D+ mean grade. That was wrong, and the error is worth naming: D+ is the BIOLOGY SUBJECT requirement for this award, not the mean grade, and it had been written into the mean-grade field. KMTC publishes a minimum KCSE mean grade of C- for every certificate programme, with the cluster-subject requirement on top - for this course a D+ in Biology or Biological Sciences and a D in one of Mathematics, Chemistry, Physics or Physical Sciences. So the C- is needed overall AND the subject grades on top. The duration and the fee moved with it: the certificate runs two years rather than one, so the national schedule multiplies out to Ksh 160,200 instead of Ksh 82,200."
c885,Certificate in Health Records and Information Technology,Kenya Medical Training College (KMTC) — Lodwar Campus,kmtc_turkana,Turkana,public,certificate,numbers,C-,no,24,160200,illustrative,"KMTC Lodwar Campus serves Turkana County, the largest county in Kenya by area and one of the most under-served for health training. KMTC runs more than 126 programmes nationally but not every campus runs every one, so a national list is not evidence that a course is taught at this campus. This programme is named on the campus’s own published course list. KMTC publishes a minimum KCSE mean grade of C- for every certificate programme, with the cluster-subject requirement on top, so the C- is needed overall AND the subject grades. Certificate courses run two years, except nursing which runs two and a half. KMTC publishes one national fee structure across all campuses: Ksh 82,200 in Year 1 and Ksh 78,000 in each subsequent year for regular Kenyan students, 2025/26 structure. Total here is that schedule multiplied out by course length. Tuition only - accommodation, meals and skills-lab charges are extra and vary by campus. A non-refundable Ksh 1,500 application fee applies. Confirm with the campus before paying."
c886,Diploma in Community Health and Development,Kenya Medical Training College (KMTC) — Lodwar Campus,kmtc_turkana,Turkana,public,diploma,people,C,no,36,238200,illustrative,"KMTC Lodwar Campus serves Turkana County, the largest county in Kenya by area and one of the most under-served for health training. KMTC runs more than 126 programmes nationally but not every campus runs every one, so a national list is not evidence that a course is taught at this campus. This programme is named on the campus’s own published course list. KMTC publishes a minimum KCSE mean grade of C plain for its diploma programmes, with cluster subjects in English or Kiswahili, Biology or Biological Sciences, and Mathematics, Chemistry or Physics. Diploma courses run three years, except Community Health Nursing which runs three and a half. KMTC publishes one national fee structure across all campuses: Ksh 82,200 in Year 1 and Ksh 78,000 in each subsequent year for regular Kenyan students, 2025/26 structure. Total here is that schedule multiplied out by course length. Tuition only - accommodation, meals and skills-lab charges are extra and vary by campus. A non-refundable Ksh 1,500 application fee applies. Confirm with the campus before paying."
c887,Diploma in Community Nutrition,Kenya Medical Training College (KMTC) — Lodwar Campus,kmtc_turkana,Turkana,public,diploma,carer,C,no,36,238200,illustrative,"KMTC Lodwar Campus serves Turkana County, the largest county in Kenya by area and one of the most under-served for health training. KMTC runs more than 126 programmes nationally but not every campus runs every one, so a national list is not evidence that a course is taught at this campus. This programme is named on the campus’s own published course list. KMTC publishes a minimum KCSE mean grade of C plain for its diploma programmes, with cluster subjects in English or Kiswahili, Biology or Biological Sciences, and Mathematics, Chemistry or Physics. Diploma courses run three years, except Community Health Nursing which runs three and a half. KMTC publishes one national fee structure across all campuses: Ksh 82,200 in Year 1 and Ksh 78,000 in each subsequent year for regular Kenyan students, 2025/26 structure. Total here is that schedule multiplied out by course length. Tuition only - accommodation, meals and skills-lab charges are extra and vary by campus. A non-refundable Ksh 1,500 application fee applies. Confirm with the campus before paying."
c086,Diploma in Kenya Registered Community Health Nursing (KRCHN),Kenya Medical Training College (KMTC) — Lodwar Campus,kmtc_turkana,Turkana,public,diploma,carer,C+,no,36,238200,derived,"KMTC publishes one national fee structure across all campuses, so this figure does not depend on which campus you attend: Ksh 82,200 in Year 1 and Ksh 78,000 in each subsequent year for regular Kenyan students, 2025/26 structure (kmtc.ac.ke, cross-reported by Tuko, EduGuide and Education News Hub, August 2026). Totals here are that schedule multiplied out by course length. Tuition only — accommodation, meals and skills-lab charges are extra and vary by campus. A non-refundable Ksh 1,500 application fee applies. Confirm with the campus before paying."
c438,Artisan in Food and Beverage Production and Service (KNEC),Lodwar Technical and Vocational College,lodwar_tvc,Turkana,public,artisan,creator,E,no,12,67189,derived,"Fee derived from the government's consolidated annual public-TVET fee of Ksh 67,189 (inclusive of assessment fees, effective May 2026, as announced by government and reported by Eastleigh Voice/sector coverage, August 2026), scaled to course duration. Institutes bill per term/year and per-course amounts can differ - confirm with the registrar. Lodwar Technical and Vocational College is registered by TVETA and examined by KNEC and CDACC, offering diploma, certificate and artisan courses plus short courses (lodwartvc.ac.ke and Kenyan education-sector coverage, cross-checked August 2026). Published entry: C- and above for diplomas, D plain and above for certificates, and other course categories open. The college runs more than the courses listed here - only those named in a reachable source are listed, so ask the college what else is running."
c439,NVCET in Food Processing Technology (KNEC),Lodwar Technical and Vocational College,lodwar_tvc,Turkana,public,artisan,maker,E,no,12,67189,derived,"Fee derived from the government's consolidated annual public-TVET fee of Ksh 67,189 (inclusive of assessment fees, effective May 2026, as announced by government and reported by Eastleigh Voice/sector coverage, August 2026), scaled to course duration. Institutes bill per term/year and per-course amounts can differ - confirm with the registrar. Lodwar Technical and Vocational College is registered by TVETA and examined by KNEC and CDACC, offering diploma, certificate and artisan courses plus short courses (lodwartvc.ac.ke and Kenyan education-sector coverage, cross-checked August 2026). Published entry: C- and above for diplomas, D plain and above for certificates, and other course categories open. The college runs more than the courses listed here - only those named in a reachable source are listed, so ask the college what else is running."
c459,Artisan Certificate in Information and Communication Technology,Eldoret National Polytechnic,ekp,Uasin Gishu,public,artisan,tech,E,no,12,67189,derived,"Fee derived from the government's consolidated annual public-TVET fee of Ksh 67,189 (inclusive of assessment fees, effective May 2026, as announced by government and reported by Eastleigh Voice/sector coverage, August 2026), scaled to course duration. Institutes bill per term/year and per-course amounts can differ - confirm with the registrar. The Eldoret National Polytechnic examines through KNEC with January, May and September intakes (tenp.ac.ke and Kenyan education-sector coverage, cross-checked August 2026). The published entry for artisan (Level 4) courses is a KCSE mean grade of D- or E, or a KCPE certificate - these are short, practical programmes built for quick employability. Only the artisan course named in a reachable source is listed here; the polytechnic runs more across its departments, so ask what is on offer."
c237,Artisan Certificate in Salesmanship,Eldoret National Polytechnic,ekp,Uasin Gishu,public,artisan,business,E,no,12,67189,derived,"Programme named in Eldoret National Polytechnic's published artisan course list. The institution publishes a minimum of KCSE mean grade D or a pass, which is above the KUCCPS national artisan floor of E — the institution's own figure is used. Fee derived from the government's consolidated annual public-TVET fee of Ksh 67,189 (effective May 2026), which sector reporting also gives as the average artisan programme cost. Confirm with the registrar. CORRECTION, August 2026: this record previously carried D, chosen as the more restrictive of conflicting figures. That is the right instinct on a fee and the wrong one on an entry grade - a grade set too high does not under-claim, it removes the card from the screen of the learner least likely to have another option. The Eldoret National Polytechnic publishes artisan (Level 4) entry as a KCSE mean grade of D- or E, or a KCPE certificate (tenp.ac.ke and Kenyan education-sector coverage, cross-checked August 2026), and E is the KUCCPS national artisan floor. Confirm the grade with the registrar before you rely on it."
c232,Artisan in Agricultural Machinery and Equipment,Eldoret National Polytechnic,ekp,Uasin Gishu,public,artisan,maker,E,no,12,67189,derived,"Programme named in Eldoret National Polytechnic's published artisan course list. The institution publishes a minimum of KCSE mean grade D or a pass, which is above the KUCCPS national artisan floor of E — the institution's own figure is used. Fee derived from the government's consolidated annual public-TVET fee of Ksh 67,189 (effective May 2026), which sector reporting also gives as the average artisan programme cost. Confirm with the registrar. CORRECTION, August 2026: this record previously carried D, chosen as the more restrictive of conflicting figures. That is the right instinct on a fee and the wrong one on an entry grade - a grade set too high does not under-claim, it removes the card from the screen of the learner least likely to have another option. The Eldoret National Polytechnic publishes artisan (Level 4) entry as a KCSE mean grade of D- or E, or a KCPE certificate (tenp.ac.ke and Kenyan education-sector coverage, cross-checked August 2026), and E is the KUCCPS national artisan floor. Confirm the grade with the registrar before you rely on it."
c236,Artisan in Beauty Therapy,Eldoret National Polytechnic,ekp,Uasin Gishu,public,artisan,creator,E,no,12,67189,derived,"Programme named in Eldoret National Polytechnic's published artisan course list. The institution publishes a minimum of KCSE mean grade D or a pass, which is above the KUCCPS national artisan floor of E — the institution's own figure is used. Fee derived from the government's consolidated annual public-TVET fee of Ksh 67,189 (effective May 2026), which sector reporting also gives as the average artisan programme cost. Confirm with the registrar. CORRECTION, August 2026: this record previously carried D, chosen as the more restrictive of conflicting figures. That is the right instinct on a fee and the wrong one on an entry grade - a grade set too high does not under-claim, it removes the card from the screen of the learner least likely to have another option. The Eldoret National Polytechnic publishes artisan (Level 4) entry as a KCSE mean grade of D- or E, or a KCPE certificate (tenp.ac.ke and Kenyan education-sector coverage, cross-checked August 2026), and E is the KUCCPS national artisan floor. Confirm the grade with the registrar before you rely on it."
c233,Artisan in Concrete Field Testing,Eldoret National Polytechnic,ekp,Uasin Gishu,public,artisan,maker,E,no,12,67189,derived,"Programme named in Eldoret National Polytechnic's published artisan course list. The institution publishes a minimum of KCSE mean grade D or a pass, which is above the KUCCPS national artisan floor of E — the institution's own figure is used. Fee derived from the government's consolidated annual public-TVET fee of Ksh 67,189 (effective May 2026), which sector reporting also gives as the average artisan programme cost. Confirm with the registrar. CORRECTION, August 2026: this record previously carried D, chosen as the more restrictive of conflicting figures. That is the right instinct on a fee and the wrong one on an entry grade - a grade set too high does not under-claim, it removes the card from the screen of the learner least likely to have another option. The Eldoret National Polytechnic publishes artisan (Level 4) entry as a KCSE mean grade of D- or E, or a KCPE certificate (tenp.ac.ke and Kenyan education-sector coverage, cross-checked August 2026), and E is the KUCCPS national artisan floor. Confirm the grade with the registrar before you rely on it."
c235,Artisan in Hairdressing,Eldoret National Polytechnic,ekp,Uasin Gishu,public,artisan,creator,E,no,12,67189,derived,"Programme named in Eldoret National Polytechnic's published artisan course list. The institution publishes a minimum of KCSE mean grade D or a pass, which is above the KUCCPS national artisan floor of E — the institution's own figure is used. Fee derived from the government's consolidated annual public-TVET fee of Ksh 67,189 (effective May 2026), which sector reporting also gives as the average artisan programme cost. Confirm with the registrar. CORRECTION, August 2026: this record previously carried D, chosen as the more restrictive of conflicting figures. That is the right instinct on a fee and the wrong one on an entry grade - a grade set too high does not under-claim, it removes the card from the screen of the learner least likely to have another option. The Eldoret National Polytechnic publishes artisan (Level 4) entry as a KCSE mean grade of D- or E, or a KCPE certificate (tenp.ac.ke and Kenyan education-sector coverage, cross-checked August 2026), and E is the KUCCPS national artisan floor. Confirm the grade with the registrar before you rely on it."
c234,Artisan in Tannery and Leather Works,Eldoret National Polytechnic,ekp,Uasin Gishu,public,artisan,maker,E,no,12,67189,derived,"Programme named in Eldoret National Polytechnic's published artisan course list. The institution publishes a minimum of KCSE mean grade D or a pass, which is above the KUCCPS national artisan floor of E — the institution's own figure is used. Fee derived from the government's consolidated annual public-TVET fee of Ksh 67,189 (effective May 2026), which sector reporting also gives as the average artisan programme cost. Confirm with the registrar. CORRECTION, August 2026: this record previously carried D, chosen as the more restrictive of conflicting figures. That is the right instinct on a fee and the wrong one on an entry grade - a grade set too high does not under-claim, it removes the card from the screen of the learner least likely to have another option. The Eldoret National Polytechnic publishes artisan (Level 4) entry as a KCSE mean grade of D- or E, or a KCPE certificate (tenp.ac.ke and Kenyan education-sector coverage, cross-checked August 2026), and E is the KUCCPS national artisan floor. Confirm the grade with the registrar before you rely on it."
c231,Artisan in Welding and Fabrication,Eldoret National Polytechnic,ekp,Uasin Gishu,public,artisan,maker,E,no,12,67189,derived,"Programme named in Eldoret National Polytechnic's published artisan course list. The institution publishes a minimum of KCSE mean grade D or a pass, which is above the KUCCPS national artisan floor of E — the institution's own figure is used. Fee derived from the government's consolidated annual public-TVET fee of Ksh 67,189 (effective May 2026), which sector reporting also gives as the average artisan programme cost. Confirm with the registrar. CORRECTION, August 2026: this record previously carried D, chosen as the more restrictive of conflicting figures. That is the right instinct on a fee and the wrong one on an entry grade - a grade set too high does not under-claim, it removes the card from the screen of the learner least likely to have another option. The Eldoret National Polytechnic publishes artisan (Level 4) entry as a KCSE mean grade of D- or E, or a KCPE certificate (tenp.ac.ke and Kenyan education-sector coverage, cross-checked August 2026), and E is the KUCCPS national artisan floor. Confirm the grade with the registrar before you rely on it."
c027,Certificate in Banking and Financial Services,Eldoret National Polytechnic,ekp,Uasin Gishu,public,certificate,numbers,D+,no,12,67189,derived,"Fee derived from the government's consolidated annual public-TVET fee of Ksh 67,189 (inclusive of assessment fees, effective May 2026, as announced by government and reported by Eastleigh Voice/sector coverage, August 2026), scaled to course duration. Institutes bill per term/year and per-course amounts can differ - confirm with the registrar."
c265,Certificate in Credit Management (CDACC Level 5),Eldoret National Polytechnic,ekp,Uasin Gishu,public,certificate,numbers,D,no,12,67189,derived,"Qualification is a TVET CDACC national curriculum at Level 5, so the same competencies and external assessment apply wherever it is taught. Entry at Level 4/5 is a KCSE mean grade of D plain — the reason this record exists, since Njia's business and finance clusters were until now almost entirely closed below C-. Fee derived from the government's consolidated annual public-TVET fee of Ksh 67,189 (inclusive of assessment fees, effective May 2026, announced by Education CS Julius Migos Ogamba on 6 March 2026 and reported across Kenyan sector coverage), scaled to course duration. Institutes bill per term and per-course amounts differ — confirm with the registrar, and confirm the college is currently accredited to assess this qualification."
c273,Diploma in Banking and Finance (CDACC Level 6),Eldoret National Polytechnic,ekp,Uasin Gishu,public,diploma,numbers,C-,no,24,134378,derived,"Qualification is a TVET CDACC national curriculum at Level 6, so the same competencies and external assessment apply wherever it is taught. Entry is a KCSE mean grade of C- and above, or completion of the Level 5 certificate in the same field — which is the ladder out of a D grade rather than a dead end. Fee derived from the government's consolidated annual public-TVET fee of Ksh 67,189 (inclusive of assessment fees, effective May 2026, announced by Education CS Julius Migos Ogamba on 6 March 2026 and reported across Kenyan sector coverage), scaled to course duration. Institutes bill per term and per-course amounts differ — confirm with the registrar, and confirm the college is currently accredited to assess this qualification."
c284,Diploma in Human Resource Management (CDACC Level 6),Eldoret National Polytechnic,ekp,Uasin Gishu,public,diploma,people,C-,no,24,134378,derived,"Qualification is a TVET CDACC national curriculum at Level 6, so the same competencies and external assessment apply wherever it is taught. Entry is a KCSE mean grade of C- and above, or completion of the Level 5 certificate in the same field — which is the ladder out of a D grade rather than a dead end. Fee derived from the government's consolidated annual public-TVET fee of Ksh 67,189 (inclusive of assessment fees, effective May 2026, announced by Education CS Julius Migos Ogamba on 6 March 2026 and reported across Kenyan sector coverage), scaled to course duration. Institutes bill per term and per-course amounts differ — confirm with the registrar, and confirm the college is currently accredited to assess this qualification."
c023,Diploma in Project Management,Eldoret National Polytechnic,ekp,Uasin Gishu,public,diploma,people,C-,no,18,100784,derived,"Fee derived from the government's consolidated annual public-TVET fee of Ksh 67,189 (inclusive of assessment fees, effective May 2026, as announced by government and reported by Eastleigh Voice/sector coverage, August 2026), scaled to course duration. Institutes bill per term/year and per-course amounts can differ - confirm with the registrar."
c295,Diploma in Supply Chain Management (CDACC Level 6),Eldoret National Polytechnic,ekp,Uasin Gishu,public,diploma,business,C-,no,24,134378,derived,"Qualification is a TVET CDACC national curriculum at Level 6, so the same competencies and external assessment apply wherever it is taught. Entry is a KCSE mean grade of C- and above, or completion of the Level 5 certificate in the same field — which is the ladder out of a D grade rather than a dead end. Fee derived from the government's consolidated annual public-TVET fee of Ksh 67,189 (inclusive of assessment fees, effective May 2026, announced by Education CS Julius Migos Ogamba on 6 March 2026 and reported across Kenyan sector coverage), scaled to course duration. Institutes bill per term and per-course amounts differ — confirm with the registrar, and confirm the college is currently accredited to assess this qualification."
c171,Certificate in Community Health Assistant,Kenya Medical Training College (KMTC) — Eldoret Campus,kmtc_eldoret,Uasin Gishu,public,certificate,carer,C-,no,24,160200,derived,"KMTC publishes one national fee structure across all campuses, so this figure does not depend on which campus you attend: Ksh 82,200 in Year 1 and Ksh 78,000 in each subsequent year for regular Kenyan students, 2025/26 structure (kmtc.ac.ke, cross-reported by Tuko, EduGuide and Education News Hub, August 2026). Totals here are that schedule multiplied out by course length. Tuition only — accommodation, meals and skills-lab charges are extra and vary by campus. A non-refundable Ksh 1,500 application fee applies. Confirm with the campus before paying. Entry was previously recorded here as a D+ mean grade. That was wrong, and the error is worth naming: D+ is the BIOLOGY SUBJECT requirement for this award, not the mean grade, and it had been written into the mean-grade field. KMTC publishes a minimum KCSE mean grade of C- for every certificate programme, with the cluster-subject requirement on top - for this course a D+ in Biology or Biological Sciences and a D in one of Mathematics, Chemistry, Physics or Physical Sciences. So the C- is needed overall AND the subject grades on top. The duration and the fee moved with it: the certificate runs two years rather than one, so the national schedule multiplies out to Ksh 160,200 instead of Ksh 82,200."
c170,Diploma in Kenya Registered Community Health Nursing (KRCHN),Kenya Medical Training College (KMTC) — Eldoret Campus,kmtc_eldoret,Uasin Gishu,public,diploma,carer,C+,no,36,238200,derived,"KMTC publishes one national fee structure across all campuses, so this figure does not depend on which campus you attend: Ksh 82,200 in Year 1 and Ksh 78,000 in each subsequent year for regular Kenyan students, 2025/26 structure (kmtc.ac.ke, cross-reported by Tuko, EduGuide and Education News Hub, August 2026). Totals here are that schedule multiplied out by course length. Tuition only — accommodation, meals and skills-lab charges are extra and vary by campus. A non-refundable Ksh 1,500 application fee applies. Confirm with the campus before paying."
c419,Certificate in Agriculture,Kenya School of Agriculture — Ainabkoi Campus,ksa_ainabkoi,Uasin Gishu,public,certificate,maker,D,no,12,,unpublished,"Kenya School of Agriculture is a college under the State Department for Crops Development, licensed by TVETA and examined by KNEC. Entry is a KCSE C- for diploma programmes and a D plain for craft certificates; diplomas run in three modules and craft certificates in two. The school does not publish a per-programme fee schedule in any source reachable here, so no figure is shown rather than a guessed one — confirm with the campus."
c418,Diploma in Sustainable Agriculture,Kenya School of Agriculture — Ainabkoi Campus,ksa_ainabkoi,Uasin Gishu,public,diploma,maker,C-,no,24,,unpublished,"Kenya School of Agriculture is a college under the State Department for Crops Development, licensed by TVETA and examined by KNEC. Entry is a KCSE C- for diploma programmes and a D plain for craft certificates; diplomas run in three modules and craft certificates in two. The school does not publish a per-programme fee schedule in any source reachable here, so no figure is shown rather than a guessed one — confirm with the campus."
c843,Bachelor of Arts in Anthropology,Moi University,moi,Uasin Gishu,public,degree,people,C+,no,48,,unpublished,"Moi University is a public university at Kesses in Uasin Gishu County, teaching through fourteen schools including Medicine, Dentistry, Engineering, Law, Business and Economics, Information Sciences, Nursing and Midwifery, Public Health, Agriculture and Natural Resources, Education, Arts and Social Sciences, Sciences and Aerospace Studies, and Tourism, Hospitality and Events Management. Programme named in Moi University's own published A-Z bachelors listing. Entry is recorded at the national CUE and KUCCPS degree minimum of a C+ mean grade, which is the bar that decides whether this card can appear for you at all. Confirm the programme code and the current cluster cut-off on the KUCCPS portal for the cycle you are applying in, because placement is competitive and cut-offs move every year. This is a public university, so there is no per-programme price to show: Kenya retired the Differentiated Unit Cost in May 2023 for the Student-Centred Funding Model, under which the university does not publish a single figure for a course - what you pay is set by the band a HELB means test places you in. /help/ explains the five bands and what each leaves the household to find."
c839,Bachelor of Arts in Communication and Journalism,Moi University,moi,Uasin Gishu,public,degree,creator,C+,no,48,,unpublished,"Moi University is a public university at Kesses in Uasin Gishu County, teaching through fourteen schools including Medicine, Dentistry, Engineering, Law, Business and Economics, Information Sciences, Nursing and Midwifery, Public Health, Agriculture and Natural Resources, Education, Arts and Social Sciences, Sciences and Aerospace Studies, and Tourism, Hospitality and Events Management. Programme named in Moi University's own published A-Z bachelors listing. Entry is recorded at the national CUE and KUCCPS degree minimum of a C+ mean grade, which is the bar that decides whether this card can appear for you at all. Confirm the programme code and the current cluster cut-off on the KUCCPS portal for the cycle you are applying in, because placement is competitive and cut-offs move every year. This is a public university, so there is no per-programme price to show: Kenya retired the Differentiated Unit Cost in May 2023 for the Student-Centred Funding Model, under which the university does not publish a single figure for a course - what you pay is set by the band a HELB means test places you in. /help/ explains the five bands and what each leaves the household to find."
c840,Bachelor of Arts in Communication and Public Relations,Moi University,moi,Uasin Gishu,public,degree,creator,C+,no,48,,unpublished,"Moi University is a public university at Kesses in Uasin Gishu County, teaching through fourteen schools including Medicine, Dentistry, Engineering, Law, Business and Economics, Information Sciences, Nursing and Midwifery, Public Health, Agriculture and Natural Resources, Education, Arts and Social Sciences, Sciences and Aerospace Studies, and Tourism, Hospitality and Events Management. Programme named in Moi University's own published A-Z bachelors listing. Entry is recorded at the national CUE and KUCCPS degree minimum of a C+ mean grade, which is the bar that decides whether this card can appear for you at all. Confirm the programme code and the current cluster cut-off on the KUCCPS portal for the cycle you are applying in, because placement is competitive and cut-offs move every year. This is a public university, so there is no per-programme price to show: Kenya retired the Differentiated Unit Cost in May 2023 for the Student-Centred Funding Model, under which the university does not publish a single figure for a course - what you pay is set by the band a HELB means test places you in. /help/ explains the five bands and what each leaves the household to find."
c841,Bachelor of Arts in Community Development,Moi University,moi,Uasin Gishu,public,degree,people,C+,no,48,,unpublished,"Moi University is a public university at Kesses in Uasin Gishu County, teaching through fourteen schools including Medicine, Dentistry, Engineering, Law, Business and Economics, Information Sciences, Nursing and Midwifery, Public Health, Agriculture and Natural Resources, Education, Arts and Social Sciences, Sciences and Aerospace Studies, and Tourism, Hospitality and Events Management. Programme named in Moi University's own published A-Z bachelors listing. Entry is recorded at the national CUE and KUCCPS degree minimum of a C+ mean grade, which is the bar that decides whether this card can appear for you at all. Confirm the programme code and the current cluster cut-off on the KUCCPS portal for the cycle you are applying in, because placement is competitive and cut-offs move every year. This is a public university, so there is no per-programme price to show: Kenya retired the Differentiated Unit Cost in May 2023 for the Student-Centred Funding Model, under which the university does not publish a single figure for a course - what you pay is set by the band a HELB means test places you in. /help/ explains the five bands and what each leaves the household to find."
c842,Bachelor of Arts in Counseling Psychology,Moi University,moi,Uasin Gishu,public,degree,people,C+,no,48,,unpublished,"Moi University is a public university at Kesses in Uasin Gishu County, teaching through fourteen schools including Medicine, Dentistry, Engineering, Law, Business and Economics, Information Sciences, Nursing and Midwifery, Public Health, Agriculture and Natural Resources, Education, Arts and Social Sciences, Sciences and Aerospace Studies, and Tourism, Hospitality and Events Management. Programme named in Moi University's own published A-Z bachelors listing. Entry is recorded at the national CUE and KUCCPS degree minimum of a C+ mean grade, which is the bar that decides whether this card can appear for you at all. Confirm the programme code and the current cluster cut-off on the KUCCPS portal for the cycle you are applying in, because placement is competitive and cut-offs move every year. This is a public university, so there is no per-programme price to show: Kenya retired the Differentiated Unit Cost in May 2023 for the Student-Centred Funding Model, under which the university does not publish a single figure for a course - what you pay is set by the band a HELB means test places you in. /help/ explains the five bands and what each leaves the household to find."
c022,Bachelor of Arts in Public Administration,Moi University,moi,Uasin Gishu,public,degree,people,C+,no,48,,unpublished,"The university does not publish a single per-programme price for this course, and that is the honest answer rather than a gap. Kenya retired the Differentiated Unit Cost in May 2023 for the Student-Centred Funding Model, under which what a student actually pays is set by an assessed means band - scholarship, loan and household contribution combined - rather than by one per-programme price. There is therefore no single number that is true for this course. This record previously displayed a precise-looking total carrying no citation of any kind. Check your own band on the HEF portal and confirm the balance with the university finance office."
c835,Bachelor of Business Management,Moi University,moi,Uasin Gishu,public,degree,business,C+,no,48,,unpublished,"Moi University is a public university at Kesses in Uasin Gishu County, teaching through fourteen schools including Medicine, Dentistry, Engineering, Law, Business and Economics, Information Sciences, Nursing and Midwifery, Public Health, Agriculture and Natural Resources, Education, Arts and Social Sciences, Sciences and Aerospace Studies, and Tourism, Hospitality and Events Management. Programme named in Moi University's own published A-Z bachelors listing. Entry is recorded at the national CUE and KUCCPS degree minimum of a C+ mean grade, which is the bar that decides whether this card can appear for you at all. Confirm the programme code and the current cluster cut-off on the KUCCPS portal for the cycle you are applying in, because placement is competitive and cut-offs move every year. This is a public university, so there is no per-programme price to show: Kenya retired the Differentiated Unit Cost in May 2023 for the Student-Centred Funding Model, under which the university does not publish a single figure for a course - what you pay is set by the band a HELB means test places you in. /help/ explains the five bands and what each leaves the household to find."
c838,Bachelor of Civil Aviation Management,Moi University,moi,Uasin Gishu,public,degree,business,C+,no,48,,unpublished,"Moi University is a public university at Kesses in Uasin Gishu County, teaching through fourteen schools including Medicine, Dentistry, Engineering, Law, Business and Economics, Information Sciences, Nursing and Midwifery, Public Health, Agriculture and Natural Resources, Education, Arts and Social Sciences, Sciences and Aerospace Studies, and Tourism, Hospitality and Events Management. Programme named in Moi University's own published A-Z bachelors listing. Entry is recorded at the national CUE and KUCCPS degree minimum of a C+ mean grade, which is the bar that decides whether this card can appear for you at all. Confirm the programme code and the current cluster cut-off on the KUCCPS portal for the cycle you are applying in, because placement is competitive and cut-offs move every year. This is a public university, so there is no per-programme price to show: Kenya retired the Differentiated Unit Cost in May 2023 for the Student-Centred Funding Model, under which the university does not publish a single figure for a course - what you pay is set by the band a HELB means test places you in. /help/ explains the five bands and what each leaves the household to find."
c844,Bachelor of Dental Surgery (BDS),Moi University,moi,Uasin Gishu,public,degree,carer,C+,no,60,,unpublished,"Moi University is a public university at Kesses in Uasin Gishu County, teaching through fourteen schools including Medicine, Dentistry, Engineering, Law, Business and Economics, Information Sciences, Nursing and Midwifery, Public Health, Agriculture and Natural Resources, Education, Arts and Social Sciences, Sciences and Aerospace Studies, and Tourism, Hospitality and Events Management. Programme named in Moi University's own published A-Z bachelors listing. Entry is recorded at the national CUE and KUCCPS degree minimum of a C+ mean grade, which is the bar that decides whether this card can appear for you at all. The published subject requirement is a B plain in Biology, Chemistry, Mathematics and English or Kiswahili, and dentistry places are among the most competitive in the country. Confirm the programme code and the current cluster cut-off on the KUCCPS portal for the cycle you are applying in, because placement is competitive and cut-offs move every year. This is a public university, so there is no per-programme price to show: Kenya retired the Differentiated Unit Cost in May 2023 for the Student-Centred Funding Model, under which the university does not publish a single figure for a course - what you pay is set by the band a HELB means test places you in. /help/ explains the five bands and what each leaves the household to find."
c853,Bachelor of Education (Arts),Moi University,moi,Uasin Gishu,public,degree,people,C+,no,48,,unpublished,"Moi University is a public university at Kesses in Uasin Gishu County, teaching through fourteen schools including Medicine, Dentistry, Engineering, Law, Business and Economics, Information Sciences, Nursing and Midwifery, Public Health, Agriculture and Natural Resources, Education, Arts and Social Sciences, Sciences and Aerospace Studies, and Tourism, Hospitality and Events Management. Programme named in Moi University's own published A-Z bachelors listing. Entry is recorded at the national CUE and KUCCPS degree minimum of a C+ mean grade, which is the bar that decides whether this card can appear for you at all. Confirm the programme code and the current cluster cut-off on the KUCCPS portal for the cycle you are applying in, because placement is competitive and cut-offs move every year. This is a public university, so there is no per-programme price to show: Kenya retired the Differentiated Unit Cost in May 2023 for the Student-Centred Funding Model, under which the university does not publish a single figure for a course - what you pay is set by the band a HELB means test places you in. /help/ explains the five bands and what each leaves the household to find."
c854,Bachelor of Education (Science),Moi University,moi,Uasin Gishu,public,degree,people,C+,no,48,,unpublished,"Moi University is a public university at Kesses in Uasin Gishu County, teaching through fourteen schools including Medicine, Dentistry, Engineering, Law, Business and Economics, Information Sciences, Nursing and Midwifery, Public Health, Agriculture and Natural Resources, Education, Arts and Social Sciences, Sciences and Aerospace Studies, and Tourism, Hospitality and Events Management. Programme named in Moi University's own published A-Z bachelors listing. Entry is recorded at the national CUE and KUCCPS degree minimum of a C+ mean grade, which is the bar that decides whether this card can appear for you at all. Confirm the programme code and the current cluster cut-off on the KUCCPS portal for the cycle you are applying in, because placement is competitive and cut-offs move every year. This is a public university, so there is no per-programme price to show: Kenya retired the Differentiated Unit Cost in May 2023 for the Student-Centred Funding Model, under which the university does not publish a single figure for a course - what you pay is set by the band a HELB means test places you in. /help/ explains the five bands and what each leaves the household to find."
c855,Bachelor of Education (Special Needs Education),Moi University,moi,Uasin Gishu,public,degree,people,C+,no,48,,unpublished,"Moi University is a public university at Kesses in Uasin Gishu County, teaching through fourteen schools including Medicine, Dentistry, Engineering, Law, Business and Economics, Information Sciences, Nursing and Midwifery, Public Health, Agriculture and Natural Resources, Education, Arts and Social Sciences, Sciences and Aerospace Studies, and Tourism, Hospitality and Events Management. Programme named in Moi University's own published A-Z bachelors listing. Entry is recorded at the national CUE and KUCCPS degree minimum of a C+ mean grade, which is the bar that decides whether this card can appear for you at all. Confirm the programme code and the current cluster cut-off on the KUCCPS portal for the cycle you are applying in, because placement is competitive and cut-offs move every year. This is a public university, so there is no per-programme price to show: Kenya retired the Differentiated Unit Cost in May 2023 for the Student-Centred Funding Model, under which the university does not publish a single figure for a course - what you pay is set by the band a HELB means test places you in. /help/ explains the five bands and what each leaves the household to find."
c850,Bachelor of Laws (LLB),Moi University,moi,Uasin Gishu,public,degree,people,C+,no,48,,unpublished,"Moi University is a public university at Kesses in Uasin Gishu County, teaching through fourteen schools including Medicine, Dentistry, Engineering, Law, Business and Economics, Information Sciences, Nursing and Midwifery, Public Health, Agriculture and Natural Resources, Education, Arts and Social Sciences, Sciences and Aerospace Studies, and Tourism, Hospitality and Events Management. Programme named in Moi University's own published A-Z bachelors listing. Entry is recorded at the national CUE and KUCCPS degree minimum of a C+ mean grade, which is the bar that decides whether this card can appear for you at all. The Council of Legal Education requires a B plain in English or Kiswahili on top of the mean grade, so the C+ alone does not open this programme. Confirm the programme code and the current cluster cut-off on the KUCCPS portal for the cycle you are applying in, because placement is competitive and cut-offs move every year. This is a public university, so there is no per-programme price to show: Kenya retired the Differentiated Unit Cost in May 2023 for the Student-Centred Funding Model, under which the university does not publish a single figure for a course - what you pay is set by the band a HELB means test places you in. /help/ explains the five bands and what each leaves the household to find."
c828,Bachelor of Science in Actuarial Science,Moi University,moi,Uasin Gishu,public,degree,numbers,C+,no,48,,unpublished,"Moi University is a public university at Kesses in Uasin Gishu County, teaching through fourteen schools including Medicine, Dentistry, Engineering, Law, Business and Economics, Information Sciences, Nursing and Midwifery, Public Health, Agriculture and Natural Resources, Education, Arts and Social Sciences, Sciences and Aerospace Studies, and Tourism, Hospitality and Events Management. Programme named in Moi University's own published A-Z bachelors listing. Entry is recorded at the national CUE and KUCCPS degree minimum of a C+ mean grade, which is the bar that decides whether this card can appear for you at all. Confirm the programme code and the current cluster cut-off on the KUCCPS portal for the cycle you are applying in, because placement is competitive and cut-offs move every year. This is a public university, so there is no per-programme price to show: Kenya retired the Differentiated Unit Cost in May 2023 for the Student-Centred Funding Model, under which the university does not publish a single figure for a course - what you pay is set by the band a HELB means test places you in. /help/ explains the five bands and what each leaves the household to find."
c829,Bachelor of Science in Agribusiness Management,Moi University,moi,Uasin Gishu,public,degree,business,C+,no,48,,unpublished,"Moi University is a public university at Kesses in Uasin Gishu County, teaching through fourteen schools including Medicine, Dentistry, Engineering, Law, Business and Economics, Information Sciences, Nursing and Midwifery, Public Health, Agriculture and Natural Resources, Education, Arts and Social Sciences, Sciences and Aerospace Studies, and Tourism, Hospitality and Events Management. Programme named in Moi University's own published A-Z bachelors listing. Entry is recorded at the national CUE and KUCCPS degree minimum of a C+ mean grade, which is the bar that decides whether this card can appear for you at all. Confirm the programme code and the current cluster cut-off on the KUCCPS portal for the cycle you are applying in, because placement is competitive and cut-offs move every year. This is a public university, so there is no per-programme price to show: Kenya retired the Differentiated Unit Cost in May 2023 for the Student-Centred Funding Model, under which the university does not publish a single figure for a course - what you pay is set by the band a HELB means test places you in. /help/ explains the five bands and what each leaves the household to find."
c831,Bachelor of Science in Agricultural Biotechnology,Moi University,moi,Uasin Gishu,public,degree,maker,C+,no,48,,unpublished,"Moi University is a public university at Kesses in Uasin Gishu County, teaching through fourteen schools including Medicine, Dentistry, Engineering, Law, Business and Economics, Information Sciences, Nursing and Midwifery, Public Health, Agriculture and Natural Resources, Education, Arts and Social Sciences, Sciences and Aerospace Studies, and Tourism, Hospitality and Events Management. Programme named in Moi University's own published A-Z bachelors listing. Entry is recorded at the national CUE and KUCCPS degree minimum of a C+ mean grade, which is the bar that decides whether this card can appear for you at all. Confirm the programme code and the current cluster cut-off on the KUCCPS portal for the cycle you are applying in, because placement is competitive and cut-offs move every year. This is a public university, so there is no per-programme price to show: Kenya retired the Differentiated Unit Cost in May 2023 for the Student-Centred Funding Model, under which the university does not publish a single figure for a course - what you pay is set by the band a HELB means test places you in. /help/ explains the five bands and what each leaves the household to find."
c830,Bachelor of Science in Agricultural Economics and Resource Management,Moi University,moi,Uasin Gishu,public,degree,business,C+,no,48,,unpublished,"Moi University is a public university at Kesses in Uasin Gishu County, teaching through fourteen schools including Medicine, Dentistry, Engineering, Law, Business and Economics, Information Sciences, Nursing and Midwifery, Public Health, Agriculture and Natural Resources, Education, Arts and Social Sciences, Sciences and Aerospace Studies, and Tourism, Hospitality and Events Management. Programme named in Moi University's own published A-Z bachelors listing. Entry is recorded at the national CUE and KUCCPS degree minimum of a C+ mean grade, which is the bar that decides whether this card can appear for you at all. Confirm the programme code and the current cluster cut-off on the KUCCPS portal for the cycle you are applying in, because placement is competitive and cut-offs move every year. This is a public university, so there is no per-programme price to show: Kenya retired the Differentiated Unit Cost in May 2023 for the Student-Centred Funding Model, under which the university does not publish a single figure for a course - what you pay is set by the band a HELB means test places you in. /help/ explains the five bands and what each leaves the household to find."
c832,Bachelor of Science in Agricultural Extension and Education,Moi University,moi,Uasin Gishu,public,degree,maker,C+,no,48,,unpublished,"Moi University is a public university at Kesses in Uasin Gishu County, teaching through fourteen schools including Medicine, Dentistry, Engineering, Law, Business and Economics, Information Sciences, Nursing and Midwifery, Public Health, Agriculture and Natural Resources, Education, Arts and Social Sciences, Sciences and Aerospace Studies, and Tourism, Hospitality and Events Management. Programme named in Moi University's own published A-Z bachelors listing. Entry is recorded at the national CUE and KUCCPS degree minimum of a C+ mean grade, which is the bar that decides whether this card can appear for you at all. Confirm the programme code and the current cluster cut-off on the KUCCPS portal for the cycle you are applying in, because placement is competitive and cut-offs move every year. This is a public university, so there is no per-programme price to show: Kenya retired the Differentiated Unit Cost in May 2023 for the Student-Centred Funding Model, under which the university does not publish a single figure for a course - what you pay is set by the band a HELB means test places you in. /help/ explains the five bands and what each leaves the household to find."
c833,Bachelor of Science in Animal Science and Management,Moi University,moi,Uasin Gishu,public,degree,maker,C+,no,48,,unpublished,"Moi University is a public university at Kesses in Uasin Gishu County, teaching through fourteen schools including Medicine, Dentistry, Engineering, Law, Business and Economics, Information Sciences, Nursing and Midwifery, Public Health, Agriculture and Natural Resources, Education, Arts and Social Sciences, Sciences and Aerospace Studies, and Tourism, Hospitality and Events Management. Programme named in Moi University's own published A-Z bachelors listing. Entry is recorded at the national CUE and KUCCPS degree minimum of a C+ mean grade, which is the bar that decides whether this card can appear for you at all. Confirm the programme code and the current cluster cut-off on the KUCCPS portal for the cycle you are applying in, because placement is competitive and cut-offs move every year. This is a public university, so there is no per-programme price to show: Kenya retired the Differentiated Unit Cost in May 2023 for the Student-Centred Funding Model, under which the university does not publish a single figure for a course - what you pay is set by the band a HELB means test places you in. /help/ explains the five bands and what each leaves the household to find."
c848,Bachelor of Science in Applied Statistics with Computing,Moi University,moi,Uasin Gishu,public,degree,numbers,C+,no,48,,unpublished,"Moi University is a public university at Kesses in Uasin Gishu County, teaching through fourteen schools including Medicine, Dentistry, Engineering, Law, Business and Economics, Information Sciences, Nursing and Midwifery, Public Health, Agriculture and Natural Resources, Education, Arts and Social Sciences, Sciences and Aerospace Studies, and Tourism, Hospitality and Events Management. Programme named in Moi University's own published A-Z bachelors listing. Entry is recorded at the national CUE and KUCCPS degree minimum of a C+ mean grade, which is the bar that decides whether this card can appear for you at all. Confirm the programme code and the current cluster cut-off on the KUCCPS portal for the cycle you are applying in, because placement is competitive and cut-offs move every year. This is a public university, so there is no per-programme price to show: Kenya retired the Differentiated Unit Cost in May 2023 for the Student-Centred Funding Model, under which the university does not publish a single figure for a course - what you pay is set by the band a HELB means test places you in. /help/ explains the five bands and what each leaves the household to find."
c847,Bachelor of Science in Biochemistry,Moi University,moi,Uasin Gishu,public,degree,carer,C+,no,48,,unpublished,"Moi University is a public university at Kesses in Uasin Gishu County, teaching through fourteen schools including Medicine, Dentistry, Engineering, Law, Business and Economics, Information Sciences, Nursing and Midwifery, Public Health, Agriculture and Natural Resources, Education, Arts and Social Sciences, Sciences and Aerospace Studies, and Tourism, Hospitality and Events Management. Programme named in Moi University's own published A-Z bachelors listing. Entry is recorded at the national CUE and KUCCPS degree minimum of a C+ mean grade, which is the bar that decides whether this card can appear for you at all. Confirm the programme code and the current cluster cut-off on the KUCCPS portal for the cycle you are applying in, because placement is competitive and cut-offs move every year. This is a public university, so there is no per-programme price to show: Kenya retired the Differentiated Unit Cost in May 2023 for the Student-Centred Funding Model, under which the university does not publish a single figure for a course - what you pay is set by the band a HELB means test places you in. /help/ explains the five bands and what each leaves the household to find."
c836,Bachelor of Science in Chemical and Process Engineering,Moi University,moi,Uasin Gishu,public,degree,tech,C+,no,60,,unpublished,"Moi University is a public university at Kesses in Uasin Gishu County, teaching through fourteen schools including Medicine, Dentistry, Engineering, Law, Business and Economics, Information Sciences, Nursing and Midwifery, Public Health, Agriculture and Natural Resources, Education, Arts and Social Sciences, Sciences and Aerospace Studies, and Tourism, Hospitality and Events Management. Programme named in Moi University's own published A-Z bachelors listing. Entry is recorded at the national CUE and KUCCPS degree minimum of a C+ mean grade, which is the bar that decides whether this card can appear for you at all. The published subject requirement is a C+ in Mathematics, Physics, Chemistry and English or Kiswahili. Engineering cut-offs sit well above the mean-grade minimum and the programme is accredited by the Engineers Board of Kenya. Confirm the programme code and the current cluster cut-off on the KUCCPS portal for the cycle you are applying in, because placement is competitive and cut-offs move every year. This is a public university, so there is no per-programme price to show: Kenya retired the Differentiated Unit Cost in May 2023 for the Student-Centred Funding Model, under which the university does not publish a single figure for a course - what you pay is set by the band a HELB means test places you in. /help/ explains the five bands and what each leaves the household to find."
c837,Bachelor of Science in Civil and Structural Engineering,Moi University,moi,Uasin Gishu,public,degree,tech,C+,no,60,,unpublished,"Moi University is a public university at Kesses in Uasin Gishu County, teaching through fourteen schools including Medicine, Dentistry, Engineering, Law, Business and Economics, Information Sciences, Nursing and Midwifery, Public Health, Agriculture and Natural Resources, Education, Arts and Social Sciences, Sciences and Aerospace Studies, and Tourism, Hospitality and Events Management. Programme named in Moi University's own published A-Z bachelors listing. Entry is recorded at the national CUE and KUCCPS degree minimum of a C+ mean grade, which is the bar that decides whether this card can appear for you at all. The published subject requirement is a C+ in Mathematics, Physics, Chemistry and English or Kiswahili. Engineering cut-offs sit well above the mean-grade minimum and the programme is accredited by the Engineers Board of Kenya. Confirm the programme code and the current cluster cut-off on the KUCCPS portal for the cycle you are applying in, because placement is competitive and cut-offs move every year. This is a public university, so there is no per-programme price to show: Kenya retired the Differentiated Unit Cost in May 2023 for the Student-Centred Funding Model, under which the university does not publish a single figure for a course - what you pay is set by the band a HELB means test places you in. /help/ explains the five bands and what each leaves the household to find."
c834,Bachelor of Science in Computer Science,Moi University,moi,Uasin Gishu,public,degree,tech,C+,no,48,,unpublished,"Moi University is a public university at Kesses in Uasin Gishu County, teaching through fourteen schools including Medicine, Dentistry, Engineering, Law, Business and Economics, Information Sciences, Nursing and Midwifery, Public Health, Agriculture and Natural Resources, Education, Arts and Social Sciences, Sciences and Aerospace Studies, and Tourism, Hospitality and Events Management. Programme named in Moi University's own published A-Z bachelors listing. Entry is recorded at the national CUE and KUCCPS degree minimum of a C+ mean grade, which is the bar that decides whether this card can appear for you at all. Confirm the programme code and the current cluster cut-off on the KUCCPS portal for the cycle you are applying in, because placement is competitive and cut-offs move every year. This is a public university, so there is no per-programme price to show: Kenya retired the Differentiated Unit Cost in May 2023 for the Student-Centred Funding Model, under which the university does not publish a single figure for a course - what you pay is set by the band a HELB means test places you in. /help/ explains the five bands and what each leaves the household to find."
c849,Bachelor of Science in Economics,Moi University,moi,Uasin Gishu,public,degree,numbers,C+,no,48,,unpublished,"Moi University is a public university at Kesses in Uasin Gishu County, teaching through fourteen schools including Medicine, Dentistry, Engineering, Law, Business and Economics, Information Sciences, Nursing and Midwifery, Public Health, Agriculture and Natural Resources, Education, Arts and Social Sciences, Sciences and Aerospace Studies, and Tourism, Hospitality and Events Management. Programme named in Moi University's own published A-Z bachelors listing. Entry is recorded at the national CUE and KUCCPS degree minimum of a C+ mean grade, which is the bar that decides whether this card can appear for you at all. Confirm the programme code and the current cluster cut-off on the KUCCPS portal for the cycle you are applying in, because placement is competitive and cut-offs move every year. This is a public university, so there is no per-programme price to show: Kenya retired the Differentiated Unit Cost in May 2023 for the Student-Centred Funding Model, under which the university does not publish a single figure for a course - what you pay is set by the band a HELB means test places you in. /help/ explains the five bands and what each leaves the household to find."
c851,Bachelor of Science in Information Sciences,Moi University,moi,Uasin Gishu,public,degree,tech,C+,no,48,,unpublished,"Moi University is a public university at Kesses in Uasin Gishu County, teaching through fourteen schools including Medicine, Dentistry, Engineering, Law, Business and Economics, Information Sciences, Nursing and Midwifery, Public Health, Agriculture and Natural Resources, Education, Arts and Social Sciences, Sciences and Aerospace Studies, and Tourism, Hospitality and Events Management. Programme named in Moi University's own published A-Z bachelors listing. Entry is recorded at the national CUE and KUCCPS degree minimum of a C+ mean grade, which is the bar that decides whether this card can appear for you at all. Confirm the programme code and the current cluster cut-off on the KUCCPS portal for the cycle you are applying in, because placement is competitive and cut-offs move every year. This is a public university, so there is no per-programme price to show: Kenya retired the Differentiated Unit Cost in May 2023 for the Student-Centred Funding Model, under which the university does not publish a single figure for a course - what you pay is set by the band a HELB means test places you in. /help/ explains the five bands and what each leaves the household to find."
c845,Bachelor of Science in Nursing,Moi University,moi,Uasin Gishu,public,degree,carer,C+,no,48,,unpublished,"Moi University is a public university at Kesses in Uasin Gishu County, teaching through fourteen schools including Medicine, Dentistry, Engineering, Law, Business and Economics, Information Sciences, Nursing and Midwifery, Public Health, Agriculture and Natural Resources, Education, Arts and Social Sciences, Sciences and Aerospace Studies, and Tourism, Hospitality and Events Management. Programme named in Moi University's own published A-Z bachelors listing. Entry is recorded at the national CUE and KUCCPS degree minimum of a C+ mean grade, which is the bar that decides whether this card can appear for you at all. The published subject requirement is a C+ in Biology, Chemistry, Mathematics or Physics and English or Kiswahili, and nursing places are heavily oversubscribed. Confirm the programme code and the current cluster cut-off on the KUCCPS portal for the cycle you are applying in, because placement is competitive and cut-offs move every year. This is a public university, so there is no per-programme price to show: Kenya retired the Differentiated Unit Cost in May 2023 for the Student-Centred Funding Model, under which the university does not publish a single figure for a course - what you pay is set by the band a HELB means test places you in. /help/ explains the five bands and what each leaves the household to find."
c846,Bachelor of Science in Public Health,Moi University,moi,Uasin Gishu,public,degree,carer,C+,no,48,,unpublished,"Moi University is a public university at Kesses in Uasin Gishu County, teaching through fourteen schools including Medicine, Dentistry, Engineering, Law, Business and Economics, Information Sciences, Nursing and Midwifery, Public Health, Agriculture and Natural Resources, Education, Arts and Social Sciences, Sciences and Aerospace Studies, and Tourism, Hospitality and Events Management. Programme named in Moi University's own published A-Z bachelors listing. Entry is recorded at the national CUE and KUCCPS degree minimum of a C+ mean grade, which is the bar that decides whether this card can appear for you at all. The published subject requirement is a C+ in Biology, Chemistry and Mathematics or Physics. Confirm the programme code and the current cluster cut-off on the KUCCPS portal for the cycle you are applying in, because placement is competitive and cut-offs move every year. This is a public university, so there is no per-programme price to show: Kenya retired the Differentiated Unit Cost in May 2023 for the Student-Centred Funding Model, under which the university does not publish a single figure for a course - what you pay is set by the band a HELB means test places you in. /help/ explains the five bands and what each leaves the household to find."
c852,Bachelor of Science in Tourism Management,Moi University,moi,Uasin Gishu,public,degree,business,C+,no,48,,unpublished,"Moi University is a public university at Kesses in Uasin Gishu County, teaching through fourteen schools including Medicine, Dentistry, Engineering, Law, Business and Economics, Information Sciences, Nursing and Midwifery, Public Health, Agriculture and Natural Resources, Education, Arts and Social Sciences, Sciences and Aerospace Studies, and Tourism, Hospitality and Events Management. Programme named in Moi University's own published A-Z bachelors listing. Entry is recorded at the national CUE and KUCCPS degree minimum of a C+ mean grade, which is the bar that decides whether this card can appear for you at all. Confirm the programme code and the current cluster cut-off on the KUCCPS portal for the cycle you are applying in, because placement is competitive and cut-offs move every year. This is a public university, so there is no per-programme price to show: Kenya retired the Differentiated Unit Cost in May 2023 for the Student-Centred Funding Model, under which the university does not publish a single figure for a course - what you pay is set by the band a HELB means test places you in. /help/ explains the five bands and what each leaves the household to find."
c035,Certificate in Fashion Design and Garment Making,Rift Valley Technical Training Institute,rvti,Uasin Gishu,public,certificate,maker,D,no,12,67189,derived,"Fee derived from the government's consolidated annual public-TVET fee of Ksh 67,189 (inclusive of assessment fees, effective May 2026, as announced by government and reported by Eastleigh Voice/sector coverage, August 2026), scaled to course duration. Institutes bill per term/year and per-course amounts can differ - confirm with the registrar."
c041,Certificate in Solar PV Installation,Rift Valley Technical Training Institute,rvti,Uasin Gishu,public,certificate,maker,D,no,6,33595,illustrative,"This sub-year course sits under the government's consolidated annual public-TVET fee of Ksh 67,189 (effective May 2026); the figure shown pro-rates that rate across six months, but short courses are often billed per term rather than pro-rated, so it remains an estimate - confirm with the registrar. This record previously carried an uncited figure with no basis at all."
c708,Artisan in General Fitting,Ebukanga Technical and Vocational College,ebukanga_tvc,Vihiga,public,artisan,maker,,yes,,,unpublished,"Programme named in Ebukanga Technical and Vocational College's published artisan list as Artisan in General Fitting (KNEC), offered for a maximum of 20 trainees. The college is publicly managed under the Ministry of Education and TVETA-accredited at Diploma, Craft and Artisan levels. DURATION IS NOT PUBLISHED and is shown as absent rather than guessed. KNEC publishes no single artisan duration - one year for some awards, two years with industrial attachment for others - and the nearest published figure, one year for the Artisan Certificate in Fitting and Turning, is a DIFFERENT named award. Course identity here is (name, institution), so that figure is not transferred. Entry: the college states its artisan tier takes a KCSE mean grade of D- or below, and the KNEC artisan minimum is a KCPE certificate or equivalent - an alternative to a mean grade rather than an addition to it, so a learner holding an E clears the published bar and the tier is recorded as open entry. Fee could not be verified: the public-TVET rate of Ksh 67,189 is annual and cannot be scaled without a duration, so no figure is shown rather than a derived one resting on a guess. Ask the registrar for the length and the current fee."
c707,Artisan in Welding and Fabrication,Ebukanga Technical and Vocational College,ebukanga_tvc,Vihiga,public,artisan,maker,,yes,24,134378,derived,"Programme named in Ebukanga Technical and Vocational College's published artisan list (the college is publicly managed under the Ministry of Education and TVETA-accredited at Diploma, Craft and Artisan levels). DURATION comes from the KNEC AWARD rather than from the college: the Artisan Certificate in Welding and Fabrication (KNEC) is published as two years, four semesters, including industrial attachment. That is a qualification-level fact about the named award, not a national average applied to an institution - KNEC publishes no single artisan duration, so a figure was taken only where the specific award states one. ENTRY: the award's published minimum is ""a KCPE certificate, or equivalent qualification approved by KNEC"", and the college's artisan tier is described as taking a KCSE mean grade of D- or below. A KCPE certificate is an ALTERNATIVE to the KCSE grade rather than an addition to it - KCPE is not marked in letter grades - so a learner holding an E clears the published bar and the tier is recorded as open entry. Fee derived from the government's consolidated annual public-TVET fee of Ksh 67,189 (effective May 2026), scaled to the twenty-four-month duration. Confirm with the registrar; the college's own schedule was not reachable from this build."
c129,Certificate in Community Health Assistant,Kenya Medical Training College (KMTC) — Vihiga Campus,kmtc_vihiga,Vihiga,public,certificate,carer,C-,no,24,160200,derived,"KMTC publishes one national fee structure across all campuses, so this figure does not depend on which campus you attend: Ksh 82,200 in Year 1 and Ksh 78,000 in each subsequent year for regular Kenyan students, 2025/26 structure (kmtc.ac.ke, cross-reported by Tuko, EduGuide and Education News Hub, August 2026). Totals here are that schedule multiplied out by course length. Tuition only — accommodation, meals and skills-lab charges are extra and vary by campus. A non-refundable Ksh 1,500 application fee applies. Confirm with the campus before paying. Entry was previously recorded here as a D+ mean grade. That was wrong, and the error is worth naming: D+ is the BIOLOGY SUBJECT requirement for this award, not the mean grade, and it had been written into the mean-grade field. KMTC publishes a minimum KCSE mean grade of C- for every certificate programme, with the cluster-subject requirement on top - for this course a D+ in Biology or Biological Sciences and a D in one of Mathematics, Chemistry, Physics or Physical Sciences. So the C- is needed overall AND the subject grades on top. The duration and the fee moved with it: the certificate runs two years rather than one, so the national schedule multiplies out to Ksh 160,200 instead of Ksh 82,200."
c128,Diploma in Kenya Registered Community Health Nursing (KRCHN),Kenya Medical Training College (KMTC) — Vihiga Campus,kmtc_vihiga,Vihiga,public,diploma,carer,C+,no,36,238200,derived,"KMTC publishes one national fee structure across all campuses, so this figure does not depend on which campus you attend: Ksh 82,200 in Year 1 and Ksh 78,000 in each subsequent year for regular Kenyan students, 2025/26 structure (kmtc.ac.ke, cross-reported by Tuko, EduGuide and Education News Hub, August 2026). Totals here are that schedule multiplied out by course length. Tuition only — accommodation, meals and skills-lab charges are extra and vary by campus. A non-refundable Ksh 1,500 application fee applies. Confirm with the campus before paying."
c697,Certificate in Animal Health and Range Management,Animal Health and Industry Training Institute (AHITI) — Wajir,ahiti_wajir,Wajir,public,certificate,maker,C-,no,24,,unpublished,"Entry requirement is a KCSE mean grade of C-, per the Kenya Veterinary Board's published minimum entry requirements for animal health courses and the AHITI course listing naming Wajir as one of five campuses. The institute publishes no fee for this course in any source reachable from this build: the intake advertisement states that fees vary per programme and directs applicants to the admissions office, so a per-course total could not be verified. No figure is shown rather than an invented one; ask the principal for the current rate and what it excludes. This is the only institution Njia lists in Wajir outside the KMTC campus, and its lowest bar is a C-, so it does not open the county to a learner with a D or an E."
c698,Diploma in Animal Health and Range Management,Animal Health and Industry Training Institute (AHITI) — Wajir,ahiti_wajir,Wajir,public,diploma,maker,C,no,36,,unpublished,"Entry requirement is a KCSE mean grade of C, per the Kenya Veterinary Board's published minimum entry requirements for animal health courses and the AHITI course listing naming Wajir as one of five campuses. The institute publishes no fee for this course in any source reachable from this build: the intake advertisement states that fees vary per programme and directs applicants to the admissions office, so a per-course total could not be verified. No figure is shown rather than an invented one; ask the principal for the current rate and what it excludes. This is the only institution Njia lists in Wajir outside the KMTC campus, and its lowest bar is a C-, so it does not open the county to a learner with a D or an E."
c093,Certificate in Community Health Assistant,Kenya Medical Training College (KMTC) — Wajir Campus,kmtc_wajir,Wajir,public,certificate,carer,C-,no,24,160200,derived,"KMTC publishes one national fee structure across all campuses, so this figure does not depend on which campus you attend: Ksh 82,200 in Year 1 and Ksh 78,000 in each subsequent year for regular Kenyan students, 2025/26 structure (kmtc.ac.ke, cross-reported by Tuko, EduGuide and Education News Hub, August 2026). Totals here are that schedule multiplied out by course length. Tuition only — accommodation, meals and skills-lab charges are extra and vary by campus. A non-refundable Ksh 1,500 application fee applies. Confirm with the campus before paying. Entry was previously recorded here as a D+ mean grade. That was wrong, and the error is worth naming: D+ is the BIOLOGY SUBJECT requirement for this award, not the mean grade, and it had been written into the mean-grade field. KMTC publishes a minimum KCSE mean grade of C- for every certificate programme, with the cluster-subject requirement on top - for this course a D+ in Biology or Biological Sciences and a D in one of Mathematics, Chemistry, Physics or Physical Sciences. So the C- is needed overall AND the subject grades on top. The duration and the fee moved with it: the certificate runs two years rather than one, so the national schedule multiplies out to Ksh 160,200 instead of Ksh 82,200."
c092,Diploma in Kenya Registered Community Health Nursing (KRCHN),Kenya Medical Training College (KMTC) — Wajir Campus,kmtc_wajir,Wajir,public,diploma,carer,C+,no,36,238200,derived,"KMTC publishes one national fee structure across all campuses, so this figure does not depend on which campus you attend: Ksh 82,200 in Year 1 and Ksh 78,000 in each subsequent year for regular Kenyan students, 2025/26 structure (kmtc.ac.ke, cross-reported by Tuko, EduGuide and Education News Hub, August 2026). Totals here are that schedule multiplied out by course length. Tuition only — accommodation, meals and skills-lab charges are extra and vary by campus. A non-refundable Ksh 1,500 application fee applies. Confirm with the campus before paying."
c411,Certificate in Environment and Disaster Management,"Livestock Training Institute, Wajir (Griftu)",lti_wajir,Wajir,public,certificate,people,D,no,12,,unpublished,"The Livestock Training Institute at Griftu is a government institute in Wajir West, upgraded from the Griftu Pastoral Training Centre — running since 1968 — by executive order in September 2016. It trains middle-level professionals for the livestock economy and has taken tens of thousands of pastoralists through short courses. It does not publish a fee schedule in any source reachable here, so no figure is shown rather than a guessed one. Ask the institute directly, and ask about county and donor-sponsored places, which are common in this sector."
c409,Certificate in Leather Technology,"Livestock Training Institute, Wajir (Griftu)",lti_wajir,Wajir,public,certificate,creator,D,no,12,,unpublished,"The Livestock Training Institute at Griftu is a government institute in Wajir West, upgraded from the Griftu Pastoral Training Centre — running since 1968 — by executive order in September 2016. It trains middle-level professionals for the livestock economy and has taken tens of thousands of pastoralists through short courses. It does not publish a fee schedule in any source reachable here, so no figure is shown rather than a guessed one. Ask the institute directly, and ask about county and donor-sponsored places, which are common in this sector."
c410,Certificate in Livestock Products Value Addition,"Livestock Training Institute, Wajir (Griftu)",lti_wajir,Wajir,public,certificate,maker,D,no,12,,unpublished,"The Livestock Training Institute at Griftu is a government institute in Wajir West, upgraded from the Griftu Pastoral Training Centre — running since 1968 — by executive order in September 2016. It trains middle-level professionals for the livestock economy and has taken tens of thousands of pastoralists through short courses. It does not publish a fee schedule in any source reachable here, so no figure is shown rather than a guessed one. Ask the institute directly, and ask about county and donor-sponsored places, which are common in this sector."
c407,Diploma in Animal Health,"Livestock Training Institute, Wajir (Griftu)",lti_wajir,Wajir,public,diploma,maker,C-,no,24,,unpublished,"The Livestock Training Institute at Griftu is a government institute in Wajir West, upgraded from the Griftu Pastoral Training Centre — running since 1968 — by executive order in September 2016. It trains middle-level professionals for the livestock economy and has taken tens of thousands of pastoralists through short courses. It does not publish a fee schedule in any source reachable here, so no figure is shown rather than a guessed one. Ask the institute directly, and ask about county and donor-sponsored places, which are common in this sector."
c408,Diploma in Range Management,"Livestock Training Institute, Wajir (Griftu)",lti_wajir,Wajir,public,diploma,maker,C-,no,24,,unpublished,"The Livestock Training Institute at Griftu is a government institute in Wajir West, upgraded from the Griftu Pastoral Training Centre — running since 1968 — by executive order in September 2016. It trains middle-level professionals for the livestock economy and has taken tens of thousands of pastoralists through short courses. It does not publish a fee schedule in any source reachable here, so no figure is shown rather than a guessed one. Ask the institute directly, and ask about county and donor-sponsored places, which are common in this sector."
c089,Certificate in Community Health Assistant,Kenya Medical Training College (KMTC) — Kapenguria Campus,kmtc_west_pokot,West Pokot,public,certificate,carer,C-,no,24,160200,derived,"KMTC publishes one national fee structure across all campuses, so this figure does not depend on which campus you attend: Ksh 82,200 in Year 1 and Ksh 78,000 in each subsequent year for regular Kenyan students, 2025/26 structure (kmtc.ac.ke, cross-reported by Tuko, EduGuide and Education News Hub, August 2026). Totals here are that schedule multiplied out by course length. Tuition only — accommodation, meals and skills-lab charges are extra and vary by campus. A non-refundable Ksh 1,500 application fee applies. Confirm with the campus before paying. Entry was previously recorded here as a D+ mean grade. That was wrong, and the error is worth naming: D+ is the BIOLOGY SUBJECT requirement for this award, not the mean grade, and it had been written into the mean-grade field. KMTC publishes a minimum KCSE mean grade of C- for every certificate programme, with the cluster-subject requirement on top - for this course a D+ in Biology or Biological Sciences and a D in one of Mathematics, Chemistry, Physics or Physical Sciences. So the C- is needed overall AND the subject grades on top. The duration and the fee moved with it: the certificate runs two years rather than one, so the national schedule multiplies out to Ksh 160,200 instead of Ksh 82,200."
c888,Certificate in Nutrition and Dietetics,Kenya Medical Training College (KMTC) — Kapenguria Campus,kmtc_west_pokot,West Pokot,public,certificate,carer,C-,no,24,160200,illustrative,"KMTC Kapenguria Campus serves West Pokot County. KMTC runs more than 126 programmes nationally but not every campus runs every one, so a national list is not evidence that a course is taught at this campus. This programme is named on a campus-specific listing that separates what Kapenguria teaches now from four courses it plans to add - a source that distinguishes current from planned is the kind worth trusting, and the planned ones are deliberately not recorded here. KMTC publishes a minimum KCSE mean grade of C- for every certificate programme, with the cluster-subject requirement on top, so the C- is needed overall AND the subject grades. Certificate courses run two years, except nursing which runs two and a half. KMTC publishes one national fee structure across all campuses: Ksh 82,200 in Year 1 and Ksh 78,000 in each subsequent year for regular Kenyan students, 2025/26 structure. Total here is that schedule multiplied out by course length. Tuition only - accommodation, meals and skills-lab charges are extra and vary by campus. A non-refundable Ksh 1,500 application fee applies. Confirm with the campus before paying."
c889,Diploma in Clinical Medicine and Surgery,Kenya Medical Training College (KMTC) — Kapenguria Campus,kmtc_west_pokot,West Pokot,public,diploma,carer,C,no,36,238200,illustrative,"KMTC Kapenguria Campus serves West Pokot County. KMTC runs more than 126 programmes nationally but not every campus runs every one, so a national list is not evidence that a course is taught at this campus. This programme is named on a campus-specific listing that separates what Kapenguria teaches now from four courses it plans to add - a source that distinguishes current from planned is the kind worth trusting, and the planned ones are deliberately not recorded here. KMTC publishes a minimum KCSE mean grade of C plain for its diploma programmes, with cluster subjects in English or Kiswahili, Biology or Biological Sciences, and Mathematics, Chemistry or Physics. Diploma courses run three years, except Community Health Nursing which runs three and a half. KMTC publishes one national fee structure across all campuses: Ksh 82,200 in Year 1 and Ksh 78,000 in each subsequent year for regular Kenyan students, 2025/26 structure. Total here is that schedule multiplied out by course length. Tuition only - accommodation, meals and skills-lab charges are extra and vary by campus. A non-refundable Ksh 1,500 application fee applies. Confirm with the campus before paying."
c088,Diploma in Kenya Registered Community Health Nursing (KRCHN),Kenya Medical Training College (KMTC) — Kapenguria Campus,kmtc_west_pokot,West Pokot,public,diploma,carer,C+,no,36,238200,derived,"KMTC publishes one national fee structure across all campuses, so this figure does not depend on which campus you attend: Ksh 82,200 in Year 1 and Ksh 78,000 in each subsequent year for regular Kenyan students, 2025/26 structure (kmtc.ac.ke, cross-reported by Tuko, EduGuide and Education News Hub, August 2026). Totals here are that schedule multiplied out by course length. Tuition only — accommodation, meals and skills-lab charges are extra and vary by campus. A non-refundable Ksh 1,500 application fee applies. Confirm with the campus before paying."
c447,Artisan Certificate in Information and Communication Technology,Kitelakapel Technical Training Institute,kitelakapel_tti,West Pokot,public,artisan,tech,E,no,12,67189,derived,"Fee derived from the government's consolidated annual public-TVET fee of Ksh 67,189 (inclusive of assessment fees, effective May 2026, as announced by government and reported by Eastleigh Voice/sector coverage, August 2026), scaled to course duration. Institutes bill per term/year and per-course amounts can differ - confirm with the registrar. Kitelakapel Technical Training Institute is a public institute in Kapenguria, West Pokot, listed by KUCCPS as institution 4255, running diploma, craft and artisan courses across engineering, ICT, fashion, food technology and agriculture (kitelakapeltti.ac.ke and Kenyan education-sector coverage, cross-checked August 2026). The published minimum for artisan courses is E. Only the course named in a reachable source is listed here; the institute runs more across those departments, so ask what is on offer."
